tree
version=v4
num_class=1
num_tree_per_iteration=1
label_index=0
max_feature_idx=3
objective=lambdarank
feature_names=als_score content_sim popularity genre_match
feature_infos=[-0.85277748107910156:1.9431190490722656] [0.1036867052316665:1] [0:1] [0:1]
tree_sizes=3483 3483 3485 3489 3493 3493 3501 3496 3486 3497 3506 3485 3514 3505 3507 3504 3506 3499 3505 3507 3516 3504 3508 3507 3506 3514 3527 3510 3527 3522 3515 3497 3523 3509 3506 3501 3515 3520 3514 3521 3515 3530 3528 3544 3544 3516 3531 3512 3517 3500 3519 3533 3545 3523 3510 3528 3522 3528 3549 3537 3527 3529 3538 3539 3526 3525 3554 3534 3533 3535 3529 3540 3540 3527 3530 3544 3534 3522 3529 3524 3523 3546 3530 3528 3507 3531 3523 3531 3530 3536 3539 3523 3517 3524 3528 3514 3530 3525 3520 3525

Tree=0
num_leaves=31
num_cat=0
split_feature=0 0 0 1 1 2 1 0 2 0 1 0 1 1 2 0 1 2 1 2 2 2 2 0 2 1 0 2 1 0
split_gain=3096.35 217.905 207.71 173.267 76.6986 28.7831 27.3055 23.0417 22.1233 25.8887 15.71 12.5863 11.6552 10.9224 10.7061 10.793 10.3614 8.34954 10.7376 8.28829 7.86579 7.33193 6.87258 6.28628 5.49968 4.91793 4.60099 4.47025 4.36457 6.07536
threshold=0.071581516414880711 0.19076523184776303 0.0052666356787085507 0.64682722091674816 0.67731565237045299 0.26595744680851069 0.69849663972854625 0.31918770074844366 0.092705167173252265 0.028211694210767704 0.60847061872482311 0.11401043087244031 0.75170427560806286 0.659365475177765 0.25987841945288753 0.028211694210767704 0.61065688729286205 0.025835866261398156 0.59174183011055004 0.14741641337386016 0.074468085106382961 0.25075987841945291 0.43313069908814589 0.053727235645055757 0.028875379939209703 0.57760277390480053 1.0000000180025095e-35 0.10486322188449847 0.69095414876937877 1.0000000180025095e-35
decision_type=2 2 2 2 2 2 2 2 2 2 2 2 2 2 2 2 2 2 2 2 2 2 2 2 2 2 2 2 2 2
left_child=2 4 12 8 5 10 14 13 9 -4 11 24 28 19 15 27 -7 -11 -19 -3 -13 -8 -18 -10 -2 -21 -14 -5 -1 -30
right_child=1 7 3 6 -6 16 21 -9 23 17 -12 20 26 -15 -16 -17 22 18 -20 25 -22 -23 -24 -25 -26 -27 -28 -29 29 -31
leaf_value=-0.097751382735638381 0.045080060319241638 0.083653597392339824 -0.068485648441387159 -0.011973256467744978 0.076561799892203131 -0.048384219755183699 0.053144320307530891 0.096303245603535995 -0.086758634168068532 0.012668322077610828 0.042219416891210219 0.065872607753983597 -0.085035936272751952 0.087477928689681461 -0.081603000263477762 0.019652607811505244 0.01950768652790066 -0.05863628542800009 0.0002535141530293548 0.023535224251309307 0.010506996305995303 -0.074020673134811657 -0.052588181640219535 -0.056457620052501281 -0.024389243632728527 0.057995928949424916 0.081622804077205263 -0.060074274595834157 -0.08962820446437432 -0.015367018127113406
leaf_weight=393.23144708520704 3.191766966716389 24.726087365583226 76.738500413121074 17.322194583815875 64.862802658175497 21.417670241557062 34.525437220698223 376.68813592565493 95.069616618769942 13.199523041039354 60.466719645908597 9.7999254793321615 0.61255115206586097 67.1576085046363 4.3952785415458484 29.810809409755166 14.183318353207143 18.953327614597583 13.083892524315159 14.314060835662529 18.573191220406443 1.1719822813756753 4.3099839510687152 20.875108067448309 26.528738834920659 37.414936797089467 1.2784588362555949 6.6978234535708898 9.9737101664941274 3.8048239814670515
leaf_count=51642 355 2231 8964 1750 3059 1691 1744 35178 8150 1536 4773 773 98 3023 375 2328 900 2524 1540 1069 1918 66 287 1989 2786 2205 28 540 1902 316
internal_value=4.23933e-11 0.0720737 -0.0723549 -0.0429644 0.030762 0.012016 0.0145384 0.0898064 -0.0656648 -0.0507997 0.0243794 0.00581069 -0.0962068 0.0727654 -0.00657055 -0.000444166 -0.0247112 -0.0207977 -0.0345859 0.059842 0.02963 0.0489694 0.00270528 -0.0813031 -0.0169287 0.0484602 0.0276374 -0.0253859 -0.0967822 -0.0691216
internal_weight=1484.38 743.635 740.744 331.843 223.334 158.471 93.9235 520.301 237.92 121.975 118.56 58.0936 408.901 143.613 58.2261 53.8308 39.911 45.2367 32.0372 76.4551 28.3731 35.6974 18.4933 115.945 29.7205 51.729 1.89101 24.02 407.01 13.7785
internal_count=145740 60248 85492 31506 16542 13483 6803 43706 24703 14564 10605 5832 53986 8528 4993 4618 2878 5600 4064 5505 2691 1810 1187 10139 3141 3274 126 2290 53860 2218
is_linear=0
shrinkage=0.05


Tree=1
num_leaves=31
num_cat=0
split_feature=0 1 0 1 0 0 2 0 1 0 1 1 1 0 3 0 0 1 2 2 1 3 1 2 1 0 2 0 1 1
split_gain=3544.51 501.416 396.04 202.879 71.2771 70.6601 55.6501 47.7519 47.082 32.1116 31.9041 25.2485 23.892 23.7624 17.5078 17.4391 15.5633 15.2491 15.5803 12.6371 11.2831 9.29965 8.67481 8.40124 8.19254 8.11026 12.1221 7.94433 8.65478 7.28933
threshold=0.15662564337253568 0.6795758605003358 0.47604154050350189 0.65337824821472179 0.020618690177798254 1.0000000180025095e-35 0.074468085106382961 0.59754621982574474 0.73398017883300792 0.40115310251712805 0.70378968119621288 0.59763583540916454 0.61422178149223339 0.27195551991462713 1.0000000180025095e-35 0.20994840562343597 0.028211694210767704 0.62850049138069164 0.17477203647416414 0.94832826747720389 0.625572830438614 1.0000000180025095e-35 0.70196545124053966 0.037993920972644361 0.67623907327651989 0.33925685286521917 0.17477203647416414 0.0011707201483659002 0.60701999068260204 0.61207166314125072
decision_type=2 2 2 2 2 2 2 2 2 2 2 2 2 2 2 2 2 2 2 2 2 2 2 2 2 2 2 2 2 2
left_child=1 4 3 6 27 -3 15 14 16 12 13 -6 21 24 -4 -2 23 18 -16 -12 -20 -8 -18 -7 -5 -23 29 -1 -29 -27
right_child=2 5 7 10 11 8 9 -9 -10 -11 19 -13 -14 -15 17 -17 22 -19 20 -21 -22 25 -24 -25 -26 26 -28 28 -30 -31
leaf_value=-0.091413071796843492 -0.026037946787727285 -0.086780743408518407 -0.10039132428609586 -0.0045597844948058732 -0.073499388747002931 -0.0025307689546788148 -0.098673054409599115 0.091933001701202846 0.050919533759508251 0.023430425626584234 0.073217748540219882 -0.046607822534157774 0.0077887607047372161 0.051880379937996129 0.091870859542436109 0.083984451149341 -0.0067859185610630651 0.074435166383206144 0.042190092714511553 -0.017031070042532289 -0.038841468512042399 -0.030834513159655366 0.02230631903574817 -0.051991840722699384 0.031858653156563325 0.045891867703630886 -0.017476828565921414 -0.085863010396109302 -0.063059370522657462 -0.09814777949955017
leaf_weight=444.11686398879101 4.1647183860040995 18.822283459012397 1.6216354146599758 26.960405333018571 169.5056222190542 15.175180273450676 3.8610063715605056 417.57061595830601 61.548997331497958 100.43384728884848 163.03764201403101 179.94916036612995 115.42738605150953 183.00884588956251 15.740009562512567 26.639532498607878 50.00022289622575 140.92615992362335 60.685631241241936 3.9733983054757109 4.6232496105658347 83.281519517746347 52.559382649975305 19.770345222117612 36.146585698836134 12.175144527835069 60.967860494332854 151.05534763848118 57.427903413990862 0.94663371611386615
leaf_count=45987 550 3078 7 1090 15273 770 94 23452 1143 1440 2605 12907 3049 2701 831 1774 1719 2460 930 14 36 3995 1424 837 1056 286 530 10702 4996 4
internal_value=2.24402e-10 -0.0629279 0.0525018 0.0295062 -0.0778751 0.00581725 0.00449253 0.081948 0.0145732 -0.000785941 0.0542032 -0.0596518 -0.00957704 0.0427572 0.0633009 0.0691095 -0.00169588 0.0644967 0.047216 0.0710706 0.0364538 -0.0220094 0.00812317 -0.0305132 0.0163001 -0.0201285 -0.00809418 -0.0876333 -0.0795816 0.0355005
internal_weight=2682.12 1219.93 1462.19 821.025 1002.05 217.876 407.898 641.167 199.054 377.093 413.127 349.455 276.66 246.116 223.597 30.8043 137.505 221.975 81.0489 167.011 65.3089 161.232 102.56 34.9455 63.107 157.371 74.0896 652.6 208.483 13.1218
internal_count=145740 98836 46904 19188 89865 8971 11722 27716 5893 9398 7466 28180 7958 4847 4264 2324 4750 4257 1797 2619 966 4909 3143 1607 2146 4815 820 61685 15698 290
is_linear=0
shrinkage=0.05


Tree=2
num_leaves=31
num_cat=0
split_feature=0 1 0 1 0 0 1 0 1 1 1 1 0 1 1 0 2 0 1 2 0 3 2 2 0 2 2 2 0 2
split_gain=3871.13 454.7 222.938 105.954 78.0788 59.2188 38.5172 36.3111 29.6938 22.7364 15.2868 8.84108 8.3293 9.56087 6.9426 6.84006 6.80574 6.5976 5.91198 5.45409 4.41564 4.36876 3.98398 3.92527 3.7791 3.72258 3.69608 3.57384 4.79179 3.80809
threshold=0.16151878982782361 0.68819844722747814 0.32948349416255951 0.659365475177765 0.020618690177798254 1.0000000180025095e-35 0.61778405308723461 0.50552836060523998 0.73398017883300792 0.65506327152252208 0.71691232919693004 0.58002883195877086 0.0011707201483659002 0.63903754949569713 0.77665513753891002 0.053727235645055757 0.15349544072948326 0.023359591141343106 0.54162797331810009 0.034954407294832811 0.71332663297653209 1.0000000180025095e-35 0.42705167173252284 0.083586626139817613 0.24703235924243924 0.37234042553191499 0.095744680851063815 0.42705167173252284 0.076357886195182759 0.12917933130699086
decision_type=2 2 2 2 2 2 2 2 2 2 2 2 2 2 2 2 2 2 2 2 2 2 2 2 2 2 2 2 2 2
left_child=1 4 3 11 12 -3 18 9 17 -4 23 -2 -1 -14 27 16 -8 19 -6 -7 -9 -13 -17 -5 -23 -20 -15 28 29 -10
right_child=2 5 7 10 6 8 15 20 14 -11 -12 21 13 26 -16 22 -18 -19 25 -21 -22 24 -24 -25 -26 -27 -28 -29 -30 -31
leaf_value=-0.085666960013655535 -0.043238662171067144 -0.079996988206708031 0.031280647382804866 -0.021713979463241072 -0.077718469688806302 0.0031728961849496855 -0.037128523730786157 0.07767484688859462 0.034990073438746709 0.06903689276233875 0.066045437128529491 -0.093228909420479331 -0.078481154010264176 -0.039052475960174277 0.072154804468301928 -0.023461181292992354 -0.074405669330274107 0.0099975648084021408 -0.057730069135957608 -0.047289798551568972 0.085541189842673199 -0.015831045698557266 -0.066348821278502793 0.03700283865465246 0.0084873794899173582 -0.081035302670553977 -0.074545199283495359 -0.038287245296506935 0.057473721766322164 -0.0085839802385880692
leaf_weight=495.76416388334474 24.951391252834583 15.809761598124167 57.290280358531163 2.9445210435369509 83.06721872073831 10.960254185658416 42.816626778541831 311.46948805707507 26.00795278485748 131.1586370809091 72.350961187476059 1.4905181531794358 185.63949829043122 24.081556590390392 18.134750900615472 87.126758095502737 17.14796119692619 74.579923045399482 123.67133403428306 10.469127324846339 417.55709830648266 42.529290057747858 5.7737646934110662 85.35276195188635 25.587042779530748 19.890561372158118 10.547808661474845 1.5547191500663746 20.582084771682275 6.211627687996951
leaf_count=46872 2643 2226 4732 553 6942 494 3185 6929 437 3263 1077 51 13403 1933 233 5919 953 2607 11204 533 19721 2956 244 2383 2063 1008 684 18 376 98
internal_value=-5.56042e-10 -0.0601306 0.0656251 0.0242896 -0.0723547 0.0125288 -0.0540194 0.0771231 0.0212102 0.0575586 0.0490065 -0.0177027 -0.0820724 -0.073982 0.0453657 -0.034624 -0.0477886 0.0029717 -0.0671019 -0.0214802 0.0821804 -0.00854909 -0.0261266 0.0350448 -0.00669614 -0.060959 -0.0498633 0.0364282 0.0386281 0.0265894
internal_weight=2452.52 1279.84 1172.68 255.206 1095.53 184.31 379.494 917.476 168.5 188.449 160.648 94.5582 716.033 220.269 72.4911 152.865 59.9646 96.0093 226.629 21.4294 729.027 69.6069 92.9005 88.2973 68.1163 143.562 34.6294 54.3564 52.8017 32.2196
internal_count=145740 99369 46371 11726 92347 7022 29455 34645 4796 7995 4013 7713 62892 16020 1162 10301 4138 3634 19154 1027 26650 5070 6163 2936 5019 12212 2617 929 911 535
is_linear=0
shrinkage=0.05


Tree=3
num_leaves=31
num_cat=0
split_feature=0 1 0 1 0 0 0 1 1 1 1 0 1 1 0 0 1 0 2 1 1 2 2 3 0 2 2 1 0 1
split_gain=3343.95 390.714 180.658 80.3086 74.869 53.2425 35.4657 34.5914 23.9517 20.7454 13.3802 7.50844 9.52859 6.30393 5.79591 5.77114 5.62716 5.52786 5.4942 4.6807 4.49195 4.15837 3.93275 3.65571 3.55031 3.46432 3.20434 3.17295 3.06425 3.00982
threshold=0.16151878982782361 0.68819844722747814 0.32948349416255951 0.67623907327651989 0.020618690177798254 1.0000000180025095e-35 0.59754621982574474 0.61778405308723461 0.73398017883300792 0.63370069861412059 0.60985666513443004 0.0011707201483659002 0.64604210853576671 0.72279411554336559 0.053727235645055757 0.028211694210767704 0.54162797331810009 0.27195551991462713 0.15349544072948326 0.77665513753891002 0.68434953689575206 0.8905775075987844 0.037993920972644361 1.0000000180025095e-35 0.412782832980156 0.37234042553191499 0.089665653495440714 0.65506327152252208 0.076357886195182759 0.5679178535938264
decision_type=2 2 2 2 2 2 2 2 2 2 2 2 2 2 2 2 2 2 2 2 2 2 2 2 2 2 2 2 2 2
left_child=1 4 3 10 11 -3 9 16 15 24 29 -1 -13 21 18 22 -6 -12 -9 28 -11 -5 -7 -16 -4 -18 -14 -25 -10 -2
right_child=2 5 6 13 7 8 -8 14 19 20 17 12 26 -15 23 -17 25 -19 -20 -21 -22 -23 -24 27 -26 -27 -28 -29 -30 -31
leaf_value=-0.081001541511036779 -0.048355891896870756 -0.075138751718608371 0.01142365331976102 0.040951802526924208 -0.072913445492570228 0.0019474948169502728 0.07962512294766394 -0.033748024040062455 0.024354455892682404 0.05539822372968603 -0.004156144034818959 -0.073937914704665722 -0.03215878068745702 0.062173699196829746 -0.087914000905487344 0.011902546143229309 -0.053077557492928543 0.028056381627462469 -0.068291043840490173 0.064182416399429315 0.070381324281339863 -0.083744263366413732 -0.038875261134546382 -0.029467633582733722 0.038974475809835062 -0.076159728875241806 -0.068174424889365606 -0.010169962710482807 0.049581923657666692 -0.020281611382822813
leaf_weight=483.36466731749533 16.303443556003913 15.744799067382699 18.633419010715443 63.465963493697927 78.975661200624018 12.876515629352072 623.47842687079537 41.920766893206746 27.795173326216172 82.014922244299669 47.051779735804303 185.02370591349609 20.214564043213617 60.118580914786435 2.1125380874145767 67.343027866547345 120.18195918738638 18.576410365334596 15.868782535748322 19.610786549863406 128.24067844542151 0.67570412904024024 10.888657427567521 50.636899819874088 31.395218899655447 18.798283523559803 8.892701467353616 36.766925681949942 21.23143961711321 23.036628347152146
leaf_count=46872 2139 2226 2009 2080 6942 571 23452 3185 540 3362 3156 13891 1538 909 97 2474 11204 1267 953 233 2640 6 589 3698 3182 1008 591 2368 389 2169
internal_value=7.71032e-10 -0.0565319 0.0628941 0.0233405 -0.0679451 0.0125852 0.0731534 -0.0496062 0.0212314 0.0576512 -0.00885939 -0.0775487 -0.0697545 0.0505411 -0.0308897 0.00442695 -0.0622558 0.00496178 -0.0432334 0.0435375 0.0645368 0.0396382 -0.0167566 -0.0229208 0.028713 -0.0561996 -0.0431621 -0.02135 0.0352795 -0.0319162
internal_weight=2351.24 1238.25 1112.99 229.229 1062.76 175.49 883.763 365.262 159.746 260.284 104.968 697.496 214.131 124.26 147.306 91.1082 217.956 65.6282 57.7895 68.6374 210.256 64.1417 23.7652 89.5164 50.0286 138.98 29.1073 87.4038 49.0266 39.3401
internal_count=145740 99369 46371 11726 92347 7022 34645 29455 4796 11193 8731 62892 16020 2995 10301 3634 19154 4423 4138 1162 6002 2086 1160 6163 5191 12212 2129 6066 929 4308
is_linear=0
shrinkage=0.05


Tree=4
num_leaves=31
num_cat=0
split_feature=0 1 0 0 1 0 0 1 1 1 1 0 1 2 0 1 1 0 1 2 0 3 2 0 1 2 0 2 2 2
split_gain=2919.62 329.319 165.089 66.3552 66.0669 45.7765 32.9089 29.4388 20.3011 17.214 11.4337 8.70126 8.56085 7.83102 6.04298 5.58823 5.2865 5.25809 4.73143 4.42668 4.58869 4.26235 4.22693 3.78774 3.76537 3.61657 3.28567 3.65525 3.20239 2.9459
threshold=0.15662564337253568 0.68819844722747814 0.31918770074844366 0.024313308298587754 0.67623907327651989 1.0000000180025095e-35 0.62835711240768444 0.61778405308723461 0.71982061862945568 0.63300243020057689 0.56972649693489086 0.0015143654309213003 0.59763583540916454 0.20820668693009117 0.050246279686689356 0.7260102927684785 0.77665513753891002 0.50552836060523998 0.68434953689575206 0.42705167173252284 0.071581516414880711 1.0000000180025095e-35 0.21428571428571427 0.49178516864776611 0.54162797331810009 0.18693009118541035 0.24703235924243924 0.6656534954407296 0.37234042553191499 0.21732522796352585
decision_type=2 2 2 2 2 2 2 2 2 2 2 2 2 2 2 2 2 2 2 2 2 2 2 2 2 2 2 2 2 2
left_child=1 3 4 11 10 -3 9 24 14 17 -2 -1 -13 -12 29 -6 -10 -4 23 20 22 -15 -9 -11 -5 -14 27 -23 -26 -7
right_child=2 5 6 7 15 8 -8 19 16 18 13 12 25 21 -16 -17 -18 -19 -20 -21 -22 26 -24 -25 28 -27 -28 -29 -30 -31
leaf_value=-0.077143985732659764 -0.047705583035891695 -0.071195042879670767 0.018371792207339616 -0.068047203167555415 0.036042994131960056 -0.013399749854864362 0.075987465149279745 -0.029660084306078912 0.028635327091866204 0.043028944787874251 -0.025837019924967293 -0.072519694779057273 -0.048237914117725128 -0.08503552765156723 0.012682159128524354 0.058054126188713376 0.0581853068330484 0.048865571437452626 0.066841608295651778 -0.06926048556769647 -0.016000849151340389 0.0040661205500627145 -0.064509920107136631 0.064165200179494647 -0.050149646032938248 -0.079332806458930871 0.024023637033287318 -0.063076816050706017 -0.073756402337322738 -0.07890619765256264
leaf_weight=473.15458548160677 16.359482055151602 15.430595011101103 33.966729169071186 67.648125278086809 64.576519441106939 29.708235327270817 575.90668851985538 57.159204491181299 64.804611385057797 49.206410053229774 24.448304956677021 145.71557118670898 71.205973128671758 1.2118548030266527 36.593273571474128 52.100059225966106 19.747536410985049 24.214448718936183 148.81475942558609 6.1977623462735201 60.539328465885774 32.379484784949454 10.263172224498701 37.236870033550076 105.92520582950237 10.764653404301496 23.744537654143642 2.1623819071974131 16.620310878788587 1.8215177883394051
leaf_count=47367 2269 2226 3894 6270 2145 1372 22386 4278 1637 2435 3712 10730 6071 47 1402 808 230 1976 2978 309 4332 1574 613 1509 10291 690 1097 74 939 79
internal_value=2.52907e-10 -0.0539892 0.0593055 -0.0646255 0.0202905 0.0108765 0.0690434 -0.0459271 0.0191713 0.0554149 -0.00946571 -0.0732793 -0.065248 -0.00201353 -0.00114103 0.0458717 0.0355369 0.031063 0.0614373 -0.0279918 -0.025993 0.00777573 -0.034965 0.0521337 -0.0585784 -0.0523214 0.0097054 -0.000137146 -0.0533513 -0.0171841
internal_weight=2279.63 1193.3 1086.33 1025.19 216.983 168.106 869.346 324.353 152.675 293.439 100.306 700.841 227.686 83.9466 68.123 116.677 84.5521 58.1812 235.258 134.159 127.962 59.4983 67.4224 86.4433 190.194 81.9706 58.2864 34.5419 122.546 31.5298
internal_count=145740 98836 46904 91890 11726 6946 35178 27032 4720 12792 8773 64858 17491 6504 2853 2953 1867 5870 6922 9532 9223 2792 4891 3944 17500 6761 2745 1648 11230 1451
is_linear=0
shrinkage=0.05


Tree=5
num_leaves=31
num_cat=0
split_feature=0 1 0 0 1 0 0 1 1 1 1 0 1 0 1 2 0 2 1 2 2 3 1 1 0 0 2 1 1 2
split_gain=2595.96 289.492 142.619 57.3464 54.6041 51.2878 29.267 22.1625 17.8145 14.3341 9.95928 8.1671 7.78381 6.94981 4.36877 4.28865 3.88089 4.7247 3.58819 3.33139 3.23661 3.16149 3.11504 3.05161 2.96628 2.89697 2.85542 2.56579 2.5078 2.45458
threshold=0.16151878982782361 0.6795758605003358 0.32948349416255951 0.028211694210767704 0.67623907327651989 1.0000000180025095e-35 0.59754621982574474 0.73398017883300792 0.61778405308723461 0.63825732469558727 0.60919162631034862 0.0011707201483659002 0.59763583540916454 0.023359591141343106 0.71691232919693004 0.20820668693009117 0.10423839092254637 0.21428571428571427 0.68434953689575206 0.034954407294832811 0.18693009118541035 1.0000000180025095e-35 0.77665513753891002 0.70196545124053966 0.71332663297653209 0.25457008183002477 0.37234042553191499 0.59622156620025646 0.58002883195877086 0.083586626139817613
decision_type=2 2 2 2 2 2 2 2 2 2 2 2 2 2 2 2 2 2 2 2 2 2 2 2 2 2 2 2 2 2
left_child=1 3 4 11 10 -3 9 13 21 -4 -2 -1 -13 19 29 -12 17 -10 -11 -7 -14 -5 -9 -15 27 -17 28 -8 -23 -6
right_child=2 5 6 8 14 7 24 22 16 18 15 12 20 23 -16 25 -18 -19 -20 -21 -22 26 -24 -25 -26 -27 -28 -29 -30 -31
leaf_value=-0.074092419179815711 -0.028136367103893001 -0.069218203684256102 0.02720584996588591 -0.077669162581707835 -0.031993324850694643 -0.004625765360357503 0.044056052746151493 0.029677204110666568 -0.02733672784939872 0.048004017850720102 -0.017081840383378531 -0.069317238790073593 -0.046804338971416434 -0.0031503969585978254 0.053287885646973523 0.0020182457413560444 -0.013212128287494067 -0.055938025143257422 0.06239689572659906 -0.040596100224259773 -0.074537266355172285 -0.05453610117845431 0.053550252055721753 0.016271903821490932 0.073760058277581239 0.027669328761823975 -0.069204379683394587 0.067488070865651714 -0.040740423372089621 0.035277722303574406
leaf_weight=445.89121615950717 36.045443466238794 20.856803436734481 48.084563973607146 12.649186856346203 1.3925471131369693 12.739897942810787 13.613556063617578 45.124796936230268 63.735423014033586 64.50312743356335 16.187876754032914 159.12696037074784 74.673135367527721 38.634254917196813 58.958854771830374 25.88794298034918 31.624707345450588 18.668538158526644 131.75476581059047 13.010531260457354 12.245851506479083 83.921369074385439 19.599166924774181 42.440420302998973 500.68283042106486 19.148838136883569 20.298730035530753 82.366251775645651 54.228043985065597 51.671607991040219
leaf_count=45987 4260 3078 5507 784 361 663 984 929 4957 3046 2539 12198 6563 1890 1077 1139 2401 1032 2640 741 806 8895 233 1531 19721 793 1274 2747 5407 1557
internal_value=3.04811e-10 -0.0512421 0.0570562 -0.0622814 0.0201224 0.00481696 0.0662476 0.0138181 -0.0434112 0.0516721 -0.0072851 -0.0700572 -0.0627445 -0.000170703 0.0439204 0.00499088 -0.028102 -0.0338163 0.0576665 -0.0228 -0.0507116 -0.0536141 0.0369062 0.00701666 0.0722165 0.0129246 -0.0516938 0.0641645 -0.0491209 0.0335123
internal_weight=2219.77 1169.47 1050.3 977.063 209.293 192.406 841.005 171.549 285.126 244.342 97.2701 691.937 246.046 106.825 112.023 61.2247 114.029 82.404 196.258 25.7504 86.919 171.097 64.724 81.0747 596.663 45.0368 158.448 95.9798 138.149 53.0642
internal_count=145740 99369 46371 90304 11726 9065 34645 5987 24750 11193 8731 65554 19567 4825 2995 4471 8390 5989 5686 1404 7369 16360 1162 3421 23452 1932 15576 3731 14302 1918
is_linear=0
shrinkage=0.05


Tree=6
num_leaves=31
num_cat=0
split_feature=0 1 0 1 0 0 1 1 0 0 0 1 1 0 0 2 1 2 2 2 1 0 1 2 1 1 3 0 2 2
split_gain=2338.69 250.593 135.937 65.2162 53.9305 44.1953 18.8971 14.1739 12.7647 11.5221 9.11719 8.07543 7.42966 6.63892 5.77533 5.49982 5.36838 4.36144 3.9427 3.3226 2.71643 2.66922 2.60559 2.38714 2.37268 2.28076 2.17328 2.14114 1.96994 1.95867
threshold=0.16151878982782361 0.6795758605003358 0.49178516864776611 0.65506327152252208 0.041282966732978758 0.00040202401578420002 0.73843848705291759 0.59622156620025646 0.29904635250568395 0.0033585673663764502 0.29002925753593445 0.59763583540916454 0.70994800329208385 0.069346737116575172 0.67874166369438182 0.25075987841945291 0.56972649693489086 0.18996960486322187 0.42705167173252284 0.14133738601823706 0.6896122694015504 0.014272179454565001 0.65586698055267345 0.14741641337386016 0.59909257292747509 0.67731565237045299 1.0000000180025095e-35 0.076357886195182759 0.94832826747720389 0.13221884498480244
decision_type=2 2 2 2 2 2 2 2 2 2 2 2 2 2 2 2 2 2 2 2 2 2 2 2 2 2 2 2 2 2
left_child=1 4 3 8 9 -3 13 -6 16 -1 12 23 25 15 -4 21 -2 -13 22 -18 -12 -7 -9 -11 -10 -5 -21 29 -22 -8
right_child=2 5 14 10 7 6 27 18 24 11 20 17 -14 -15 -16 -17 19 -19 -20 26 28 -23 -24 -25 -26 -27 -28 -29 -30 -31
leaf_value=-0.07107831302996219 -0.041632350043720262 -0.064563051815652847 0.059466761157426919 0.0047867682706884381 -0.052320110099707384 -0.023097092566801754 0.033026948716179359 -0.028727670713540022 0.00330450990516842 -0.061110238836273367 0.043140808966981532 -0.042738896910486143 0.046755367334870186 0.014517384995450511 0.070788603936519881 -0.073833300681692013 -0.036926635279397733 -0.070622381252938446 -0.06127323664311754 -0.078746515432106839 0.059138036415719034 -0.00015818549499987627 -0.011558976318728128 -0.074295017868526755 0.026343363206638794 0.027394083258471764 -0.00035109867529066322 0.047376180065125867 0.014713607441465774 -0.0017525654317169363
leaf_weight=461.8425035981345 14.185931692685697 21.275583336479031 144.17005520159728 16.25993156649929 94.982607085970812 17.723836180870421 24.68487591115991 83.528896289142722 16.571782296596211 118.98607591875771 45.488255991280312 87.764213875721907 54.400545631520799 47.928566179223708 514.98712505905132 3.2062540266779243 7.9377560074353815 16.691267430549487 7.6484579915413624 0.90176384383812447 94.046236643014709 44.578530223312555 30.048939874606731 48.251458877144614 34.317244337828015 35.543908644322073 44.99012724091881 24.239716080133803 2.5634752810001364 4.8422162925999137
leaf_count=48462 1985 3114 6396 1094 9905 925 437 7064 2478 10806 1860 7624 1070 1952 20787 152 1767 1118 423 48 1987 1952 2100 2802 2914 1296 2671 437 18 96
internal_value=1.90186e-10 -0.0493521 0.0547308 0.0303511 -0.0598033 0.00331175 0.0119484 -0.0378572 -9.85814e-05 -0.0662719 0.0449326 -0.0581017 0.0338502 0.000375965 0.0683123 -0.00997043 -0.014269 -0.0471945 -0.0265254 -0.00705785 0.0532156 -0.00668387 -0.0241854 -0.0649143 0.0188409 0.0202982 -0.00189155 0.0363638 0.0579593 0.0273234
internal_weight=2164.59 1138.22 1026.36 367.207 949.744 188.48 167.204 216.209 118.905 733.536 248.302 271.693 106.204 113.437 659.157 65.5086 68.0156 104.455 121.226 53.8296 142.098 62.3024 113.578 167.238 50.889 51.8038 45.8919 53.7668 96.6097 29.5271
internal_count=145740 99369 46371 19188 90304 9065 5951 19492 11863 70812 7325 22350 3460 4981 27183 3029 6471 8742 9587 4486 3865 2877 9164 13608 5392 2390 2719 970 2005 533
is_linear=0
shrinkage=0.05


Tree=7
num_leaves=31
num_cat=0
split_feature=0 1 0 1 0 0 1 1 0 0 0 1 0 0 1 0 2 1 1 2 2 1 0 2 2 2 1 1 2 1
split_gain=2114.68 221.777 129.626 56.8618 51.2254 38.3948 17.626 17.4934 10.5743 8.27156 7.0719 7.01823 5.82673 5.18087 5.38956 5.11066 4.93548 4.27532 3.91951 3.01664 2.83792 2.70414 2.6341 3.37635 2.53153 2.48052 2.37463 2.3517 2.20953 2.20046
threshold=0.16151878982782361 0.6795758605003358 0.47604154050350189 0.65506327152252208 0.020618690177798254 1.0000000180025095e-35 0.59763583540916454 0.71982061862945568 0.29904635250568395 0.27195551991462713 0.67874166369438182 0.71691232919693004 0.050246279686689356 0.0011707201483659002 0.60701999068260204 0.053727235645055757 0.16565349544072946 0.58002883195877086 0.75170427560806286 0.42705167173252284 0.19908814589665655 0.72279411554336559 0.10423839092254637 0.19908814589665655 0.20820668693009117 0.0075987841945288513 0.53319615125656139 0.59909257292747509 0.61550151975683909 0.70021736621856701
decision_type=2 2 2 2 2 2 2 2 2 2 2 2 2 2 2 2 2 2 2 2 2 2 2 2 2 2 2 2 2 2
left_child=1 4 3 8 13 -3 22 12 17 11 29 28 20 -1 -15 16 -8 -2 -9 -17 -7 -11 23 26 -19 -16 -6 -10 -5 -4
right_child=2 5 10 9 6 7 15 18 27 21 -12 -13 -14 14 25 19 -18 24 -20 -21 -22 -23 -24 -25 -26 -27 -28 -29 -30 -31
leaf_value=-0.069312995657058354 -0.035241569861116089 -0.063334969690514081 0.051821752310648089 0.019457494211097125 -0.060823396742243345 -0.015389722539489654 -0.032800268010328038 0.016875244870876188 0.00046362431967582904 0.044644539946426226 0.068451893936250507 0.045785963125930126 0.0067972030727339846 -0.064835966786723584 -0.010044569403675582 -0.02045469361195305 -0.063873733628439941 -0.024892181067936819 0.039092749593526044 -0.056064881684046775 -0.063743415551469729 0.059277071350027501 -0.038506782239768549 -0.06829727137928987 0.00049732316997499353 -0.049324837617667795 -0.044379606815060459 0.024648920308442693 -0.043228133457513543 0.064703052983914475
leaf_weight=415.88500055008626 17.374078637694765 19.862627378402976 100.14932924232562 48.482363163580885 36.669538807189383 36.813727350745467 50.478790864508483 43.38649399766291 14.622873871143382 94.935827236055047 507.73050213106035 39.804329979087925 45.248410625936231 130.28257961139025 4.3609479761798857 91.1784382285623 17.110298860643525 13.491478123825798 36.594054860936012 6.3622108377603572 3.3070494849234811 47.30773825023789 24.651494647885556 40.662286830694939 36.055686115039862 51.279301458678674 54.712870352057507 32.149842143786373 1.4477155945496623 49.560516761237523
leaf_count=45987 2353 3078 5862 2267 4042 1944 4239 1286 2343 3221 20787 748 1978 10702 442 7387 1166 2332 614 358 165 836 2857 2714 1786 4554 5856 2741 28 1067
internal_value=-4.79713e-11 -0.047587 0.052603 0.0278152 -0.0576003 0.00234827 -0.0414983 0.0102385 -0.0011518 0.0420121 0.065636 0.0301249 -0.00550308 -0.0662111 -0.0592727 -0.0300996 -0.0406666 -0.0138998 0.0270406 -0.0227774 -0.0193754 0.0495111 -0.0535104 -0.0563114 -0.00641613 -0.0462461 -0.0509781 0.0170877 0.0176399 0.056086
internal_weight=2111.96 1108.85 1003.11 345.672 923.634 185.212 321.826 165.35 113.694 231.978 657.44 89.7344 85.3692 601.808 185.923 165.13 67.5891 66.9212 79.9805 97.5406 40.1208 142.244 156.696 132.045 49.5472 55.6402 91.3824 46.7727 49.9301 149.71
internal_count=145740 99369 46371 18655 90304 9065 28619 5987 11555 7100 27716 3043 4087 61685 15698 13150 5405 6471 1900 7745 2109 4057 15469 12612 4118 4996 9898 5084 2295 6929
is_linear=0
shrinkage=0.05


Tree=8
num_leaves=31
num_cat=0
split_feature=0 1 0 0 1 0 1 1 0 0 0 1 1 0 0 2 1 2 1 1 2 2 0 1 0 2 1 2 2 2
split_gain=1926.52 205.272 117.691 49.8925 48.98 34.9989 14.8827 13.1334 10.1491 9.00472 7.66584 6.09446 5.93904 5.81753 5.70917 3.8237 3.76837 3.55366 2.94407 2.94357 2.74318 2.74246 2.85643 2.6469 2.31313 2.35023 2.22337 2.15166 2.04683 1.92718
threshold=0.16642885655164719 0.6795758605003358 0.49178516864776611 0.037301264703273759 0.65506327152252208 0.00040202401578420002 0.71982061862945568 0.61778405308723461 0.0033585673663764502 0.29904635250568395 0.29002925753593445 0.58397808670997631 0.70994800329208385 0.67874166369438182 0.076357886195182759 0.18085106382978725 0.76125675439834606 0.14133738601823706 0.6896122694015504 0.58002883195877086 0.23860182370820668 0.42705167173252284 0.10423839092254637 0.54162797331810009 0.063122712075710255 0.17781155015197567 0.59909257292747509 0.21428571428571427 0.36626139817629183 0.42705167173252284
decision_type=2 2 2 2 2 2 2 2 2 2 2 2 2 2 2 2 2 2 2 2 2 2 2 2 2 2 2 2 2 2
left_child=1 3 4 8 9 -3 14 23 -1 17 12 -10 -6 -4 20 -13 24 -2 -12 -19 -7 22 27 -5 25 -8 -11 -9 -25 -26
right_child=2 5 13 7 10 6 16 21 11 26 18 15 -14 -15 -16 -17 -18 19 -20 -21 -22 -23 -24 28 29 -27 -28 -29 -30 -31
leaf_value=-0.0670447211460624 -0.04177838593225032 -0.060501967542958557 0.054739622566682855 -0.056128970521082948 0.017027348152736065 -0.012055202034439716 0.010072768690348137 -0.021043918661768066 -0.061613384216972822 0.00025906656006349131 0.037708440958792798 -0.041533473367657468 0.04227003064671303 0.066447529254322998 0.01096080492165254 -0.066279262437756878 0.039447156076595741 -0.027744591438533618 0.053596992049458586 -0.00070439474463066584 -0.056874773189451215 -0.056291105917116391 -0.0072383539428626208 -0.03776425163128911 0.030408115561598066 -0.052403335590651294 0.023296364275210688 -0.043760794191893118 -0.058600641528661172 -0.034210393780357763
leaf_weight=429.26527065028495 8.8327198365659552 19.995430936251068 134.83270904215169 42.198564305450418 46.207016394269885 48.871975146248587 23.510827791265914 49.385524273529882 129.53238415397936 15.112885434798953 43.116155839888961 93.120180297395564 47.006202362361364 497.91488319876953 34.641853726381669 18.754711769695859 29.029107550682966 13.467313290857417 90.043520857347175 39.833374347428617 3.6703558132285243 5.4194828151230459 30.794720708494424 76.659592907592014 24.627446117883668 1.608269118645693 34.117057307739742 13.2122034606582 13.927655349456471 1.210562104359268
leaf_count=48462 2395 3114 6396 4775 2258 2504 688 3962 11040 2478 1860 8548 1013 20787 1471 1344 450 1370 2005 2362 171 288 2436 8201 727 46 2914 745 912 18
internal_value=2.24107e-10 -0.0456379 0.0512317 -0.0555229 0.027399 0.00201503 0.00949275 -0.0355148 -0.0624322 0.000251414 0.0407542 -0.0542303 0.0297569 0.0639527 -0.00479685 -0.0456819 0.0250683 -0.0124043 0.0484524 -0.00753655 -0.0151861 -0.0217121 -0.0197055 -0.0457859 0.016877 0.00607269 0.0162242 -0.0258387 -0.0409678 0.0273806
internal_weight=2059.92 1089.44 970.484 902.27 337.736 187.166 167.17 231.598 670.673 111.363 226.373 241.407 93.2132 632.748 87.1842 111.875 79.9862 62.1334 133.16 53.3007 52.5423 98.8119 93.3924 132.786 50.9571 25.1191 49.2299 62.5977 90.5872 25.838
internal_count=145740 99902 45838 90713 18655 9189 6075 21319 69394 11519 7136 20932 3271 27183 4146 9892 1929 6127 3865 3732 2675 7431 7143 13888 1479 734 5392 4707 9113 745
is_linear=0
shrinkage=0.05


Tree=9
num_leaves=31
num_cat=0
split_feature=0 1 0 0 1 0 1 1 0 1 0 0 0 0 1 0 2 1 1 2 0 2 1 2 2 1 0 2 2 0
split_gain=1759.92 183.927 115.732 48.1032 43.4872 31.2939 14.7073 13.329 9.24385 7.45034 6.31125 6.07255 5.20129 4.94034 4.81818 3.22267 3.31157 3.18863 3.16525 3.1463 2.83599 3.56051 2.59396 2.25808 2.21477 2.18099 2.15755 2.95766 2.0977 2.08586
threshold=0.16642885655164719 0.6795758605003358 0.50552836060523998 0.024313308298587754 0.65506327152252208 0.00040202401578420002 0.61778405308723461 0.71982061862945568 0.29904635250568395 0.70562490820884716 0.27195551991462713 0.0015143654309213003 0.050246279686689356 0.71332663297653209 0.59477972984313976 0.10423839092254637 0.21428571428571427 0.54162797331810009 0.76125675439834606 0.14133738601823706 0.21727476269006726 0.40729483282674767 0.58002883195877086 0.19908814589665655 0.18693009118541035 0.59909257292747509 0.034730579704046208 0.13221884498480244 0.94832826747720389 0.048641972243785851
decision_type=2 2 2 2 2 2 2 2 2 2 2 2 2 2 2 2 2 2 2 2 2 2 2 2 2 2 2 2 2 2
left_child=1 3 4 11 8 -3 17 12 19 10 -6 -1 23 -4 -13 16 -8 -5 26 -2 21 -11 -21 -7 -16 -10 27 -9 -22 -19
right_child=2 5 13 6 9 7 15 18 25 20 -12 14 -14 -15 24 -17 -18 29 -20 22 28 -23 -24 -25 -26 -27 -28 -29 -30 -31
leaf_value=-0.06578391982272068 -0.040612303551658673 -0.058867336241387028 0.054448278402960952 -0.056041220888616051 0.012505105646753925 -0.015399115661079038 -0.023888386648686741 0.0080679604109143432 0.00089411379858696629 0.040755461428622172 0.037887897237448898 -0.061117629215415997 0.0057976585070713335 0.065034100365151115 -0.041516752911190238 -0.010723929698864152 -0.048094484479194628 -0.050319180450983131 0.036564692201732626 -0.026851892576210651 0.052327823726674487 -0.011483518728900549 -0.0013495614175394136 -0.060647679988892825 -0.067906401817801637 0.023120407055417697 0.022711461362840593 -0.06029959975236085 -0.0041327998125809907 -0.036489683927328327
leaf_weight=389.46727040162659 8.4371764594034158 19.437982602161355 144.59894377994351 59.116814605520631 36.75658323645257 35.957293560146354 67.145807178720133 14.155424898781346 15.859100821267928 18.626465046865636 73.377602919717901 119.12744238006417 47.364870592529769 463.53256098623388 63.876128939707996 33.763604969244625 17.895067580975592 44.077151642530225 28.18709628272336 13.306637882051289 92.940167493157787 3.9543103410396716 39.778260442399187 2.9861958287656298 9.0809119947371055 36.301264122754219 34.115167862633825 1.780962310876929 1.6747397184371937 71.484604593402764
leaf_count=46473 2395 3114 6929 6418 1885 1918 5443 408 2602 434 2965 10406 2063 19721 6040 2584 1097 4071 450 1370 2036 43 2362 165 692 3081 1011 60 15 7489
internal_value=-2.02291e-10 -0.044313 0.0494428 -0.0538677 0.0261274 0.00112943 -0.0373653 0.00821687 0.000878192 0.0387539 0.0294166 -0.0621958 -0.00533217 0.062517 -0.0549205 -0.0237932 -0.0289821 -0.0465962 0.0231634 -0.01225 0.0475287 0.0316075 -0.00774216 -0.0188688 -0.0448015 0.0163626 0.0156163 0.000427581 0.0513284 -0.0417645
internal_weight=2008.16 1059.02 949.144 875.035 341.012 183.985 293.483 164.547 113.682 227.33 110.134 581.552 86.3084 608.132 192.084 118.804 85.0409 174.679 78.2387 61.5221 117.196 22.5808 53.0849 38.9435 72.957 52.1604 50.0516 15.9364 94.6149 115.562
internal_count=145740 99902 45838 90713 19188 9189 27102 6075 11810 7378 4850 63611 4146 26650 17138 9124 6540 17978 1929 6127 2528 477 3732 2083 6732 5683 1479 468 2051 11560
is_linear=0
shrinkage=0.05


Tree=10
num_leaves=31
num_cat=0
split_feature=0 1 0 0 0 1 1 1 0 1 0 1 0 1 3 0 2 1 3 2 2 0 2 0 0 0 2 2 2 2
split_gain=1621.24 205.862 68.1921 60.5769 34.2601 26.8687 13.4187 11.2905 9.74008 6.47195 5.78305 5.59277 5.20088 4.49479 3.54108 3.54188 3.38259 3.30032 3.19954 3.05301 3.02809 2.80608 3.27433 2.64033 2.60997 2.50717 2.44151 2.12161 2.03753 1.91549
threshold=0.21727476269006726 0.675187647342682 0.50552836060523998 0.041282966732978758 0.0047628292813897011 0.67205724120140087 0.71691232919693004 0.59622156620025646 0.0033585673663764502 0.61635777354240429 0.076357886195182759 0.59909257292747509 0.67874166369438182 0.77665513753891002 1.0000000180025095e-35 0.11069178953766821 0.23860182370820668 0.72279411554336559 1.0000000180025095e-35 0.18693009118541035 0.26595744680851069 0.076357886195182759 0.37841945288753803 0.29002925753593445 0.35948340594768524 0.10423839092254637 0.14741641337386016 0.30547112462006082 0.27811550151975689 0.028875379939209703
decision_type=2 2 2 2 2 2 2 2 2 2 2 2 2 2 2 2 2 2 2 2 2 2 2 2 2 2 2 2 2 2
left_child=1 3 5 8 13 9 10 25 -1 24 16 26 -4 29 -9 20 -6 27 -11 -13 -16 -8 -23 -20 -2 28 -10 -7 -5 -3
right_child=2 4 12 7 6 17 21 14 11 18 -12 19 -14 -15 15 -17 -18 -19 23 -21 -22 22 -24 -25 -26 -27 -28 -29 -30 -31
leaf_value=-0.064152703679014725 -0.014315777419387372 -0.035769568101933075 0.051560025090431442 -0.043757968907441207 -0.01113589808222968 0.028508780223847421 0.014033307120627747 -0.071694292128434298 -0.053321684728894272 -0.086574318147813592 0.0091385720728394907 -0.037746538069046806 0.063298425580624429 0.046738670078312346 -0.021804161726215975 -0.010234083006703174 -0.062145701543112136 0.052435674736300779 0.0061634920365578058 -0.063017602232856823 -0.047286146653239838 0.035945986777357601 -0.0033389176625251457 0.028058759860672907 0.011888033450817931 -0.032149093647137326 -0.067537818327428112 0.044161055181633546 -0.065027396458825507 -0.061302568963471485
leaf_weight=392.32689285006199 25.282375572583987 12.964597541489644 117.68547313087038 49.669046297240129 45.982546771498164 37.320540067888942 41.568787174270255 3.3241565963835447 106.37930327290087 0.68743606749921937 51.99637851123407 77.429766829969594 476.13999755511759 1.2446233239024866 63.934139128628885 59.133278673056338 3.4971656333364072 64.659865248948336 19.229474165542342 14.132903461082604 14.258559672700356 46.255060288778623 5.9911031126976004 48.486564142134739 15.225334163827936 36.361430804143311 42.176192916580476 51.55876065857592 14.5607116142055 16.947409269268974
leaf_count=47929 3263 1742 5863 6012 2458 2217 1078 194 10959 18 2280 7199 20787 35 5515 4760 197 1228 1489 1095 884 1189 75 3353 2286 4330 2837 1070 1099 2299
internal_value=9.62817e-11 -0.0401557 0.0515916 -0.0511671 0.00232868 0.0303672 0.0100968 -0.0298498 -0.0592984 0.011372 -0.0025052 -0.051367 0.0609721 -0.0463621 -0.0207022 -0.0194678 -0.0147412 0.0438412 0.0207516 -0.0416472 -0.0264508 0.0237279 0.0314412 0.0218411 -0.00446674 -0.0426404 -0.0573578 0.0375886 -0.0485797 -0.0502359
internal_weight=1956.41 1100.13 856.276 873.686 226.448 262.45 195.291 241.241 632.445 108.911 101.476 240.118 593.825 31.1566 140.65 137.326 49.4797 153.539 68.4035 91.5627 78.1927 93.815 52.2462 67.716 40.5077 100.591 148.555 88.8793 64.2298 29.912
internal_count=145740 104166 41574 92813 11353 14924 7277 22794 70019 10409 4935 22090 26650 4076 11353 11159 2655 4515 4860 8294 6399 2342 1264 4842 5549 11441 13796 3287 7111 4041
is_linear=0
shrinkage=0.05


Tree=11
num_leaves=31
num_cat=0
split_feature=0 1 0 0 0 1 1 1 0 1 1 0 0 1 3 0 2 1 2 2 0 2 0 0 2 2 0 0 1 2
split_gain=1495.91 183.394 67.7911 58.2681 29.9201 24.3527 12.181 10.5249 9.8564 6.07738 5.5731 5.44185 5.26845 4.89583 3.71098 3.76842 3.34647 3.13926 3.06437 2.98513 2.78497 2.78364 3.82252 2.8381 2.19328 2.14901 2.12115 1.88577 1.86179 1.76565
threshold=0.21727476269006726 0.675187647342682 0.50552836060523998 0.041282966732978758 0.0047628292813897011 0.67205724120140087 0.71691232919693004 0.58002883195877086 0.0015143654309213003 0.59909257292747509 0.59909257292747509 0.71332663297653209 0.076357886195182759 0.77665513753891002 1.0000000180025095e-35 0.10423839092254637 0.26595744680851069 0.7260102927684785 0.18693009118541035 0.23860182370820668 0.29904635250568395 0.37841945288753803 0.076357886195182759 0.12904489040374753 0.14741641337386016 0.18085106382978725 0.37083931267261511 0.10750106722116472 0.59692597389221203 0.67477203647416417
decision_type=2 2 2 2 2 2 2 2 2 2 2 2 2 2 2 2 2 2 2 2 2 2 2 2 2 2 2 2 2 2
left_child=1 3 5 8 13 10 12 27 -1 24 26 28 19 -3 -9 16 -16 25 -11 -6 -12 22 -8 -23 -10 -7 -2 -5 -4 -17
right_child=2 4 11 7 6 17 21 14 9 18 20 -13 -14 -15 15 29 -18 -19 -20 -21 -22 23 -24 -25 -26 -27 -28 -29 -30 -31
leaf_value=-0.063355098515811253 -0.019275488035556374 -0.049399862819683976 0.035404523296971108 -0.049724842864006046 -0.011868657480504304 0.01802715621295594 0.012789442374302669 -0.069704025308698792 -0.052923143166406943 -0.036797524159576704 0.003719441560756469 0.062251351908444733 0.0077570870834918334 0.047941902423712213 -0.022921680296513522 -0.010886322946529289 -0.048899916885974615 0.051047766583202661 -0.061919063826602054 -0.06118408824294113 0.023540898626855884 -0.070995370992046947 0.033916508364147849 0.0097218212102157271 -0.066222362790299819 0.03930673084509375 0.010598190641599585 -0.033116198617037733 0.053052618573059929 -0.065274013059918687
leaf_weight=355.04181691346457 17.780435250722807 28.746510790515462 17.063483668200206 50.466809543348063 45.584308437260916 13.989237457411944 40.387880843947642 3.9074652505805707 116.01736780178908 81.700362899064203 26.320636050026224 442.79426248298842 51.248420176736545 1.3524920062627632 69.883454295289994 71.232426777118235 15.070057115968664 56.468523847055621 14.257591512345241 3.2900513427157412 54.238375215325505 1.5191575854551036 45.562598915712442 3.8461838494986296 42.306279427270056 78.119917857635301 8.9244631531328178 25.84217758232262 120.32989737464231 1.524188667317502
leaf_count=45966 2595 4041 1819 5870 2458 1470 1064 244 12140 7786 2175 19721 2280 35 6289 6093 1019 1089 1149 197 4036 28 1189 61 2978 1956 1603 3205 5110 74
internal_value=1.11408e-10 -0.0391888 0.0500993 -0.0497797 0.00131528 0.0286583 0.00860128 -0.028796 -0.0579734 -0.0504591 0.0105028 0.059554 -0.00344362 -0.0450258 -0.02157 -0.0203774 -0.02753 0.0417655 -0.0405301 -0.0151884 0.0170647 0.0218078 0.023989 -0.0131327 -0.0564769 0.0360749 -0.00929206 -0.0441003 0.0508608 -0.0120257
internal_weight=1904.82 1068.79 836.029 847.25 221.538 255.842 191.439 237.927 609.323 254.282 107.264 580.188 100.123 30.099 161.618 157.71 84.9535 148.578 95.958 48.8744 80.559 91.3158 85.9505 5.36534 158.324 92.1092 26.7049 76.309 137.393 72.7566
internal_count=145740 104166 41574 92813 11353 14924 7277 22794 70019 24053 10409 26650 4935 4076 13719 13475 7308 4515 8935 2655 6211 2342 2253 89 15118 3426 4198 9075 6929 6167
is_linear=0
shrinkage=0.05


Tree=12
num_leaves=31
num_cat=0
split_feature=0 1 0 0 0 1 1 0 1 0 1 1 0 0 0 0 2 2 2 2 1 3 2 1 0 3 0 0 2 3
split_gain=1384.93 164.091 67.8608 56.0017 27.2102 22.2832 12.0443 9.89206 9.74898 6.30691 5.89671 5.74776 5.59922 3.54886 3.43493 3.26903 3.23935 2.88515 2.6727 2.24025 2.22725 2.21383 2.19339 1.74893 1.72186 1.70651 1.6959 1.63434 1.60917 1.56886
threshold=0.21727476269006726 0.675187647342682 0.59754621982574474 0.041282966732978758 1.0000000180025095e-35 0.63825732469558727 0.71691232919693004 0.0015143654309213003 0.58002883195877086 0.40115310251712805 0.6896122694015504 0.59909257292747509 0.069346737116575172 0.38956686854362493 0.10423839092254637 0.076357886195182759 0.36930091185410341 0.18693009118541035 0.26291793313069911 0.42705167173252284 0.77665513753891002 1.0000000180025095e-35 0.14741641337386016 0.59909257292747509 0.017447809688746905 1.0000000180025095e-35 0.10423839092254637 0.30849862098693853 0.67477203647416417 1.0000000180025095e-35
decision_type=2 2 2 2 2 2 2 2 2 2 2 2 2 2 2 2 2 2 2 2 2 2 2 2 2 2 2 2 2 2
left_child=1 3 5 7 -3 9 12 -1 26 23 13 22 18 -7 16 20 -10 29 24 -17 -8 -16 25 -2 -6 -9 -5 -12 -23 -13
right_child=2 4 -4 8 6 10 15 11 14 -11 27 17 -14 -15 21 19 -18 -19 -20 -21 -22 28 -24 -25 -26 -27 -28 -29 -30 -31
leaf_value=-0.062324335000688937 -0.015476964839748759 -0.055321367639233843 0.060052640209352859 -0.048497694697681934 -0.027931121730307734 0.019543478295762116 0.0043287906644024626 -0.067266933176759289 -0.024952088007768786 0.024605563029255092 0.036121756797022252 -0.0705771570067944 0.005588218442671323 0.038948739692360027 -0.069173052289422998 0.030665223476771853 -0.061490024042111485 -0.060655269289742013 -0.068007612449559718 -0.015139726833403819 0.035022920052526128 -0.010679159073048264 -0.065122265795516082 0.0040474569925337371 -0.0080588616193654084 -0.049135416407068228 -0.032755561756487431 0.048188052373751733 -0.064301700682473095 -0.034424432831058588
leaf_weight=339.62274142452225 20.315810000975034 19.913001306907972 505.65814074178343 47.661015482011862 16.750562961882679 50.992222155407944 37.056783020088915 14.975910531939006 79.424041588405089 31.12875218699628 39.352220022439724 3.1221718832384786 53.514201275385858 43.79714796137705 1.7172524083289307 45.986011767585296 6.5677283108816473 13.698404207942074 2.5019927604880641 2.8338833609595886 7.0316155541222534 71.110806448901712 40.560277861310169 26.341799875663128 31.210840006911894 97.232828418331337 26.688840844959486 97.823011367465369 1.4271736718947057 77.220205751407775
leaf_count=45966 3071 3560 23452 5709 1067 2905 1096 987 6987 3659 1176 189 2443 2397 104 1216 461 1149 165 48 104 6093 2978 2355 1654 11153 3366 2559 74 7597
internal_value=1.46056e-10 -0.0383127 0.0487633 -0.0485291 0.000377493 0.0303338 0.00601087 -0.0567884 -0.027883 0.00717517 0.0380997 -0.0491708 -0.00567902 0.0285096 -0.0209402 0.0190935 -0.0277427 -0.0394456 -0.0176274 0.0280064 0.00922417 -0.0130625 -0.0551574 -0.00445393 -0.0149993 -0.0515553 -0.0428469 0.0447265 -0.0117342 -0.0358294
internal_weight=1853.24 1037.83 815.409 821.029 216.799 309.751 196.886 586.433 234.597 77.7864 231.965 246.81 103.978 94.7894 160.247 92.9083 85.9918 94.0408 50.4634 48.8199 44.0884 74.2552 152.769 46.6576 47.9614 112.209 74.3499 137.175 72.538 80.3424
internal_count=145740 104166 41574 92813 11353 18122 7793 70019 22794 9085 9037 24053 5329 5302 13719 2464 7448 8935 2886 1264 1200 6271 15118 5426 2721 12140 9075 3735 6167 7786
is_linear=0
shrinkage=0.05


Tree=13
num_leaves=31
num_cat=0
split_feature=0 1 0 0 0 1 1 0 1 0 1 0 1 0 3 0 1 2 2 2 1 2 3 0 2 0 2 0 0 2
split_gain=1282.71 149.856 68.0357 53.385 24.634 20.1531 10.391 9.94487 9.08194 5.74136 5.39689 4.91489 4.43611 3.17632 3.12543 3.06164 3.03074 2.81741 2.64029 2.18291 2.15583 2.27447 2.09417 2.14126 2.09378 2.08301 2.07651 1.96326 1.90614 1.71956
threshold=0.21727476269006726 0.675187647342682 0.50552836060523998 0.041282966732978758 0.00040202401578420002 0.67205724120140087 0.71691232919693004 0.0015143654309213003 0.58002883195877086 0.67874166369438182 0.59909257292747509 0.10103285685181611 0.61422178149223339 0.076357886195182759 1.0000000180025095e-35 0.10423839092254637 0.7260102927684785 0.26595744680851069 0.18693009118541035 0.14741641337386016 0.75170427560806286 0.025835866261398156 1.0000000180025095e-35 0.29002925753593445 0.42705167173252284 0.30849862098693853 0.37234042553191499 0.35948340594768524 0.017447809688746905 0.089665653495440714
decision_type=2 2 2 2 2 2 2 2 2 2 2 2 2 2 2 2 2 2 2 2 2 2 2 2 2 2 2 2 2 2
left_child=1 3 5 7 -3 12 11 -1 -5 -4 19 26 27 20 -10 17 25 -16 -12 -9 -8 -22 -14 -24 -15 -7 28 -2 29 -6
right_child=2 4 9 8 6 16 13 10 14 -11 18 -13 22 24 15 -17 -18 -19 -20 -21 21 -23 23 -25 -26 -27 -28 -29 -30 -31
leaf_value=-0.061445003303615534 -0.013340804419044748 -0.053360072144230913 0.046946744296397454 -0.04188889189448728 -0.018649121002075147 0.022043395688123267 -0.0014757771842692719 -0.050309929720999652 -0.06693684495636823 0.059806353064538555 -0.035053930262886702 0.00866372617669375 -0.080502653405016278 0.028899054888698972 -0.02178337645936132 -0.011892639538032254 0.047630429575511973 -0.046199197626681933 -0.059266067526059618 -0.064149150223646159 0.048699363332401963 0.0091265013384069799 0.0039421915432242228 0.02347043915397768 -0.016402791078853281 0.038178778843924274 -0.064561861942227766 0.010018161438886095 -0.0072841445910397686 -0.058083066279108621
leaf_weight=324.47999980402528 23.713786171356332 19.807234562860685 108.03279695367382 72.21379964510561 12.935148562595716 31.220857743246597 25.843473808374256 108.35420316307864 3.54197707644198 441.53455007221783 78.893268943822477 37.714683889171283 0.54805337730795045 45.278927711406141 68.696081411668274 72.021251797421428 52.129214297485305 14.269688566419061 13.134152472106505 38.660438909042568 5.2807013314450186 11.622738892736377 20.020112911137403 46.972069881943753 2.7028285022824994 55.663359814701835 1.9706730088219035 14.492558217039912 46.679780915597803 3.5159196938329833
leaf_count=45966 3168 3599 5863 9075 836 1278 868 12140 244 20787 7786 1763 18 1216 6289 6167 1089 1019 1149 2978 99 223 1547 3464 48 2148 100 2212 2380 221
internal_value=4.2776e-10 -0.0374555 0.0475128 -0.0474491 -0.000251116 0.0255859 0.00518401 -0.0557439 -0.0271915 0.0572784 -0.0480052 -0.00569898 0.00913586 0.0175169 -0.0204965 -0.0194352 0.0380993 -0.0259828 -0.0385095 -0.0539492 0.00760529 0.0214892 0.0168382 0.0176346 0.0263472 0.0323807 -0.0140196 -0.0044802 -0.0124419 -0.0270769
internal_weight=1801.94 1007.62 794.327 794.265 213.352 244.76 193.545 563.522 230.743 549.567 239.042 102.816 105.747 90.7287 158.529 154.987 139.013 82.9658 92.0274 147.015 42.7469 16.9034 67.5402 66.9922 47.9818 86.8842 65.1015 38.2063 63.1308 16.4511
internal_count=145740 104166 41574 92813 11353 14924 7754 70019 22794 26650 24053 5300 10409 2454 13719 13475 4515 7308 8935 15118 1190 322 5029 5011 1264 3426 3537 5380 3437 1057
is_linear=0
shrinkage=0.05


Tree=14
num_leaves=31
num_cat=0
split_feature=0 1 0 0 0 1 1 1 0 1 0 0 0 2 0 0 2 2 2 2 0 1 0 2 0 2 3 0 1 0
split_gain=1188.38 137.246 68.7508 40.8047 35.6835 18.714 14.9962 9.6184 6.30666 5.42651 5.18928 4.39417 4.08849 3.9791 3.04192 2.99649 2.55544 2.01865 1.94013 1.87731 2.70586 1.91504 1.81165 1.92939 1.7861 1.94226 1.75342 1.66966 1.48176 1.32003
threshold=0.21727476269006726 0.65586698055267345 0.59754621982574474 0.015034950338304003 1.0000000180025095e-35 0.63825732469558727 0.71691232919693004 0.58002883195877086 0.076357886195182759 0.70378968119621288 0.40115310251712805 0.069346737116575172 0.38956686854362493 0.21124620060790275 0.10423839092254637 0.076357886195182759 0.25075987841945291 0.18693009118541035 0.37841945288753803 0.13221884498480244 0.038637885823845808 0.75170427560806286 0.028211694210767704 0.010638297872340401 0.0033585673663764502 0.016717325227963504 1.0000000180025095e-35 0.77798578143119823 0.58236119151115429 0.27195551991462713
decision_type=2 2 2 2 2 2 2 2 2 2 2 2 2 2 2 2 2 2 2 2 2 2 2 2 2 2 2 2 2 2
left_child=1 3 5 24 -3 10 8 14 16 12 28 13 29 -9 17 19 22 -5 -17 21 -21 -8 23 -6 -1 -26 -13 -4 -2 -7
right_child=2 4 27 7 6 9 15 11 -10 -11 -12 26 -14 -15 -16 18 -18 -19 -20 20 -22 -23 -24 -25 25 -27 -28 -29 -30 -31
leaf_value=-0.060653101192746618 -0.01831791436350759 -0.056170359109147722 0.053831603898625263 -0.044444939298417564 0.00479647920730917 0.0085275883925960399 0.0018732545012123303 -0.029831732948491771 0.0014770737487137362 0.043600590367471437 0.022017803735386095 -0.065796061277112058 0.037691564568571298 -0.056573930253891361 -0.02984049651188659 0.027949434108230187 -0.053234488253940809 -0.059894363597642788 -0.0076712982031391531 -0.054723887836875477 0.0062313049228315508 0.026185516645788581 -0.0092389393186722811 -0.028762839938846901 -0.036491168967276451 -0.056040728667687868 -0.018130347276917216 0.060098715503988126 0.0012929310023906484 0.023954620204153426
leaf_weight=312.29583340229874 13.734279477008384 32.1605363318522 159.35841750277905 69.138463420364133 4.9153853860916561 19.861687834738404 20.316600267105969 74.092598764822469 69.984208127469174 96.942430497758323 30.562095615663566 1.9735521080438037 55.857634353684261 17.125177889683982 25.583305884709262 43.19409042528423 5.0815326739539151 30.457834274624474 4.1938045909628263 2.8254235374042755 5.1195577713078819 13.469647008896571 40.212031453993404 33.281916475491016 15.505024399782995 70.352147776953643 86.165463007419021 319.04391499940539 32.250037303892896 45.935974093910772
leaf_count=44946 2284 6306 5863 9174 388 1228 719 7385 3844 2601 3659 149 2921 1358 3366 1189 380 2607 75 90 128 263 2384 2438 2080 7019 7878 17589 3142 2287
internal_value=1.07837e-10 -0.0366441 0.046303 -0.0483597 -0.00668124 0.0273252 -0.000120505 -0.0345829 -0.0095935 0.0347756 0.00604893 -0.0271593 0.0277432 -0.0348523 -0.0452192 0.0161933 -0.0188731 -0.0491696 0.024797 0.00642328 -0.0154458 0.0115659 -0.0166463 -0.0244443 -0.0588972 -0.0525103 -0.0191976 0.0580111 -0.0045643 0.0192978
internal_weight=1750.99 977.444 773.546 702.689 274.755 295.144 242.594 304.536 153.475 218.598 76.5464 179.357 121.655 91.2178 125.18 89.1191 83.4909 99.5963 47.3879 41.7312 7.94498 33.7862 78.4093 38.1973 398.153 85.8572 88.139 478.402 45.9843 65.7977
internal_count=145740 104166 41574 85962 18204 18122 11898 31917 9434 9037 9085 16770 6436 8743 15147 2464 5590 11781 1264 1200 218 982 5210 2826 54045 9099 8027 23452 5426 3515
is_linear=0
shrinkage=0.05


Tree=15
num_leaves=31
num_cat=0
split_feature=0 1 0 0 0 1 1 0 0 2 1 0 1 0 0 0 3 3 3 0 2 0 2 0 1 1 1 0 1 2
split_gain=1110.02 126.081 71.5008 40.0037 31.6518 17.4475 13.6573 8.94718 5.82614 5.62347 5.3405 4.66673 4.38704 3.52093 3.16351 2.91803 2.53761 2.30224 1.98496 1.76835 2.23731 1.73428 2.02456 1.64483 1.59946 1.58825 1.49645 1.50212 3.52056 1.59342
threshold=0.21727476269006726 0.65586698055267345 0.59754621982574474 0.015034950338304003 1.0000000180025095e-35 0.63825732469558727 0.71691232919693004 0.10423839092254637 0.10103285685181611 0.21124620060790275 0.6896122694015504 0.38956686854362493 0.58002883195877086 0.77798578143119823 0.38956686854362493 0.076357886195182759 1.0000000180025095e-35 1.0000000180025095e-35 1.0000000180025095e-35 0.023359591141343106 0.086626139817629164 0.0011707201483659002 0.016717325227963504 0.30849862098693853 0.55156004428863536 0.77665513753891002 0.63596329092979442 0.76115015149116527 0.61845314502716076 0.50911854103343479
decision_type=2 2 2 2 2 2 2 2 2 2 2 2 2 2 2 2 2 2 2 2 2 2 2 2 2 2 2 2 2 2
left_child=1 3 5 21 -3 11 8 9 18 12 14 -2 -5 26 -7 25 -16 -9 -6 20 -20 -1 -23 -12 -19 -8 27 29 -29 -4
right_child=2 4 13 7 6 10 15 17 -10 -11 23 -13 -14 -15 16 -17 -18 24 19 -21 -22 22 -24 -25 -26 -27 -28 28 -30 -31
leaf_value=-0.060210618500590209 -0.0055152250387412102 -0.055099152871155702 0.031746696874703349 -0.043929562551054527 -0.072127701409678321 0.015267589998513116 0.0010871456045204225 -0.064145821137840564 0.0034721270159585082 -0.053534585957556571 0.031049456564394614 0.019631532963145328 -0.027457232699619295 0.059874138850623572 -0.095084628743754798 0.023514594708740157 0.035371232554676647 -0.033579806364238955 -0.017482787807700854 -0.011370713234378363 -0.046491455003834767 -0.038619103675337781 -0.056124824482687921 0.043670819710996567 -0.014866078292409247 0.028896774404902903 0.053814424902040574 0.064208331961691276 -0.045114317004707714 0.053957713524445318
leaf_weight=278.02435152383987 43.325205338893284 30.375781228940468 14.43735593324527 71.070739774113463 1.6106434980756592 48.691090109554352 34.945888095302507 2.8126701327273613 52.83801388417487 51.181722807748883 36.755599227239145 32.133466033526929 93.725502720131772 361.97028721123934 0.37625110149383445 46.07353361674177 40.260278176894644 13.81847055730759 23.797785369009944 64.858385238781921 9.2226845596160256 20.653648652689299 82.448130689641403 86.71128332594526 65.7309556077671 6.0183615845162413 65.482584014767781 1.4056376973167055 1.5468343719840048 18.322765069664456
leaf_count=42652 5154 6306 2181 9587 88 2905 1096 246 2945 4257 1176 3931 9570 17589 5 1264 2392 1993 1852 3865 684 2812 8581 2559 6264 104 2997 213 48 424
internal_value=6.09224e-10 -0.0359411 0.0454016 -0.0474228 -0.00701933 0.0258507 -0.000917938 -0.0337103 -0.00994584 -0.0390574 0.033176 0.00519332 -0.0345612 0.0575691 0.0238636 0.0148821 0.0341633 -0.0196887 -0.017072 -0.016166 -0.025585 -0.0581567 -0.052618 0.0399135 -0.0181168 0.00517286 0.0493242 0.0410909 0.00693293 0.0441693
internal_weight=1700.63 949.207 751.419 679.466 269.741 288.253 239.365 298.34 152.328 215.978 212.795 75.4587 164.796 463.165 89.3276 87.0378 40.6365 82.3621 99.4895 97.8789 33.0205 381.126 103.102 123.467 79.5494 40.9642 101.195 35.7126 2.95247 32.7601
internal_count=145740 104166 41574 85962 18204 18122 11898 31917 9434 23414 9037 9085 19157 23452 5302 2464 2397 8503 6489 6401 2536 54045 11393 3735 8257 1200 5863 2866 261 2605
is_linear=0
shrinkage=0.05


Tree=16
num_leaves=31
num_cat=0
split_feature=0 1 0 0 0 1 1 1 0 1 0 0 0 2 2 0 0 0 0 2 2 3 2 3 0 2 2 2 0 1
split_gain=1039.66 114.725 74.4578 38.8466 28.5699 16.1438 12.3075 8.33176 5.54706 5.48515 4.42307 4.1518 3.98034 3.18442 3.14343 2.58376 2.54991 2.23113 1.97426 1.95957 1.95208 1.8111 1.63193 1.53665 1.48379 2.76485 1.46615 1.41883 2.02324 1.52428
threshold=0.21727476269006726 0.65586698055267345 0.59754621982574474 0.015794936567544902 1.0000000180025095e-35 0.63370069861412059 0.71691232919693004 0.58002883195877086 0.055575609207153313 0.70378968119621288 0.38956686854362493 0.38956686854362493 0.051947942003607701 0.15045592705167174 0.17477203647416414 0.076357886195182759 0.10423839092254637 0.73069798946380626 0.0011707201483659002 0.27811550151975689 0.025835866261398156 1.0000000180025095e-35 0.42705167173252284 1.0000000180025095e-35 0.14232955873012543 0.36930091185410341 0.51823708206686947 0.13221884498480244 0.027232017368078152 0.75170427560806286
decision_type=2 2 2 2 2 2 2 2 2 2 2 2 2 2 2 2 2 2 2 2 2 2 2 2 2 2 2 2 2 2
left_child=1 3 5 18 -3 10 8 16 13 11 -2 23 14 -6 -9 27 19 -4 -1 -5 -20 -14 -17 -7 25 -23 -10 29 -29 -8
right_child=2 4 17 7 6 9 15 12 26 -11 -12 -13 21 -15 -16 22 -18 -19 20 -21 -22 24 -24 -25 -26 -27 -28 28 -30 -31
leaf_value=-0.059576547815224749 -0.0074580521965907434 -0.054271612078572874 0.049279085748907957 -0.04356807808162777 -0.0165982637219429 -0.084319603905208776 2.2557448521671322e-05 -0.029490056067100031 -0.00070661751769112043 0.04058851295086921 0.018096311906847001 0.034496509035237495 -0.064305004915803196 -0.047117793014625896 -0.055457025449614505 0.023876030514771315 -0.028887408520783326 0.058834692653651405 -0.041133937723540695 -0.062634337705624224 -0.056017361352051875 -0.019791680260104597 -0.017416143052137397 0.016567898270855145 -0.009943171431252746 -0.0540443421869964 -0.037648768148479145 -0.060096511703531565 -0.0005040380582758343 0.022111111373633554
leaf_weight=264.83865500531101 39.520104660165089 29.159755693755869 73.00218068563845 74.559629482573655 56.183248164277757 0.37958583328872819 19.928412233537529 50.403256320409128 81.769043798558414 90.985917896468891 29.627242539994768 55.447775125241606 2.2418328318162812 10.080530768143943 15.160183400643289 42.591755101107992 24.657180223410251 374.26615470508114 31.85803296744416 16.449471481777437 71.420861487786169 65.805601989595743 2.5352204246446481 66.548096407714183 32.123426827813091 6.4707878172048359 2.7770148951967704 1.8916314658708859 5.7653277546050958 12.844279446930157
leaf_count=42652 4863 6306 4264 10083 3943 10 719 5264 4678 2601 3696 3156 182 723 1360 1216 3366 19188 4327 1462 7507 6409 48 3796 2846 504 90 65 153 263
internal_value=2.01803e-10 -0.035306 0.0445821 -0.0465301 -0.00757651 0.0244867 -0.00181589 -0.032771 -0.0104094 0.031291 0.00349111 0.0243783 -0.0257996 -0.0212411 -0.0354944 0.0133319 -0.04315 0.057275 -0.0572899 -0.0470142 -0.0514263 -0.0198392 0.0215562 0.0159957 -0.0188843 -0.0228583 -0.00192003 0.00415201 -0.0152262 0.00867951
internal_weight=1651.29 921.515 729.777 655.989 265.526 282.509 236.366 287.871 150.81 213.361 69.1473 122.375 172.205 66.2638 65.5634 85.5566 115.666 447.268 368.118 91.0091 103.279 106.642 45.127 66.9277 104.4 72.2764 84.5461 40.4297 7.65696 32.7727
internal_count=145740 104166 41574 85962 18204 18122 11898 31476 9434 9563 8559 6962 16565 4666 6624 2464 14911 23452 54486 11545 11834 9941 1264 3806 9759 6913 4768 1200 218 982
is_linear=0
shrinkage=0.05


Tree=17
num_leaves=31
num_cat=0
split_feature=0 0 0 1 1 1 1 0 1 0 0 2 0 0 3 1 0 2 0 1 0 3 1 2 0 2 1 0 2 1
split_gain=970.02 106.244 74.3527 51.5689 15.4087 11.1098 11.0063 6.357 4.79996 4.26368 3.66028 3.59159 3.49596 3.40741 3.26571 3.02307 2.88917 2.59722 2.26051 2.2277 2.01582 1.94514 1.86742 1.85724 1.82169 1.65772 1.60486 1.39404 1.97805 1.57271
threshold=0.21727476269006726 0.014272179454565001 0.59754621982574474 0.67839944362640392 0.67412400245666515 0.61778405308723461 0.69537881016731273 0.33925685286521917 0.71691232919693004 0.053727235645055757 0.11069178953766821 0.17477203647416414 0.0011707201483659002 1.0000000180025095e-35 1.0000000180025095e-35 0.61778405308723461 0.30849862098693853 0.028875379939209703 0.73069798946380626 0.58475497364997875 0.10103285685181611 1.0000000180025095e-35 0.7260102927684785 0.26595744680851069 0.49178516864776611 0.095744680851063815 0.54503011703491222 0.13761152327060697 0.37841945288753803 0.77665513753891002
decision_type=2 2 2 2 2 2 2 2 2 2 2 2 2 2 2 2 2 2 2 2 2 2 2 2 2 2 2 2 2 2
left_child=1 6 4 5 7 9 12 19 20 11 23 26 -1 -8 -9 -14 22 -15 -4 -2 -5 -11 -6 -7 -16 -17 -3 28 29 -10
right_child=2 3 18 8 16 10 13 14 27 21 -12 -13 15 17 24 25 -18 -19 -20 -21 -22 -23 -24 -25 -26 -27 -28 -29 -30 -31
leaf_value=-0.058657317329860986 -0.023462454054579744 -0.04796005309691747 0.048313559437768307 -0.010096033580622438 0.016167548827355077 -0.022066024674281343 -0.049202588192362423 -0.082059853536669738 0.0081569179280453485 -0.061662051541933695 -0.0075602880381889564 -0.060141518799034344 -0.053507329421647765 0.0086303152061815991 0.015392969493706915 -0.028614744262511857 0.039268896030408673 -0.030658094793978175 0.05815808854716209 0.0026946383693129939 0.0061323673218426017 -0.028418067523519681 0.037492402767025944 -0.0432102240532172 0.031539243661627837 -0.054728808716794898 -0.032780107909527213 0.025745341995283912 -0.04538490518296142 0.032165601633962752
leaf_weight=273.68197509023594 9.9391970146607473 29.168890334010939 69.43761511775665 45.184550691497861 28.140285801433492 82.345745866768993 7.500586073088928 0.771259103436022 42.571232166141272 4.621003933978499 46.266480115307786 27.444023964206281 75.085881424049148 9.5015858846018109 47.315007845158107 24.100426668475848 100.71524151097401 7.5482031833380452 363.92902672989294 44.963290749001317 33.192285385681316 92.054888201484573 16.162693364778534 11.884284083149394 27.693908575660316 8.1263486972311494 43.19638977687282 20.294798776536481 1.5473258662968863 8.1225108350627107
leaf_count=47449 1680 4064 4264 2330 1222 7471 1660 23 1351 475 3641 2532 8845 346 4862 2565 3589 328 19188 3671 1598 11714 437 889 2638 803 5315 583 33 174
internal_value=7.56333e-11 -0.0346554 0.0436666 -0.0189357 0.0233672 -0.029814 -0.0535672 0.0109153 0.00535508 -0.0374909 -0.0190777 -0.0447398 -0.0556582 -0.0211182 0.0203018 -0.0480094 0.0345882 -0.00876327 0.0565807 -0.00204068 -0.00322337 -0.0300071 0.0239473 -0.0247327 0.0213543 -0.0351997 -0.0388988 0.0146243 0.010304 0.0120038
internal_weight=1602.51 893.439 709.068 487.894 275.701 336.982 405.545 130.683 150.913 196.485 140.497 99.8093 380.995 24.5504 75.7802 107.313 145.018 17.0498 433.367 54.9025 78.3768 96.6759 44.303 94.23 75.0089 32.2268 72.3653 72.5359 52.2411 50.6937
internal_count=145740 104166 41574 42170 18122 36101 61996 12874 6069 24100 12001 11911 59662 2334 7523 12213 5248 674 23452 5351 3928 12189 1659 8360 7500 3368 9379 2141 1558 1525
is_linear=0
shrinkage=0.05


Tree=18
num_leaves=31
num_cat=0
split_feature=0 0 0 1 1 1 1 0 1 0 0 2 1 1 0 0 0 3 2 0 0 2 3 2 2 2 0 2 1 1
split_gain=905.03 100.362 74.6084 43.694 14.2434 12.628 7.7731 7.00703 6.91998 4.67288 4.57735 4.2379 3.48737 3.21991 3.17333 2.36566 2.33684 2.31814 2.26357 2.2248 1.90531 1.75175 1.50892 1.46857 1.46723 1.45794 1.35311 1.34848 1.34454 1.3104
threshold=0.21727476269006726 0.017447809688746905 0.59754621982574474 0.65506327152252208 0.6896122694015504 0.69694155454635631 0.70196545124053966 0.38956686854362493 0.55156004428863536 0.0015143654309213003 0.10423839092254637 0.26595744680851069 0.63068488240242015 0.60701999068260204 1.0000000180025095e-35 0.076357886195182759 0.14647580683231354 1.0000000180025095e-35 0.025835866261398156 0.73069798946380626 0.30849862098693853 0.086626139817629164 1.0000000180025095e-35 0.41185410334346506 0.64741641337386036 0.25379939209726449 0.27195551991462713 0.016717325227963504 0.63370069861412059 0.63223096728324901
decision_type=2 2 2 2 2 2 2 2 2 2 2 2 2 2 2 2 2 2 2 2 2 2 2 2 2 2 2 2 2 2
left_child=1 5 4 8 7 9 16 12 -3 -1 11 22 -2 27 -7 25 23 -9 -16 -4 -6 -15 -10 -5 -12 -8 -14 -11 -19 -24
right_child=2 3 19 6 20 14 15 17 10 13 24 -13 26 21 18 -17 -18 28 -20 -21 -22 -23 29 -25 -26 -27 -28 -29 -30 -31
leaf_value=-0.05805662810653428 -0.0085287291758452521 -0.044885109442087734 0.047571236606291645 -0.012498333187503999 0.025960753186362637 -0.047923633825026374 0.0021578221792408372 -0.080289485873618838 -0.062703158741235845 -0.038710617933975393 -0.013946337621926777 -0.052342789084354614 0.00016514826999294895 -0.028734540006373349 0.0095422723354542695 0.016719100465719502 0.0043865991634257431 0.017054542593922136 -0.024761723186064174 0.057538151835310997 0.04017209031763247 -0.050624282402273874 -0.030063653768965873 -0.04916985486771383 -0.054288972052746756 -0.056857208531866758 0.017296192995170958 -0.055755831624089251 0.031292507143553257 -0.017538569703315052
leaf_weight=264.35617083559919 36.782458029847476 67.802309999620775 66.546096180798486 72.507057016497129 33.810532374918694 6.716268243588277 34.72154681570828 0.52348772622644801 3.0168511636002213 14.417256798027664 61.949804086587392 20.879319941537688 17.275940346065909 30.520001486642286 9.4005971998558397 58.09586175889126 22.812099681716063 28.523949384019943 9.8452014635258802 352.9577933140099 77.982619550195523 13.046687186128109 81.617029582303076 2.8368963341054032 2.3388532351309541 1.0790628328395531 34.636642269702861 59.447248623873747 39.602714987238869 28.062694810141693
leaf_count=48061 4687 9507 4264 4866 1176 1557 1253 17 293 2197 6193 1938 1190 3345 334 1936 1324 3685 402 19188 2559 1343 9775 175 133 49 2182 6893 2626 2592
internal_value=-1.13162e-10 -0.0340354 0.0427749 -0.0179651 0.022228 -0.0520753 0.000204326 0.0125325 -0.0310998 -0.0543698 -0.026376 -0.0316519 0.00324965 -0.0460703 -0.0183325 0.010489 -0.00963404 0.0245258 -0.00800596 0.0559571 0.035874 -0.0352897 -0.0278185 -0.0138791 -0.015414 0.000379056 0.0115952 -0.0524289 0.0253312 -0.026859
internal_weight=1554.11 865.469 688.642 457.719 269.138 407.749 192.053 157.345 265.667 381.787 197.865 133.576 88.695 117.431 25.9621 93.8965 98.1561 68.6502 19.2458 419.504 111.793 43.5667 112.697 75.344 64.2887 35.8006 51.9126 73.8645 68.1267 109.68
internal_count=145740 104166 41574 40034 18122 64132 9603 14387 30431 61839 20924 14598 8059 13778 2293 3238 6365 6328 736 23452 3735 4688 12660 5041 6326 1302 3372 9090 6311 12367
is_linear=0
shrinkage=0.05


Tree=19
num_leaves=31
num_cat=0
split_feature=0 0 0 1 1 1 0 1 0 2 0 1 0 1 1 0 0 2 1 3 2 0 3 2 0 1 0 2 2 1
split_gain=844.261 94.8138 74.8493 41.5711 13.185 10.1441 7.71348 7.45236 6.75956 4.37867 3.4087 3.13824 3.12674 3.08187 2.69165 2.65221 2.26119 2.24485 2.16191 1.95806 1.89481 1.84601 1.61241 1.4032 1.36498 1.29677 1.26881 1.26041 1.23293 1.22551
threshold=0.21727476269006726 0.014272179454565001 0.59754621982574474 0.65506327152252208 0.6896122694015504 0.69537881016731273 0.053727235645055757 0.71691232919693004 0.38956686854362493 0.17477203647416414 0.0011707201483659002 0.58002883195877086 0.076357886195182759 0.63068488240242015 0.61778405308723461 1.0000000180025095e-35 0.73069798946380626 0.028875379939209703 0.54503011703491222 1.0000000180025095e-35 0.25075987841945291 0.30849862098693853 1.0000000180025095e-35 0.095744680851063815 0.076357886195182759 0.77665513753891002 0.27195551991462713 0.40729483282674767 0.64741641337386036 0.66213476657867443
decision_type=2 2 2 2 2 2 2 2 2 2 2 2 2 2 2 2 2 2 2 2 2 2 2 2 2 2 2 2 2 2
left_child=1 5 4 6 8 10 9 12 13 18 -1 -8 20 -2 -12 -7 -4 25 -3 -10 -5 -6 -13 -16 -9 -17 -15 -26 -24 -21
right_child=2 3 16 7 21 15 11 24 19 -11 14 22 -14 26 23 17 -18 -19 -20 29 -22 -23 28 -25 27 -27 -28 -29 -30 -31
leaf_value=-0.057648581289176076 -0.0085739328847725376 -0.046746777053725805 0.046696625183920315 -0.014159502444401652 0.024636576080135926 -0.046485235660747144 -0.033703842049953213 0.0036793694094745034 -0.077330942572519157 -0.056263396784006527 -0.052169702250165886 -0.063093981680471464 -0.00085697370627527906 -0.00064101034251089954 -0.028306131119139745 -0.00026222409069504205 0.056968926460359427 -0.03104635874925157 -0.029962726563677319 0.019839620892978475 -0.049208521386824973 0.03884552328717189 -0.016454455713410594 -0.053256075233979898 0.020444858820611041 0.059210917177284696 0.016074137772345669 -0.012860503905932769 -0.055702688347811551 0.034468591743853423
leaf_weight=246.89819910843653 36.255584553582594 26.856111261426122 63.511118898109999 53.371480368616176 32.849673901975621 6.9547630512970526 48.659699997297139 27.629408804437844 0.47681240737438102 31.624734190118033 69.0025054251455 1.9596213179756876 68.053655260984669 17.047191484787618 23.210292354022389 8.4813426984474063 342.34867286588997 7.063884554518153 67.177293084270786 46.417196337934001 4.1564510217431225 75.157192478654906 94.804519149256521 7.4422982886608215 38.734117539977888 1.0276081729680306 33.989940388026298 3.0655050724744788 2.0441062100799163 20.700996802246664
leaf_count=47449 4687 4064 4264 3547 1176 1660 7373 877 17 3159 8845 178 3923 1190 2565 334 19188 328 8004 5066 327 2559 9315 803 1197 12 2182 67 139 1245
internal_value=1.16076e-10 -0.033428 0.0418987 -0.0184764 0.0211148 -0.0523412 -0.0310664 -0.000843124 0.0117643 -0.040169 -0.0544981 -0.02331 -0.0081108 0.00257271 -0.0466929 -0.0205707 0.0553615 -0.00969576 -0.0347563 0.0236343 -0.0166918 0.034524 -0.0181914 -0.0343639 0.0123025 0.00616489 0.010491 0.0180023 -0.0172828 0.0243516
internal_weight=1506.97 838.218 668.754 468.137 262.895 370.081 273.126 195.011 154.888 125.658 346.553 147.468 125.582 87.2927 99.6551 23.5276 405.86 16.5728 94.0334 67.595 57.5279 108.007 98.8082 30.6526 69.429 9.50895 51.0371 41.7996 96.8486 67.1182
internal_count=145740 104166 41574 42170 18122 61996 32232 9938 14387 15227 59662 17005 7797 8059 12213 2334 23452 674 12068 6328 3874 3735 9632 3368 2141 346 3372 1264 9454 6311
is_linear=0
shrinkage=0.05


Tree=20
num_leaves=31
num_cat=0
split_feature=0 0 0 1 1 0 1 1 0 2 1 1 0 1 0 2 0 2 0 3 0 1 3 3 1 1 2 2 2 3
split_gain=788.628 111.336 51.5654 27.2916 26.7874 10.6637 8.15508 5.56221 5.52079 5.46285 3.95575 3.78794 2.84246 2.73557 2.43911 2.65389 2.31915 2.08394 1.53998 1.50075 1.49632 1.43944 1.42788 1.33145 1.31333 2.62334 1.29806 1.26617 1.34386 1.16981
threshold=0.27195551991462713 0.047105498611927005 0.59754621982574474 0.67731565237045299 0.68069687485694896 0.0033585673663764502 0.66316244006156932 0.58002883195877086 1.0000000180025095e-35 0.18693009118541035 0.72975400090217601 0.58397808670997631 0.49178516864776611 0.74460256099700939 0.15662564337253568 0.42705167173252284 0.76115015149116527 0.20820668693009117 0.097763065248727757 1.0000000180025095e-35 0.16151878982782361 0.70378968119621288 1.0000000180025095e-35 1.0000000180025095e-35 0.59622156620025646 0.59094995260238659 0.21428571428571427 0.61550151975683909 0.20820668693009117 1.0000000180025095e-35
decision_type=2 2 2 2 2 2 2 2 2 2 2 2 2 2 2 2 2 2 2 2 2 2 2 2 2 2 2 2 2 2
left_child=1 4 6 7 5 -1 12 29 -6 11 20 23 19 17 15 -9 24 -10 -12 -2 -5 -8 -13 -7 25 -4 -21 28 -16 -3
right_child=2 3 16 10 8 9 21 14 13 -11 18 22 -14 -15 27 -17 -18 -19 -20 26 -22 -23 -24 -25 -26 -27 -28 -29 -30 -31
leaf_value=-0.056807094712808585 -0.066568496232260882 -0.059892894994087391 0.042379353784611079 -0.0022338060443811698 -0.047773787801578219 -0.062735581766461976 0.026412254005509547 -0.017478995502619825 -0.01334409106280479 -0.05945534046691954 0.0078533284732892044 -0.065105190233202839 0.027287069396332488 0.010724985750360896 -0.015518506200500598 -0.052393125766741905 0.056647577894830825 -0.062325444603686976 0.027801813059242682 -0.0087330499431317234 0.011158534884066483 0.037315619717123119 -0.029170719432308274 -0.043056298001699495 0.049672630301279302 -0.020198070041409086 0.010484378922032694 -0.033251716473379669 0.0013835066593234271 -0.031088067810008085
leaf_weight=247.55173735714925 0.69908472435781632 3.7707403729291391 9.4259268405148742 53.533728937385604 11.718928970134582 9.9188118028105219 58.006055241479771 99.367548817695933 42.973227076698095 33.874014851564425 14.316383157129165 2.8575318959774441 21.803436025656993 12.355956300627438 17.876297259535932 5.7581856325850813 318.59443531744182 2.2870905334129921 29.839249137177831 10.658134127210358 34.169704546613502 63.30545978283044 84.87370662871399 64.39877250889549 62.467962628870737 2.0366544025018802 50.054829153254104 4.1008895261984426 34.373490239217062 54.026340027980041
leaf_count=48602 41 443 1306 2577 2949 931 3053 9654 2260 3526 394 232 2395 289 2763 479 18122 145 932 3733 1536 2081 9801 9815 3893 131 3088 153 1805 8611
internal_value=-1.91064e-10 -0.0305383 0.0441894 -0.00884695 -0.0453909 -0.0499095 0.023833 -0.0196566 -0.0164898 -0.0411942 0.00912881 -0.037377 0.0117782 -0.0101267 -0.0148923 -0.0193914 0.0547962 -0.0158192 0.021334 0.00627204 0.00298392 0.0321021 -0.0303412 -0.0456828 0.0468179 0.0312607 0.00711077 -0.00649893 -0.0043992 -0.0329673
internal_weight=1460.99 863.942 597.052 351.133 512.81 443.475 204.527 219.273 69.3352 195.923 131.859 162.049 83.2155 57.6163 161.476 105.126 392.525 45.2603 44.1556 61.412 87.7034 121.312 87.7312 74.3176 73.9305 11.4626 60.713 56.3507 52.2498 57.7971
internal_count=145740 107897 37843 29347 78550 72907 14391 23908 5643 24305 5439 20779 9257 2694 14854 10133 23452 2405 1326 6862 4113 5134 10033 10746 5330 1437 6821 4721 4568 9054
is_linear=0
shrinkage=0.05


Tree=21
num_leaves=31
num_cat=0
split_feature=0 0 0 1 1 0 1 0 2 0 1 2 1 1 1 0 0 0 1 0 2 1 2 3 2 2 3 2 2 3
split_gain=741.072 107.955 48.2676 32.2712 16.5565 8.24692 7.25535 6.11553 4.84316 4.7009 3.90294 3.25497 3.0828 2.9052 2.58205 2.33534 2.32687 2.29443 2.14591 1.92039 1.73514 1.5171 1.44978 1.32029 1.30901 1.2775 1.23964 1.17459 1.33756 1.11843
threshold=0.28059782087802893 0.028211694210767704 0.59754621982574474 0.67731565237045299 0.675187647342682 0.10423839092254637 0.66316244006156932 0.0011707201483659002 0.26595744680851069 1.0000000180025095e-35 0.72975400090217601 0.13221884498480244 0.57147151231765758 0.59477972984313976 0.61915317177772533 0.097763065248727757 0.73069798946380626 0.49178516864776611 0.76125675439834606 0.16151878982782361 0.10486322188449847 0.70378968119621288 0.42097264437689969 1.0000000180025095e-35 0.42705167173252284 0.18693009118541035 1.0000000180025095e-35 0.15957446808510636 0.67477203647416417 1.0000000180025095e-35
decision_type=2 2 2 2 2 2 2 2 2 2 2 2 2 2 2 2 2 2 2 2 2 2 2 2 2 2 2 2 2 2
left_child=1 4 6 5 7 8 17 -1 12 -6 19 18 -3 20 23 -12 -4 26 -11 -5 29 -8 -21 -7 -16 -15 -2 -25 -29 -9
right_child=2 3 16 10 9 14 21 13 -10 11 15 -13 -14 25 24 -17 -18 -19 -20 22 -22 -23 -24 27 -26 -27 -28 28 -30 -31
leaf_value=-0.057162290327431281 -0.065735173938718874 -0.038318145024533568 0.045137777931717082 -0.0043516351188008359 -0.047760989087554689 -0.060310334644382915 0.025725735276355577 -0.062294356043578837 -0.049906127200048202 -0.013270279432661104 0.0039957636579127367 -0.050070738306090226 -0.021183352913405458 -0.0330056717234853 -0.0029088291354414553 0.026181018263944797 0.056010385019127584 0.025996146630154607 0.021953867358934998 0.014443358836128345 -0.059680490514041576 0.037323638904590707 -0.012311369124798474 -0.030501984840142795 -0.023592903603512478 -0.055817168855359311 0.0075479328427640758 -0.012367301404555124 -0.054228452226741525 -0.04178544730251476
leaf_weight=214.95554709243879 0.58294164924882252 36.86801975833805 58.12185626628343 66.990332002475043 13.525276264244892 1.9914645471872052 54.594588273554109 7.7307492723193709 25.691527936753118 30.473134870408103 19.251959123212146 5.3607494857569682 91.144384398372495 54.200175430814852 55.206712953033275 30.903081305354135 320.89583061076701 21.323437821964035 5.0388189926743499 30.101147853492876 29.503394870414922 58.314321660902351 6.0873774316278277 15.724952831682456 8.8793691075916268 6.9212862184067481 57.291188414135831 38.876987765361264 2.0067361134424564 47.445499740279047
leaf_count=45488 35 6202 4264 3322 3560 234 2954 767 2599 1722 572 325 9692 6670 4812 983 19188 2395 97 1501 3188 1987 143 3705 379 839 6487 3614 132 7884
internal_value=-3.21809e-10 -0.0297397 0.0439947 -0.0121724 -0.0479235 -0.0223781 0.0235777 -0.0518008 -0.0300944 -0.0222097 0.00622368 -0.0137545 -0.0261182 -0.0438963 -0.0127109 0.0176652 0.0543431 0.0119756 -0.0082723 0.00066196 -0.0498926 0.0317157 0.00994287 -0.0202964 -0.00577469 -0.0355888 0.00680978 -0.0188888 -0.014422 -0.044659
internal_weight=1416 844.879 571.124 429.724 415.155 276.39 192.106 360.757 153.704 54.398 153.334 40.8727 128.012 145.801 122.686 50.155 379.018 79.1976 35.512 103.179 84.6796 112.909 36.1885 58.6001 64.0861 61.1215 57.8741 56.6087 40.8837 55.1762
internal_count=145740 108430 37310 37890 70540 31369 13858 64836 18493 5704 6521 2144 15894 19348 12876 1555 23452 8917 1819 4966 11839 4941 1644 7685 5191 7509 6522 7451 3746 8651
is_linear=0
shrinkage=0.05


Tree=22
num_leaves=31
num_cat=0
split_feature=0 0 0 1 1 1 1 0 0 0 1 2 1 2 0 3 0 1 2 0 1 0 0 2 0 2 2 3 3 2
split_gain=695.098 98.5945 51.4965 28.0738 15.6886 7.49278 6.78789 6.09754 4.19252 3.8078 3.30226 2.77182 2.71835 2.64177 2.37374 2.3208 2.06029 2.04858 2.65114 2.01242 1.88052 1.85687 1.84063 1.70595 1.53516 1.49892 1.47076 1.40616 1.2539 1.14942
threshold=0.27195551991462713 0.028211694210767704 0.59754621982574474 0.67731565237045299 0.675187647342682 0.58002883195877086 0.63370069861412059 0.0011707201483659002 1.0000000180025095e-35 0.10423839092254637 0.72975400090217601 0.13221884498480244 0.61778405308723461 0.36930091185410341 0.73069798946380626 1.0000000180025095e-35 0.49178516864776611 0.6896122694015504 0.94832826747720389 0.10750106722116472 0.77665513753891002 0.16151878982782361 0.097763065248727757 0.11094224924012157 0.412782832980156 0.27811550151975689 0.63069908814589681 1.0000000180025095e-35 1.0000000180025095e-35 0.60486322188449859
decision_type=2 2 2 2 2 2 2 2 2 2 2 2 2 2 2 2 2 2 2 2 2 2 2 2 2 2 2 2 2 2
left_child=1 4 6 5 7 19 24 -1 -6 13 21 20 23 -7 -4 -8 17 -17 29 25 -10 -5 -12 27 -2 -3 28 -9 -11 -19
right_child=2 3 14 10 8 9 15 12 11 26 22 -13 -14 -15 -16 16 -18 18 -20 -21 -22 -23 -24 -25 -26 -27 -28 -29 -30 -31
leaf_value=-0.056827328750235245 -0.0026862917474075516 -0.036811795148854409 0.044330314834926852 -0.0049913975249137712 -0.046751947527038949 -0.021601417784488847 -0.080231672529381709 -0.062451936402971024 -0.012008374342581351 -0.061799068258359527 0.0037450322979437861 -0.048138911644163875 -0.032255359943182904 -0.055941851198868423 0.055539301816240449 0.016895620644784212 0.038428364207359927 0.029952245880890616 -0.034426187194524081 -0.023712438001981303 0.03546779316402434 0.0095435201058207929 0.023825020210155434 -0.057023478871771727 0.015050043312513729 -0.058263993569106214 -0.039535549028608008 -0.040442325863904879 -0.0075243629107469142 0.053332269439485984
leaf_weight=203.67477076540672 25.23877483997785 41.498436182133446 55.706156677799299 66.060483596666018 12.985994231759831 93.084255993526313 0.49896407872438331 8.2675258642193494 32.562184899870772 1.0773873096040905 18.916003040998476 5.1897390250232993 39.964852601595339 5.9589740270166649 310.50980831775814 49.520661929040216 34.652845064527355 54.012643049296457 1.5299814213067282 24.888413841053989 2.2285207323729983 32.925029744903441 28.770121345063671 32.834294415413751 23.61573755046993 10.13062128338788 3.9090543778511337 59.364928672810493 86.691417127600289 5.8237016731873146
leaf_count=45488 3505 7152 4264 3322 3560 9708 14 847 1777 106 572 325 4871 599 19188 3448 2002 2101 19 4055 42 1536 932 3688 3182 1195 182 9942 7998 120
internal_value=-1.17037e-10 -0.0296019 0.0427842 -0.0125264 -0.0474014 -0.0221734 0.0220205 -0.0513006 -0.0220692 -0.0168704 0.00505058 -0.014052 -0.043285 -0.0236675 0.0538343 0.0274175 0.0277866 0.024461 0.0305659 -0.0353912 -0.00896729 -0.000156724 0.0158597 -0.0476725 0.00588726 -0.0410211 -0.00952712 -0.0431328 -0.0081906 0.0322278
internal_weight=1372.09 810.983 561.109 413.91 397.073 267.239 194.893 344.106 52.9664 190.721 146.672 39.9804 140.432 99.0432 366.216 146.039 145.54 110.887 61.3663 76.5175 34.7907 98.9855 47.6861 100.467 48.8545 51.6291 91.6779 67.6325 87.7688 59.8363
internal_count=145740 107897 37843 37357 70540 30995 14391 64836 5704 18593 6362 2144 19348 10307 23452 7704 7690 5688 2240 12402 1819 4858 1504 14477 6687 8347 8286 10789 8104 2221
is_linear=0
shrinkage=0.05


Tree=23
num_leaves=31
num_cat=0
split_feature=0 0 0 1 1 0 0 1 1 2 2 1 0 0 1 2 3 0 1 1 1 2 0 0 2 1 1 0 2 0
split_gain=651.643 98.4859 44.7725 22.482 19.3706 8.74333 6.77451 5.85232 4.75589 4.18543 2.99929 2.90591 2.55984 2.45008 2.3501 2.26746 2.1981 2.1867 1.42918 1.3874 1.36209 1.32041 1.71432 1.24586 1.61723 1.50517 1.23386 1.17231 1.16283 1.37617
threshold=0.29002925753593445 0.047105498611927005 0.59754621982574474 0.66213476657867443 0.67731565237045299 0.010325117036700202 1.0000000180025095e-35 0.6896122694015504 0.58002883195877086 0.18693009118541035 0.20212765957446807 0.72975400090217601 0.15662564337253568 0.71332663297653209 0.71982061862945568 0.42705167173252284 1.0000000180025095e-35 0.46230357885360723 0.59763583540916454 0.59622156620025646 0.59546777606010448 0.42097264437689969 0.16151878982782361 0.0011707201483659002 0.016717325227963504 0.64279800653457653 0.61278522014617931 0.097763065248727757 0.53951367781155024 0.10750106722116472
decision_type=2 2 2 2 2 2 2 2 2 2 2 2 2 2 2 2 2 2 2 2 2 2 2 2 2 2 2 2 2 2
left_child=1 3 7 5 8 23 -5 17 28 16 14 21 15 19 -8 -10 -7 26 -18 20 -4 22 -6 -1 25 -25 -2 -13 29 -3
right_child=2 4 13 6 11 9 10 -9 12 -11 -12 27 -14 -15 -16 -17 18 -19 -20 -21 -22 -23 -24 24 -26 -27 -28 -29 -30 -31
leaf_value=-0.056637381611790397 -0.0013247200375500145 -0.03585754261669865 0.027808011754507402 -0.048953040738520692 -0.0024066103398510063 -0.061475886035345643 -0.018673292844828212 0.033649678339645855 -0.01646866398025203 -0.057491950577048645 -0.058709180206928405 0.0045653617640153367 -0.0051899355762645445 0.054955394891174437 0.00097112342727045909 -0.050424505875591191 -0.037667364262860936 0.02480599806290076 -0.025161238410963439 0.046336656583147992 -0.066001722686119188 -0.017147360370547787 0.012633714720564532 -0.038806764352418845 -0.052885670972740877 0.015460678382611679 0.013768738792274075 0.022447325519889108 -0.054716058210951081 -0.019103633861598426
leaf_weight=187.53681224721367 18.586198109675024 27.01709748749272 6.7894308654940678 17.616113669140759 48.548462141567143 6.6692489731431115 44.51974528717983 69.480091285193339 94.752444861231197 22.912535611008934 3.6134479786560396 12.999771332979433 60.361404447387031 307.17435674997978 23.136951046559261 5.1855028700811081 48.238935993023915 36.636905562947504 43.395287075923989 39.295576387317851 0.41033234447240818 8.6116114536416699 31.071784844752983 12.021168601742827 43.321672257938189 1.4297224145702774 49.874393857375253 31.073719356470974 4.533042628572729 22.435087043937529
leaf_count=43730 2956 4822 969 5260 2489 754 3340 2763 9654 2763 312 394 5286 19721 744 479 8184 3806 5089 2747 15 241 1598 2122 6100 152 3800 1026 437 3987
internal_value=1.92281e-11 -0.0284298 0.0431092 -0.0437415 -0.00835473 -0.0492258 -0.0211885 0.0223905 -0.0176428 -0.0382474 -0.0143258 0.00668846 -0.01332 0.0533363 -0.0119554 -0.0182305 -0.0337619 0.0149471 -0.0317448 0.0426396 0.0224616 0.00145127 0.00346287 -0.0546728 -0.0481834 -0.0330386 0.00967105 0.0171729 -0.0304785 -0.0282568
internal_weight=1329.25 801.002 528.247 454.412 346.59 365.525 88.8863 174.578 214.285 121.216 71.2701 132.305 160.299 353.67 67.6567 99.9379 98.3035 105.097 91.6342 46.4953 7.19976 88.2319 79.6202 244.309 56.7726 13.4509 68.4606 44.0735 53.9852 49.4522
internal_count=145740 108963 36777 78550 30413 68894 9656 13325 24665 16790 4396 5748 15419 23452 4084 10133 14027 10562 13273 3731 984 4328 4087 52104 8374 2274 6756 1420 9246 8809
is_linear=0
shrinkage=0.05


Tree=24
num_leaves=31
num_cat=0
split_feature=0 0 0 1 1 1 0 1 0 2 0 0 0 2 3 2 2 3 0 1 2 1 0 1 0 2 1 1 2 1
split_gain=610.504 93.925 44.984 23.701 13.9659 6.14978 5.98647 5.57939 4.95474 3.84888 3.45013 2.98545 2.53771 2.43618 2.38489 2.37167 1.92396 1.81731 1.81727 1.74817 1.69117 1.65384 1.64934 1.5461 1.12421 1.07347 1.05213 1.0229 1.19504 1.01088
threshold=0.29002925753593445 0.028211694210767704 0.59754621982574474 0.63825732469558727 0.675187647342682 0.70196545124053966 0.0015143654309213003 0.66316244006156932 0.10423839092254637 0.21124620060790275 1.0000000180025095e-35 0.14647580683231354 0.73069798946380626 0.13221884498480244 1.0000000180025095e-35 0.10486322188449847 0.42705167173252284 1.0000000180025095e-35 0.076357886195182759 0.77665513753891002 0.84650455927051682 0.53319615125656139 0.49178516864776611 0.70378968119621288 0.38956686854362493 0.50911854103343479 0.70196545124053966 0.54503011703491222 0.016717325227963504 0.59622156620025646
decision_type=2 2 2 2 2 2 2 2 2 2 2 2 2 2 2 2 2 2 2 2 2 2 2 2 2 2 2 2 2 2
left_child=1 4 7 8 6 11 -1 22 9 21 -6 16 29 19 -8 27 -5 -10 -7 -12 -20 -3 -2 24 26 -13 -9 28 -16 -4
right_child=2 3 12 5 10 18 14 23 17 -11 13 25 -14 -15 15 -17 -18 -19 20 -21 -22 -23 -24 -25 -26 -27 -28 -29 -30 -31
leaf_value=-0.056142935554961221 0.0061652097696493239 -0.041237946578493612 0.026043419351111596 -0.012261368705196934 -0.045679484341731073 -0.0027242094950063688 -0.06254668005384896 0.016534087352172152 -0.060298182016724294 -0.048833787119505555 -0.013015291103305533 0.0040159109888808116 0.054660627931127595 -0.047850801890921751 -0.025720642833122781 -0.050286600439075596 -0.054324007683887711 -0.014243213432546746 0.013603092849321201 0.033485865423292467 -0.077248382901857621 -0.023028727910567374 0.022998412603946354 0.035377358868097321 0.029454202894930337 -0.020723603072447111 -0.038010507419095306 -0.031279286107320829 -0.051241848560705128 0.045564322287637855
leaf_weight=185.54695524277486 52.066117353671871 15.560478933897683 7.838736835110466 79.860295659054827 11.828329341704373 25.177808356384048 12.814832577001651 20.153372459171809 2.2040587375668101 26.04308816239427 31.561729961744277 46.320632433213177 290.38011686666869 4.8753504649794186 6.4326768397368168 36.761514545520185 2.8143895342363967 76.059221081759461 69.636383766424842 2.1594212818890801 0.51602505892515083 62.774524140149879 20.196479160891613 49.642482484428911 27.786652351845987 4.8432296886458053 0.92467367392964561 55.969027538922091 15.985820517191312 43.078480778844096
leaf_count=45966 6172 3213 1128 6235 3560 997 1268 1081 267 3126 1777 3369 19188 325 1284 4691 208 9511 2646 42 7 8688 2395 1911 1731 156 35 8795 2832 3136
internal_value=7.8629e-11 -0.0279699 0.0423725 -0.0116144 -0.046477 -0.000905955 -0.0504051 0.0214219 -0.0250508 -0.0321819 -0.0220541 -0.00781864 0.0528552 -0.0148139 -0.0420853 -0.0398082 -0.0136933 -0.0155402 0.00879908 -0.0100375 0.0129348 -0.0266458 0.0108699 0.0291626 0.0228489 0.00167404 0.0141413 -0.0348942 -0.0439189 0.0425591
internal_weight=1287.81 775.746 512.067 411.81 363.936 229.169 313.511 170.77 182.641 104.378 50.4248 133.839 341.297 38.5965 127.964 115.149 82.6747 78.2633 95.3302 33.7212 70.1524 78.335 72.2626 98.5072 48.8647 51.1639 21.078 78.3875 22.4185 50.9172
internal_count=145740 108963 36777 38423 70540 13618 64836 13325 24805 15027 5704 9968 23452 2144 18870 17602 6443 9778 3650 1819 2653 11901 8567 4758 2847 3525 1116 12911 4116 4264
is_linear=0
shrinkage=0.05


Tree=25
num_leaves=31
num_cat=0
split_feature=0 0 0 1 1 1 1 0 0 0 2 0 0 2 2 3 3 3 2 0 1 0 1 2 2 2 1 2 1 0
split_gain=573.598 89.0663 44.7736 21.5477 12.9359 5.46416 5.37955 5.28622 4.60782 4.36358 3.4773 2.68292 2.56944 2.463 2.36113 2.12053 1.90066 1.7974 1.72573 1.71402 1.70971 1.65751 1.50287 1.21513 1.13992 1.10968 1.00878 0.999022 0.994047 0.990315
threshold=0.29002925753593445 0.028211694210767704 0.59754621982574474 0.63825732469558727 0.66415631771087658 0.70196545124053966 0.67302045226097118 0.0024039756972342005 0.14647580683231354 1.0000000180025095e-35 0.35106382978723411 0.14647580683231354 0.77798578143119823 0.095744680851063815 0.13221884498480244 1.0000000180025095e-35 1.0000000180025095e-35 1.0000000180025095e-35 0.42705167173252284 0.16642885655164719 0.76125675439834606 0.50552836060523998 0.53319615125656139 0.028875379939209703 0.0045592705167173007 0.6185410334346505 0.63300243020057689 0.50911854103343479 0.49343995749950414 0.048641972243785851
decision_type=2 2 2 2 2 2 2 2 2 2 2 2 2 2 2 2 2 2 2 2 2 2 2 2 2 2 2 2 2 2
left_child=1 4 6 8 7 11 16 -1 10 -6 15 18 -4 17 20 -3 -2 -9 -5 -7 -11 26 -17 -22 -19 -21 -18 -13 -26 -24
right_child=2 3 12 5 9 19 -8 13 -10 14 -12 27 -14 -15 -16 22 21 24 -20 25 23 -23 29 -25 28 -27 -28 -29 -30 -31
leaf_value=-0.055779621536299118 -0.069900835414153456 -0.059221952878535912 0.043409829226342796 -0.012086301190543979 -0.047849814748067244 0.0030356762820980144 0.029531892836470022 -0.061380574747740051 -0.01162547935550768 -0.016233757810639557 -0.052549741411767395 0.0034948814418464544 0.054585582936969995 -0.051696897348234384 -0.047060693315770216 -0.037884064834087017 0.002023402744163693 -0.0033455673660739028 -0.052877990058729479 0.01887326149266573 0.041512796112472973 0.0249111882085046 -0.030152053670894644 -0.010223454587887485 -0.051552100391334399 -0.03545931145186617 0.014755986573648371 -0.020687067161735913 -0.032731967758193717 -0.018879105026785192
leaf_weight=177.40333039560937 0.71004262950736929 4.7729809961529091 63.776930225430988 78.822808117329259 15.225831391795507 60.864514729008079 83.78715462810942 6.4758080917599719 49.787522326463659 33.886580510414205 14.563207775743647 45.784468928664865 265.68551352061331 40.712165543787705 5.6232605394034172 19.166403369010368 31.757980240268807 2.9425251400316474 2.6809972400369579 31.548021517504822 2.3407631535083047 19.668056750786491 28.558974154220778 2.2031744718551636 8.075808462672283 0.96861830167472263 30.492771001168876 4.7104450639453708 53.473770041688113 61.298552386455412
leaf_count=45422 35 677 5863 6235 4991 2395 3966 793 6158 2373 1692 3369 17589 5235 445 3980 4618 550 208 1237 50 2271 3989 47 1506 18 2435 156 9128 8309
internal_value=-1.77275e-10 -0.0275307 0.0417442 -0.0115414 -0.0460519 -0.00126916 0.0206045 -0.050415 -0.0245372 -0.0247749 -0.0295453 -0.00781732 0.0524222 -0.0418933 -0.0167998 -0.0266012 0.011552 -0.0362693 -0.0134281 0.00798697 -0.0123719 0.012258 -0.0251731 0.0164279 -0.0337479 0.0172548 0.0082603 0.00123906 -0.0352013 -0.0224619
internal_weight=1247.77 751.891 495.878 403.528 348.363 225.38 166.416 289.083 178.148 59.2796 128.36 131.999 329.462 111.68 44.0538 113.797 82.6289 70.9679 81.5038 93.3812 38.4305 81.9188 109.024 4.54394 64.4921 32.5166 62.2508 50.4949 61.5496 89.8575
internal_count=145740 108963 36777 38423 70540 13618 13325 62634 24805 7906 18647 9968 23452 17212 2915 16955 9359 11977 6443 3650 2470 9324 16278 97 11184 1255 7053 3525 10634 12298
is_linear=0
shrinkage=0.05


Tree=26
num_leaves=31
num_cat=0
split_feature=0 0 0 1 0 1 1 1 0 2 2 0 0 3 2 0 1 3 0 2 2 0 1 2 0 1 3 2 2 1
split_gain=538.292 84.1864 44.9814 19.3411 12.5901 8.93959 4.85097 4.70755 4.4185 3.70245 2.79075 2.65774 2.58043 1.90253 1.88269 1.82173 1.7296 1.69283 1.63152 1.58857 1.48738 1.49292 1.46153 1.27513 1.44805 1.13672 1.02907 1.00861 1.80601 1.00659
threshold=0.29002925753593445 0.028211694210767704 0.59754621982574474 0.63825732469558727 1.0000000180025095e-35 0.64604210853576671 0.6896122694015504 0.70196545124053966 0.10103285685181611 0.21124620060790275 0.022796352583586605 0.77798578143119823 0.14647580683231354 1.0000000180025095e-35 0.010638297872340401 0.46230357885360723 0.76125675439834606 1.0000000180025095e-35 0.097763065248727757 0.42705167173252284 0.19300911854103345 0.0052666356787085507 0.53319615125656139 0.17477203647416414 0.015034950338304003 0.72975400090217601 1.0000000180025095e-35 0.94832826747720389 0.55319148936170226 0.65760675072669994
decision_type=2 2 2 2 2 2 2 2 2 2 2 2 2 2 2 2 2 2 2 2 2 2 2 2 2 2 2 2 2 2
left_child=1 4 6 8 -1 13 15 12 9 22 16 -4 19 -6 -15 26 -7 -10 -9 -5 21 -12 -3 24 -16 -20 -2 28 -8 -13
right_child=2 3 11 7 5 10 27 18 17 -11 20 29 -14 14 23 -17 -18 -19 25 -21 -22 -23 -24 -25 -26 -27 -28 -29 -30 -31
leaf_value=-0.055335344129664954 -0.065875170168434624 -0.039918077482936493 0.042632177209022834 -0.012060808382807472 -0.061971075273194037 -0.0085564944318181606 0.028477593705326848 -0.0014357251723999653 -0.059710942582864274 -0.048402527282031767 -0.047402099006316596 0.05681777114421363 0.0011359622294560511 -0.021134673301009873 -0.046648664940710162 0.022170076097516547 0.040804829237333529 -0.013807734781440609 0.0051500609098489268 -0.051939965763668765 -0.063055496911256351 -0.019673346865241928 -0.022086133933608573 -0.05708566861559692 -0.032135903251869984 0.019383909765466618 0.0084797895843285957 0.00046187367802037559 0.053806343551364592 0.050438004669510331
leaf_weight=166.52982600491669 0.46868975815595959 14.270744749628646 60.968688904016744 77.510976861136442 13.029196126190071 15.508618159059553 52.05203591909958 34.982932946644723 2.0637800356416838 23.406823369077756 5.8335516301594899 153.27780357189476 49.942706115914916 10.051332928476766 46.029884184223192 34.309903560380917 2.0039597284048787 74.951103598326881 27.835953005982446 2.5803334027441442 2.6698370974918353 28.914105501011363 58.98863952641841 15.324302397966674 27.430898141792568 28.273296831146581 65.028053116315277 2.6637631943449369 8.1380385933443886 103.62834861688316
leaf_count=47578 29 3166 5863 6235 1402 1286 2486 1373 277 3026 572 12057 3525 2271 8219 3806 43 9845 1251 208 339 2156 8491 2220 4454 1026 6727 49 228 5532
internal_value=-3.40226e-10 -0.0271071 0.0410741 -0.0114854 -0.0456102 -0.0359005 0.019689 -0.00167758 -0.0239725 -0.0310909 -0.0193817 0.0520171 -0.00778361 -0.0440118 -0.0416444 0.0128368 -0.00290809 -0.0150378 0.00703878 -0.0133456 -0.0270918 -0.0243285 -0.0255598 -0.0439663 -0.0412295 0.0123225 0.00794771 0.0305697 0.0319022 0.0542444
internal_weight=1208.67 728.133 480.535 394.807 333.326 166.796 162.66 221.126 173.681 96.6662 54.9301 317.875 130.034 111.866 98.8364 99.8066 17.5126 77.0149 91.0922 80.0913 37.4175 34.7477 73.2594 88.7851 73.4608 56.1092 65.4967 62.8538 60.1901 256.906
internal_count=145740 108963 36777 38423 70540 22962 13325 13618 24805 14683 4396 23452 9968 18566 17164 10562 1329 10122 3650 6443 3067 2728 11657 14893 12673 2277 6756 2763 2714 17589
is_linear=0
shrinkage=0.05


Tree=27
num_leaves=31
num_cat=0
split_feature=0 0 0 1 1 0 0 1 2 0 1 0 2 1 0 3 2 0 2 1 3 3 2 1 1 1 2 0 1 1
split_gain=511.505 79.4455 48.7567 22.5024 8.01556 5.60617 5.53361 4.62997 3.91378 3.48635 3.168 2.97112 2.50867 2.48783 2.44423 1.80556 1.77846 1.77629 1.76467 1.75988 1.481 1.47499 1.33246 1.20237 1.16652 4.75457 4.04937 2.82084 2.66493 5.22425
threshold=0.29002925753593445 0.017447809688746905 0.64564448595047008 0.63142892718315136 0.65670791268348705 0.097763065248727757 0.094962753355503013 0.70021736621856701 0.19604863221884497 1.0000000180025095e-35 0.72975400090217601 0.50552836060523998 0.37234042553191499 0.76125675439834606 0.0033585673663764502 1.0000000180025095e-35 0.025835866261398156 0.77798578143119823 0.10182370820668692 0.63300243020057689 1.0000000180025095e-35 1.0000000180025095e-35 0.51823708206686947 0.53319615125656139 0.65760675072669994 0.65843093395233165 0.28875379939209728 1.1246321797370913 0.6896122694015504 0.70562490820884716
decision_type=2 2 2 2 2 2 2 2 2 2 2 2 2 2 2 2 2 2 2 2 2 2 2 2 2 2 2 2 2 2
left_child=1 4 7 6 14 12 8 11 15 -6 22 19 13 20 -1 -3 -16 -4 -11 -2 -5 -8 -7 -17 -19 27 28 -26 -27 -30
right_child=2 3 17 5 9 10 21 -9 -10 18 -12 -13 -14 -15 16 23 -18 24 -20 -21 -22 -23 -24 -25 25 26 -28 -29 29 -31
leaf_value=-0.055239142652657329 0.00057080281846880903 -0.059305281053092657 0.044115208381612675 -0.065851841978422768 -0.048132640236345496 0.0006732040151208816 -0.0586509072499449 0.032940679141686462 -0.050217079378402765 -0.014862297431118249 0.018261193551033401 0.026583994343798587 -0.052262906728795612 0.017647498301842507 -0.030192815044288793 -0.038480098986988336 -0.048988571204882758 0.056771452001256856 -0.047335491854359792 0.015395699879319689 -0.011781070376014677 -0.014837608546797141 -0.022755054255441231 -0.023515314251710454 0.057096547198589899 0.058928255613792516 0.057998847094960441 -0.094941701370176546 -0.071516163152973905 0.061682017010745882
leaf_weight=161.57225216883671 31.663917714016861 4.4900018409825853 40.795338853262365 1.2819072561105702 16.660743853386521 100.62552921245515 1.9748952514491964 51.504572758858558 27.368866762190009 26.920752309612002 27.588401366665494 38.964118463598425 3.7107720563071771 7.3493815338006234 17.817039014771581 17.078177772993513 42.860128568958316 210.11882002279162 4.9534352149348697 54.433508321730187 104.67155005630048 70.327302857447648 6.458482017973437 62.707745035091648 0.45722773298621067 1.671265797689556 27.479099737480283 0.91680462658405304 1.8828501030802729 1.2087432499974964
leaf_count=45082 4642 681 4264 106 6179 7114 299 2339 3700 1926 1026 4078 300 230 3505 3909 6974 12057 466 3865 7783 9796 243 9644 83 1973 1712 8 737 1019
internal_value=4.18971e-10 -0.026738 0.0409637 -0.0135182 -0.0480058 -0.00380323 -0.0268107 0.020324 -0.0337896 -0.0295973 0.00315265 0.0151281 -0.0118089 -0.0104839 -0.0520259 -0.0284547 -0.0434694 0.0537716 -0.0199088 0.00994357 -0.0124353 -0.0160343 -0.000739808 -0.0267185 0.0553879 0.0467399 0.0506218 -0.0443489 0.00805992 -0.0194387
internal_weight=1167.51 706.417 461.096 435.633 270.784 251.686 183.947 176.566 111.645 48.5349 134.672 125.062 117.014 113.303 222.249 84.2759 60.6772 284.53 31.8742 86.0974 105.953 72.3022 107.084 79.7859 243.735 33.616 32.242 1.37403 4.76286 3.09159
internal_count=145740 108963 36777 44831 64132 16802 28029 14924 17934 8571 8383 12585 8419 8119 55561 14234 10479 21853 2392 8507 7889 10095 7357 13553 17589 5532 5441 91 3729 1756
is_linear=0
shrinkage=0.05


Tree=28
num_leaves=31
num_cat=0
split_feature=0 0 0 1 1 0 0 1 2 0 1 0 1 0 0 3 3 1 2 2 2 2 3 3 2 0 2 2 1 2
split_gain=483.259 75.2603 51.2768 21.4715 6.63176 5.96225 5.55681 3.95729 3.8784 2.94637 2.81837 2.80643 2.6858 2.05577 1.72986 1.63783 1.5886 1.56317 1.41703 1.33432 1.23314 1.22103 1.15373 1.04503 0.983802 1.03487 0.970175 0.968418 0.962109 1.06507
threshold=0.29002925753593445 0.014272179454565001 0.64564448595047008 0.63142892718315136 0.65670791268348705 0.076357886195182759 0.097763065248727757 0.70021736621856701 0.19604863221884497 1.0000000180025095e-35 0.72975400090217601 0.50552836060523998 0.71982061862945568 0.77798578143119823 0.0011707201483659002 1.0000000180025095e-35 1.0000000180025095e-35 0.63300243020057689 0.38145896656534961 0.022796352583586605 0.51823708206686947 0.0075987841945288513 1.0000000180025095e-35 1.0000000180025095e-35 0.63069908814589681 0.14647580683231354 0.025835866261398156 0.36626139817629183 0.53319615125656139 0.0045592705167173007
decision_type=2 2 2 2 2 2 2 2 2 2 2 2 2 2 2 2 2 2 2 2 2 2 2 2 2 2 2 2 2 2
left_child=1 4 7 5 14 8 12 11 15 -6 20 17 18 -4 -1 -3 -7 -2 22 -16 -8 -11 -5 -19 25 27 -14 -18 29 -17
right_child=2 3 13 6 9 16 10 -9 -10 21 -12 -13 26 -15 19 28 24 23 -20 -21 -22 -23 -24 -25 -26 -27 -28 -29 -30 -31
leaf_value=-0.055423358218022328 0.00056902258667957826 -0.059053352435920886 0.043582632477348816 -0.064499050550125378 -0.047778969325583343 -0.057902354776820431 0.00024343394370307118 0.031192282657020634 -0.053113684682814161 0.004810020820815125 0.017022025401855316 0.025773626007829106 0.024121672076248334 0.055907204930809529 -0.033821136604220897 0.042335639979711619 -0.017587393574204219 -0.080754699637382354 -0.050301663188521695 -0.05013149959828777 -0.022549459643173526 -0.025074593340953095 -0.014595560250119422 0.01512292149626096 -0.039727095041192491 -0.0088186023832432618 -0.0025232446191652928 -0.042904651980301911 -0.024946842566447653 -0.04027910649642729
leaf_weight=141.30280485611001 31.504250375670381 4.4970471134874961 39.594314388930798 1.1735285187605757 15.86192584764285 2.3072523834416634 99.273857223422965 49.515904755855445 22.752491009818186 4.0214852199424085 26.855453526775818 37.842441351793241 3.9730419547122464 232.6308627044782 17.820297153870342 0.39935305109247821 34.981689186399308 0.28573350654914875 2.9785689304117104 42.313074530815356 6.31135110973264 22.776609030494001 88.653498164683697 53.163004539062968 4.0947152164299032 39.002389707042312 24.381612842349568 4.2344114073057417 58.713499845151091 16.879193422893877
leaf_count=42781 4642 715 4264 110 6179 382 7114 2339 3230 250 1026 4078 186 17589 3660 88 5792 10 291 7304 243 1822 7525 3855 296 5412 853 539 9307 3858
internal_value=-2.06684e-10 -0.0263289 0.0406042 -0.0140103 -0.048608 -0.0268221 -0.00451957 0.0192598 -0.0348864 -0.0306994 0.00255951 0.0144482 -0.0122577 0.0541146 -0.0524007 -0.0297339 -0.0169832 0.00940323 -0.0163726 -0.045298 -0.00111901 -0.0205899 -0.0152475 0.0146104 -0.0158362 -0.0145855 0.00121023 -0.0203211 -0.0279988 -0.0383697
internal_weight=1130.1 685.559 444.537 441.463 244.096 187.862 253.601 172.311 103.242 42.66 132.441 122.795 121.16 272.225 201.436 80.4891 84.6205 84.953 92.8056 60.1334 105.585 26.7981 89.827 53.4487 82.3132 78.2185 28.3547 39.2161 75.992 17.2785
internal_count=145740 108963 36777 46967 61996 29619 17348 14924 17198 8251 8383 12585 8965 21853 53745 13968 12421 8507 7926 10964 7357 2072 7635 3865 12039 11743 1039 6331 13253 3946
is_linear=0
shrinkage=0.05


Tree=29
num_leaves=31
num_cat=0
split_feature=0 0 0 1 1 0 0 0 1 2 0 2 1 0 1 2 1 2 3 1 1 2 3 2 0 1 0 2 0 0
split_gain=454.15 71.1531 50.7417 18.6148 7.20809 5.3729 4.93467 4.20134 3.6136 3.52169 2.93873 2.6489 2.58967 2.52227 2.01987 1.7673 1.81776 1.64103 1.53154 1.52139 2.1947 1.48953 1.45328 1.16032 1.00642 0.987248 0.981002 0.949106 0.947691 0.921256
threshold=0.29002925753593445 0.017447809688746905 0.67874166369438182 0.63142892718315136 0.65670791268348705 0.076357886195182759 0.13761152327060697 0.50552836060523998 0.65586698055267345 0.19604863221884497 1.0000000180025095e-35 0.40729483282674767 0.69849663972854625 0.0033585673663764502 0.7260102927684785 0.94832826747720389 0.71445280313491832 0.025835866261398156 1.0000000180025095e-35 0.70021736621856701 0.69849663972854625 0.10182370820668692 1.0000000180025095e-35 0.095744680851063815 0.64564448595047008 0.72975400090217601 0.77798578143119823 0.63069908814589681 0.17820239812135699 0.055575609207153313
decision_type=2 2 2 2 2 2 2 2 2 2 2 2 2 2 2 2 2 2 2 2 2 2 2 2 2 2 2 2 2 2
left_child=1 4 7 5 13 9 11 8 -2 22 -6 12 29 -1 -8 16 -10 -15 -7 20 -9 25 -3 -14 -22 -12 -4 28 -20 -5
right_child=2 3 26 6 10 18 14 19 15 -11 21 -13 23 17 -16 -17 -18 -19 27 -21 24 -23 -24 -25 -26 -27 -28 -29 -30 -31
leaf_value=-0.054721017808196215 0.0033044340007450297 -0.058916486054887356 0.045566775435497878 -0.020036898584612557 -0.047264048426399551 -0.057910631404385175 0.00067224437125919375 0.027507762369699269 0.016654176236728182 -0.052398046923603517 -0.021195920529778464 -0.047581578948724751 0.0068548826457692823 -0.029182232198532006 0.018302945021190634 -0.024822867039606556 0.033490095485919906 -0.04783109522360543 -0.018262113578952837 0.044526085898075683 -0.0039359897590950021 -0.046200223437461864 -0.027168533724132839 -0.0073462214339001172 -0.11124307076110036 0.0014467816349570234 0.055603705536593787 -0.039359199275920589 -0.006554351225935221 -0.0096850271787527753
leaf_weight=145.30826526173769 46.247221389203332 3.8103410041076122 27.313075133599341 38.779706555025768 15.094483126453268 2.1831878952798425 72.87950077932328 44.212481504364405 46.187941623968072 20.559912096476182 19.381403543608037 4.5537375145649994 27.255840037803864 16.831397562316852 20.904959392355522 2.0296713216230264 24.556592598848511 39.434654085562215 50.261348321819241 14.585121628362684 0.48692298517562349 4.6917897405219255 66.763486247007677 30.456969431601465 0.39637806825339794 6.404928875155746 224.0220927670598 3.9532447014425989 26.344193389712018 48.212237466344959
leaf_count=45082 6079 633 3198 3867 6179 382 5110 4937 2965 3044 1730 352 1446 3505 829 38 1045 6974 7967 882 36 466 11931 1081 8 196 17589 296 3776 4117
internal_value=-1.30922e-10 -0.0259232 0.0400307 -0.0133219 -0.0471805 -0.0258129 -0.00438576 0.0196621 0.0142333 -0.0341877 -0.0292221 -0.0100332 -0.00885161 -0.0512406 0.0046022 0.0211784 0.0224982 -0.0422525 -0.0165886 0.0304887 0.0259487 -0.0202867 -0.0288826 -0.000639512 -0.0520896 -0.0155718 0.054513 -0.0154688 -0.0142359 -0.0142997
internal_weight=1094.1 664.066 430.037 416.919 247.147 173.876 243.043 178.702 119.021 91.1337 45.5726 149.258 144.705 201.574 93.7845 72.7742 70.7445 56.2661 82.742 59.6809 45.0958 30.4781 70.5738 57.7128 0.883301 25.7863 251.335 80.5588 76.6055 86.9919
internal_count=145740 108963 36777 44831 64132 28029 16802 15990 10127 15608 8571 10863 10511 55561 5939 4048 4010 10479 12421 5863 4981 2392 12564 2527 44 1926 20787 12039 11743 7984
is_linear=0
shrinkage=0.05


Tree=30
num_leaves=31
num_cat=0
split_feature=0 0 0 0 1 1 0 1 2 2 2 0 3 0 2 3 1 1 1 1 1 1 0 2 2 3 1 1 0 2
split_gain=425.031 71.4537 46.0477 17.168 9.63055 8.31468 3.42473 3.03131 3.02843 2.86509 2.75412 2.7038 2.40058 2.00224 2.57277 1.9451 1.83535 1.74194 1.57863 1.52652 1.51205 3.05553 1.52444 1.47846 1.28878 1.26922 1.16001 1.05902 1.01266 0.954187
threshold=0.30849862098693853 0.047105498611927005 0.67874166369438182 0.0033585673663764502 0.63825732469558727 0.63142892718315136 0.50552836060523998 0.71445280313491832 0.17477203647416414 0.20820668693009117 0.94832826747720389 0.16642885655164719 1.0000000180025095e-35 0.15662564337253568 0.37234042553191499 1.0000000180025095e-35 0.71982061862945568 0.7260102927684785 0.69849663972854625 0.77665513753891002 0.70021736621856701 0.69849663972854625 0.66266036033630382 0.095744680851063815 0.51823708206686947 1.0000000180025095e-35 0.65506327152252208 0.65843093395233165 0.77798578143119823 0.0045592705167173007
decision_type=2 2 2 2 2 2 2 2 2 2 2 2 2 2 2 2 2 2 2 2 2 2 2 2 2 2 2 2 2 2
left_child=1 3 6 19 12 8 7 25 15 16 -9 18 -3 14 -14 -5 -7 -13 24 27 21 -8 -23 -20 -6 -2 -27 -1 -4 -17
right_child=2 4 28 5 11 9 20 10 -10 -11 -12 17 13 -15 -16 29 -18 -19 23 -21 -22 22 -24 -25 -26 26 -28 -29 -30 -31
leaf_value=-0.054482034327800168 -0.070523380018971182 -0.058346378571097479 0.044895515311059543 -0.060347968536530794 -0.0094987873722844722 -0.020137060508495869 0.026822670267843237 0.033926221473349685 -0.056713207545921296 -0.055845232167883167 -0.068755895513672449 0.0028016508508055399 -0.018786703409800112 -0.0084694323839972253 -0.048854850960533783 -0.00027643696168982328 -0.0017767226315658431 0.02081667248713364 0.013991895778586198 0.040325507063295574 0.043791203240999291 -0.0015048198947317907 -0.13128584829835388 -0.0046645279817109078 -0.057913642631228751 0.0042647071451000339 0.01620944837364249 -0.042046222122185652 0.055321855255152021 -0.033966447208554601
leaf_weight=138.28484907864913 0.4880821336992075 3.6215238886070429 26.108587645925581 7.1135673570097415 60.802871977095492 58.153791351855034 43.118536854453851 21.306565644277729 20.666088431142271 4.7557998904376282 0.67367695271968742 58.75232808716828 70.645994029378926 43.764871584244247 7.9108717246272127 2.1628223122897898 17.770581043470884 17.390234820602927 15.817119516548699 0.43993278511334111 13.975795090431346 0.45528653718065371 0.44982807338237762 32.314189987373538 1.4063445762731124 39.914081877781427 41.417203294753563 19.538528214110556 215.59159729443491 74.372707868049474
leaf_count=45405 28 626 3198 1068 5091 5904 4937 946 3310 627 11 3963 11796 5954 1098 506 669 715 969 34 882 38 6 1154 113 5339 2737 6411 17589 14616
internal_value=1.03961e-10 -0.0248467 0.0403758 -0.0405937 -0.00754567 -0.0302511 0.0197313 0.0142937 -0.0395734 -0.0181979 0.0307791 -0.000331444 -0.0182277 -0.0170399 -0.0218146 -0.0353389 -0.0158397 0.00691611 -0.00533276 -0.0526832 0.0294629 0.0249142 -0.066004 0.00146643 -0.0105933 0.00986503 0.0103475 -0.0529425 0.0541956 -0.0330144
internal_weight=1059.18 655.685 403.499 343.259 312.426 184.995 161.799 103.8 104.315 80.6802 21.9802 186.483 125.943 122.322 78.5569 83.6491 75.9244 76.1426 110.341 158.263 57.9994 44.0237 0.905115 48.1313 62.2092 81.8194 81.3313 157.823 241.7 76.5355
internal_count=145740 110029 35711 78550 31479 26700 14924 9061 19500 7200 957 12005 19474 18848 12894 16190 6573 4678 7327 51850 5863 4981 44 2123 5204 8104 8076 51816 20787 15122
is_linear=0
shrinkage=0.05


Tree=31
num_leaves=31
num_cat=0
split_feature=0 0 0 1 1 0 0 1 2 0 0 0 1 2 2 0 1 3 1 2 1 2 2 2 2 2 1 0 0 0
split_gain=400.382 67.6524 45.3987 15.6994 6.80882 5.17961 5.09696 3.15815 3.09822 2.64852 2.46755 2.40877 2.31903 1.88347 1.77478 1.62703 1.49674 1.46989 1.44425 1.39715 1.17419 1.207 1.04871 1.04204 1.37011 1.31497 1.6006 1.30188 1.08482 1.0351
threshold=0.30849862098693853 0.017447809688746905 0.62835711240768444 0.63142892718315136 0.65670791268348705 0.071581516414880711 0.097763065248727757 0.68181467056274425 0.19604863221884497 1.0000000180025095e-35 0.77798578143119823 0.0011707201483659002 0.72975400090217601 0.23860182370820668 0.010638297872340401 0.46230357885360723 0.71982061862945568 1.0000000180025095e-35 0.53319615125656139 0.10182370820668692 0.60340613126754772 0.80395136778115506 0.63069908814589681 0.55319148936170226 0.94832826747720389 0.39969604863221891 0.73398017883300792 0.50552836060523998 0.50552836060523998 0.14647580683231354
decision_type=2 2 2 2 2 2 2 2 2 2 2 2 2 2 2 2 2 2 2 2 2 2 2 2 2 2 2 2 2 2
left_child=1 4 7 5 11 8 13 15 18 -6 -4 -1 -8 16 -13 -2 -5 -7 -3 -11 21 -17 29 25 -25 26 27 -9 -26 -19
right_child=2 3 10 6 9 17 12 23 -10 19 -12 14 -14 -15 -16 20 -18 22 -20 -21 -22 -23 -24 24 28 -27 -28 -29 -30 -31
leaf_value=-0.054826094047931942 0.0054394725246648323 -0.041584048959508672 0.041407507615558947 -0.013519632906491703 -0.046717277164346031 -0.057621100849111498 -0.00094097245491082558 0.016962135316124373 -0.051617113432416518 -0.015468321212395731 0.055050685389280235 -0.021160585621090515 0.015688107871431222 -0.031222967014531984 -0.04601228578389794 0.010100454940686435 0.00098232504070403979 -0.018936226260219954 -0.023842696906906487 -0.045881630466137815 0.025154323206711113 -0.054351461781442456 -0.039043542593274881 0.052322342435480444 -0.024497037806887941 0.011480980672041565 0.048418529988978332 0.046383992678325159 0.038895950640651655 -0.0075312555329607152
leaf_weight=119.87993626829484 49.215072166218306 15.005425544353782 39.441972158616409 73.274010606502998 13.693277811151345 2.0290737132891072 107.91653424064862 19.28215543815168 17.798400169718661 24.878257086529633 207.47680577728897 8.2742692790343408 26.020984790986404 11.718078942561986 54.525449481196119 9.5605367295065626 23.498240971559426 40.071114366397524 48.703186096230638 4.451957748795393 25.676256755599752 0.78613055788446295 4.1540801940063821 7.3581600463949126 1.2092144424095752 15.566405237186698 8.0931841179262829 4.6705686726490958 1.527197486720979 39.510751259680546
leaf_count=42781 5615 3731 4797 6552 6179 401 7871 1344 2870 1926 17589 1918 1082 918 10862 1651 949 6992 8325 466 2777 26 320 285 24 547 471 541 44 5886
internal_value=-3.93892e-11 -0.0244749 0.0398893 -0.0123655 -0.0464561 -0.0241485 -0.0042353 0.0174646 -0.0331739 -0.0285612 0.0528714 -0.0506705 0.00228968 -0.0122908 -0.0427379 0.0113495 -0.00999827 -0.0155713 -0.0280214 -0.0200847 0.0194239 0.00520346 -0.0145523 0.026497 0.041089 0.0234033 0.0291946 0.0226991 0.0108827 -0.0132739
internal_weight=1025.27 635.403 389.864 409.7 225.703 167.272 242.428 142.945 81.507 43.0235 246.919 182.68 133.938 108.49 62.7997 85.238 96.7723 85.765 63.7086 29.3302 36.0229 10.3467 83.7359 57.7069 10.0946 47.6123 32.0459 23.9527 2.73641 79.5819
internal_count=145740 110029 35711 45897 64132 28525 17372 13325 14926 8571 22386 55561 8953 8419 12780 10069 7501 13599 12056 2392 4454 1677 13198 3256 353 2903 2356 1885 68 12878
is_linear=0
shrinkage=0.05


Tree=32
num_leaves=31
num_cat=0
split_feature=0 0 0 1 0 0 0 1 0 2 1 2 2 1 2 1 3 3 2 1 1 1 1 2 0 0 1 0 2 2
split_gain=377.048 64.2595 44.2667 14.3899 6.61322 4.8436 4.84149 4.20467 3.18835 2.95222 2.77236 2.13382 1.90683 1.88242 1.79848 1.65241 1.36746 1.32085 1.31014 1.22316 1.45339 1.11202 1.08444 1.07753 1.02565 0.945949 0.920856 0.838056 1.47469 0.824935
threshold=0.30849862098693853 0.017447809688746905 0.67874166369438182 0.63142892718315136 1.0000000180025095e-35 0.071581516414880711 0.13761152327060697 0.60701999068260204 0.50552836060523998 0.19604863221884497 0.71445280313491832 0.40729483282674767 0.086626139817629164 0.70196545124053966 0.94832826747720389 0.72975400090217601 1.0000000180025095e-35 1.0000000180025095e-35 0.010638297872340401 0.70021736621856701 0.69849663972854625 0.72975400090217601 0.63300243020057689 0.63069908814589681 0.77798578143119823 0.18435971438884732 0.53319615125656139 0.055575609207153313 0.15349544072948326 0.42705167173252284
decision_type=2 2 2 2 2 2 2 2 2 2 2 2 2 2 2 2 2 2 2 2 2 2 2 2 2 2 2 2 2 2
left_child=1 4 8 5 -1 9 11 18 10 17 22 13 21 27 -12 -8 -7 -3 -6 20 -10 -9 -2 25 -4 -18 -19 28 -5 -21
right_child=2 3 24 6 7 16 15 12 19 -11 14 -13 -14 -15 -16 -17 23 26 -20 29 -22 -23 -24 -25 -26 -27 -28 -29 -30 -31
leaf_value=-0.053880374971433546 0.00092199994920299112 -0.058526089877369437 0.043818327869676904 -0.014712080122160695 -0.025861030228229109 -0.057287356666316513 0.00098064519623426846 -0.023922455258374276 0.025561133306675778 -0.051039743720827063 0.032447405605033501 -0.046011948094571438 -0.043963001636619314 -0.0016086576749949481 -0.059636624214019454 0.017519673576561996 -0.016882283306719714 -0.037894683858809897 -0.049930839942129435 0.057463339735787738 -0.042517178218127213 -1.6563317268160156e-05 0.013318203253290778 -0.039599224325872873 0.054764127646869568 -0.0051131837266830552 -0.022552941649863704 -0.0093493219849407685 -0.040300570661366851 0.031559797087658208
leaf_weight=120.53894461691016 26.714683631420485 3.2552034139516755 23.9717878238298 31.540650967523106 6.5457267590099937 1.8986323568387877 78.806704247574089 30.351888836390572 40.812958930793684 17.024063095544989 19.490275264368396 4.0739167577121398 10.884140445647061 50.321997754304903 0.5450760954990973 18.682326206588186 52.590144979494653 12.410193470299417 41.472497266666323 5.1239366302033869 0.79933341522700985 5.7930297679267815 51.954259027726948 4.0226828770100829 199.60608943924308 25.280926059203921 46.167350631054433 47.561075731689925 6.8541516060649874 7.6808816315606236
leaf_count=47578 4131 622 3198 3256 1727 401 5709 4238 4937 2870 946 352 1652 2285 11 800 8922 3360 8747 582 44 190 3973 320 17589 3956 8074 4242 728 300
internal_value=-3.93291e-10 -0.0240948 0.039406 -0.012247 -0.0461041 -0.0237079 -0.00440937 -0.0362422 0.0186947 -0.0326022 0.0133375 -0.0103548 -0.0256158 -0.00928888 0.0299422 0.0041501 -0.0153376 -0.0275259 -0.0466497 0.0284118 0.0242534 -0.020091 0.00910866 -0.014365 0.0535905 -0.0130614 -0.0258032 -0.0137852 -0.0192801 0.0419253
internal_weight=992.776 616.076 376.699 400.49 215.586 162.649 237.841 95.0473 153.121 78.8568 98.7043 140.352 47.0291 136.278 20.0354 97.489 83.7924 61.8327 48.0182 54.4171 41.6123 36.1449 78.6689 81.8938 223.578 77.8711 58.5775 85.9559 38.3948 12.8048
internal_count=145740 110029 35711 45897 64132 28525 17372 16554 14924 14926 9061 10863 6080 10511 957 6509 13599 12056 10474 5863 4981 4428 8104 13198 20787 12878 11434 8226 3984 882
is_linear=0
shrinkage=0.05


Tree=33
num_leaves=31
num_cat=0
split_feature=0 0 0 0 1 1 2 0 2 3 1 0 0 2 2 3 1 1 3 1 2 2 0 1 1 2 2 3 2 0
split_gain=354.223 66.2811 36.9692 15.2189 7.88917 6.6864 3.11196 3.08401 2.33328 2.2045 2.08931 1.9151 1.76576 2.51906 1.65456 1.64688 1.53255 1.29079 1.27186 1.2037 1.20365 1.19357 1.13224 1.21004 1.11346 1.04067 1.19493 0.914806 0.909162 0.908753
threshold=0.33925685286521917 0.047105498611927005 0.64564448595047008 0.0033585673663764502 0.63825732469558727 0.63596329092979442 0.092705167173252265 0.21727476269006726 0.20820668693009117 1.0000000180025095e-35 0.68181467056274425 0.77798578143119823 0.15662564337253568 0.37234042553191499 0.42705167173252284 1.0000000180025095e-35 0.68819844722747814 0.75170427560806286 1.0000000180025095e-35 0.70196545124053966 0.025835866261398156 0.63069908814589681 0.50552836060523998 0.6795758605003358 0.7260102927684785 0.55319148936170226 0.94832826747720389 1.0000000180025095e-35 0.18693009118541035 0.50552836060523998
decision_type=2 2 2 2 2 2 2 2 2 2 2 2 2 2 2 2 2 2 2 2 2 2 2 2 2 2 2 2 2 2
left_child=1 3 10 16 9 6 15 14 17 -3 18 -4 13 -11 19 -5 -1 27 -2 -6 -19 -14 -20 -24 -9 -12 -27 -7 -8 -28
right_child=2 4 11 5 7 8 28 24 -10 12 25 -13 21 -15 -16 -17 -18 20 22 -21 -22 -23 23 -25 -26 26 29 -29 -30 -31
leaf_value=-0.05317037942767875 -0.071147765805295735 -0.057979930284728143 0.041245626323891199 -0.059360794929146123 -0.006918246027828397 -0.066703774182349351 -0.04226513405426132 0.0060759324938095072 -0.054918571081624845 -0.017097047372922551 0.022913956670643651 0.054503708343032378 -0.0053210100715006146 -0.048270489089416529 -0.026870616093187721 -0.027455774757421322 -0.031272810612636197 0.036742101804346887 0.0086329042693839841 0.0030324629882915715 -0.0098742013971298108 -0.033953222195213163 0.023080622592345449 -0.037540901935112309 0.023247729880746804 0.052351357867136461 -0.023309173616395219 -0.016993491923503874 -0.05735463667331589 0.038687000369463057
leaf_weight=126.97470903984868 0.4451537998393168 3.1038223309442392 31.742516647092998 4.3981019257334983 74.32597731640999 0.93974907917436112 25.799717222718755 43.519229621408158 3.9918215393990968 65.421221564469306 37.803940465964843 191.92258287873119 42.999892944812018 7.1930493863401344 7.6020102904440128 50.332152845454402 8.5268920688831695 2.1243016489315769 44.752580857297289 51.414510107366368 3.9773658138001338 3.9764093642079379 28.191882875980813 0.84791912417858739 12.055253062513655 6.8076110808178765 1.0588095001876356 61.037363596187788 16.282142268959433 1.3381090150214729
leaf_count=49394 23 630 4264 838 6412 87 4325 3073 567 11796 2624 17589 6497 1098 385 11863 2456 69 5564 2403 134 232 3638 49 552 288 24 5816 3001 49
internal_value=-3.71713e-10 -0.022716 0.0405698 -0.0393108 -0.00650612 -0.0292963 -0.0378803 -9.46783e-05 -0.0177655 -0.0163781 0.0183366 0.0526221 -0.0152983 -0.020185 -0.00421894 -0.0300196 -0.0517924 -0.015587 0.0131137 -0.00284946 0.00635531 -0.00774464 0.013622 0.0213106 0.00980085 0.0265848 0.0416616 -0.0177472 -0.0481035 0.0113009
internal_weight=960.907 615.996 344.911 304.384 311.611 168.883 96.8121 188.917 72.0706 122.694 121.246 223.665 119.591 72.6143 133.342 54.7303 135.502 68.0788 74.2375 125.74 6.10167 46.9763 73.7924 29.0398 55.5745 47.0085 9.20453 61.9771 42.0819 2.39692
internal_count=145740 111628 34112 78550 33078 26700 20027 12825 6673 20253 12259 21853 19623 12894 9200 12701 51850 6106 9274 8815 203 6729 9251 3687 3625 2985 361 5903 7326 73
is_linear=0
shrinkage=0.05


Tree=34
num_leaves=31
num_cat=0
split_feature=0 0 0 0 1 1 0 2 3 2 3 0 1 0 2 2 0 1 2 2 1 2 3 2 2 0 1 2 2 1
split_gain=333.066 62.2563 36.3701 14.8508 7.67716 7.02625 3.00643 2.76917 2.24266 2.24053 2.10875 1.94889 1.862 1.64072 2.29762 1.53024 1.30075 1.26973 1.3115 1.20261 1.42196 1.14894 1.14467 1.10907 1.08338 1.07756 1.44621 1.06927 1.04376 0.976035
threshold=0.33925685286521917 0.047105498611927005 0.64564448595047008 1.0000000180025095e-35 0.63596329092979442 0.63825732469558727 0.16642885655164719 0.17477203647416414 1.0000000180025095e-35 0.20820668693009117 1.0000000180025095e-35 0.77798578143119823 0.68181467056274425 0.15662564337253568 0.37234042553191499 0.13221884498480244 0.010959185659885353 0.76125675439834606 0.025835866261398156 0.40729483282674767 0.7260102927684785 0.010638297872340401 1.0000000180025095e-35 0.63069908814589681 0.55319148936170226 0.55133524537086498 0.59622156620025646 0.94832826747720389 0.6656534954407296 0.59546777606010448
decision_type=2 2 2 2 2 2 2 2 2 2 2 2 2 2 2 2 2 2 2 2 2 2 2 2 2 2 2 2 2 2
left_child=1 3 12 -1 7 10 15 8 -5 17 -3 -4 22 14 -12 -7 -10 -6 -19 20 -8 -18 -2 -15 -14 28 29 -26 -24 -27
right_child=2 5 11 4 9 6 19 -9 16 -11 13 -13 24 23 -16 -17 21 18 -20 -21 -22 -23 25 -25 27 26 -28 -29 -30 -31
leaf_value=-0.053531819679589976 -0.070192158678404379 -0.057859207563990989 0.040598609355423108 -0.060257791117793169 -0.018021641182512864 0.0004295839235471213 0.0057976275465562496 -0.056127911927421503 -0.040944215214933341 -0.054532265348494972 -0.016762709980803817 0.054241176880098746 0.021944734041389979 -0.0052421779679883629 -0.047324474392440335 -0.011841938628630727 0.0033783132903010258 0.039287494720839339 -0.012486548166207211 -0.0051891594709614734 0.023499372109041464 -0.029534875291525153 0.012616745360913612 -0.033260454762078694 0.051994549613838939 0.0060305026764766187 0.032840997733344146 0.012284518339814575 -0.0071757320657827159 -0.098282801722897592
leaf_weight=108.16239911178491 0.41300747124478121 2.9307170494575976 30.507003207225353 8.0599596811807697 68.307409132292378 47.272058625800128 51.28054164625064 19.116937861312181 29.344365817632934 4.0249332845996824 63.890800979050255 184.4765034946613 36.642810490680858 42.278860068930953 6.8047910522072916 54.915724362697802 2.8085133828135431 2.0083049619570366 3.1287343988660723 17.039979714900255 14.567501540470401 47.438156792555674 46.744616074618534 3.8539352237276026 6.4372686324641091 4.7490405657445107 12.829613956040701 2.3012498863972723 7.7679047539422745 0.23536018095910538
leaf_count=47578 23 630 4264 1361 6821 4261 4136 3694 7527 609 11796 17589 2624 6497 1098 3066 904 59 101 658 704 9896 6474 232 288 841 1616 73 309 11
internal_value=-2.34122e-10 -0.0223425 0.0400587 -0.0388254 -0.0301915 -0.00653204 -0.000425728 -0.0388857 -0.0351251 -0.0182093 -0.0159687 0.0523052 0.0177697 -0.0149179 -0.0197044 -0.00616513 -0.03258 -0.0162188 0.00775431 0.00665005 0.00971377 -0.0276952 0.0128112 -0.00758283 0.0257174 0.0132852 0.0239612 0.0415371 0.00979636 0.0011049
internal_weight=930.339 597.235 333.104 292.4 184.237 304.835 185.076 106.768 87.651 77.4694 119.759 214.984 118.121 116.828 70.6956 102.188 79.591 73.4444 5.13704 82.888 65.848 50.2467 72.7395 46.1328 45.3813 72.3265 17.814 8.73852 54.5125 4.9844
internal_count=145740 111628 34112 78550 30972 33078 12825 23382 19688 7590 20253 21853 12259 19623 12894 7327 18327 6981 160 5498 4840 10800 9274 6729 2985 9251 2468 361 6783 852
is_linear=0
shrinkage=0.05


Tree=35
num_leaves=31
num_cat=0
split_feature=0 0 0 0 1 1 2 0 2 0 2 0 3 1 1 2 3 1 1 1 0 2 1 2 0 2 2 2 1 2
split_gain=312.772 58.9748 35.9964 14.3569 6.44888 5.86731 2.98297 2.98273 2.73825 2.23367 2.0385 2.01608 1.53009 1.52625 1.41439 1.39593 1.30017 1.19228 1.10391 1.14165 1.08116 1.01172 1.17976 0.986316 0.9689 0.903721 0.899736 1.11685 1.49078 1.12927
threshold=0.33925685286521917 0.047105498611927005 0.67874166369438182 0.0033585673663764502 0.67731565237045299 0.63596329092979442 0.092705167173252265 0.15662564337253568 0.37537993920972651 0.50552836060523998 0.20820668693009117 0.21727476269006726 1.0000000180025095e-35 0.71445280313491832 0.65843093395233165 0.94832826747720389 1.0000000180025095e-35 0.71982061862945568 0.70021736621856701 0.69849663972854625 0.77798578143119823 0.10790273556231002 0.75170427560806286 0.63069908814589681 0.13761152327060697 0.61550151975683909 0.42097264437689969 0.43009118541033436 0.70378968119621288 0.50911854103343479
decision_type=2 2 2 2 2 2 2 2 2 2 2 2 2 2 2 2 2 2 2 2 2 2 2 2 2 2 2 2 2 2
left_child=1 3 9 14 7 6 12 8 16 13 17 21 -5 -2 -1 -15 -3 -7 19 -11 -4 22 -6 -9 -23 -26 -13 -28 29 -29
right_child=2 4 20 5 11 10 -8 23 -10 18 -12 26 -14 15 -16 -17 -18 -19 -20 -21 -22 24 -24 -25 25 -27 27 28 -30 -31
leaf_value=-0.053368032113586567 0.0093727766507795945 -0.056644522666315693 0.041988275313187599 -0.058924709095916773 0.0020445108708694354 -0.019328870150386764 -0.047354683445158779 -0.0032548804335601465 -0.043290734894503642 0.023647764083370174 -0.053985120089659756 0.017036662210997422 -0.026479509920723027 0.03057648712732642 -0.037473202781916563 -0.056040681382058893 -0.014407731965458196 -0.003633960991567411 0.040401197841704539 -0.044502346483718667 0.053986419589341667 -0.011253832831196076 0.031429706924990301 -0.025234711242881781 0.0036457866052219305 -0.058968343666958502 -0.037912740689220993 0.031685934233462477 0.035017611864962044 -0.039841339704637865
leaf_weight=106.09502553273705 60.071379875371349 1.8579369206854597 20.999751877970994 3.9360164260724551 22.036123799742203 49.25210426771082 38.74644858323154 71.521550583740463 9.5531942688176041 37.536675479583209 3.6268634640000519 27.346783343033167 47.320386122504715 13.664407168049362 16.122591128654676 0.48154668789357025 94.315387236132665 16.041576761286706 11.173784274840726 0.62475255480967362 177.31074604624882 30.730789204040775 4.0422314393799743 5.4961833348570499 23.630345550540373 0.59068006835877795 1.7303623288171355 0.7899598540971059 2.627964633051306 1.8304494345793498
leaf_count=45405 6681 477 3198 838 1777 5437 7326 9321 1397 4937 567 1730 11863 770 6445 11 15125 669 882 44 17589 1363 234 302 1073 15 54 42 110 58
internal_value=-3.32824e-10 -0.0219585 0.0395176 -0.0383868 -0.00646482 -0.0284782 -0.0368852 -0.0123077 -0.0177598 0.0183335 -0.0174996 0.00279139 -0.028971 0.0128522 -0.0512712 0.0276279 -0.0152237 -0.0154729 0.0265792 0.0225321 0.0527159 -0.0015108 0.00659931 -0.00482342 -0.00535959 0.00211881 0.0129473 -0.00307716 0.00840796 -0.0182784
internal_weight=901.104 579.241 321.863 281.141 298.1 158.923 90.0029 182.744 105.727 123.553 68.9205 115.356 51.2564 74.2173 122.218 14.146 96.1733 65.2937 49.3352 38.1614 198.31 81.0302 26.0784 77.0177 54.9518 24.221 34.3255 6.97874 5.24837 2.62041
internal_count=145740 111628 34112 78550 33078 26700 20027 26622 16999 13325 6673 6456 12701 7462 51850 781 15602 6106 5863 4981 20787 4462 2011 9623 2451 1088 1994 264 210 100
is_linear=0
shrinkage=0.05


Tree=36
num_leaves=31
num_cat=0
split_feature=0 0 0 0 1 1 0 2 0 2 2 0 1 1 2 3 1 2 0 2 1 3 2 0 2 2 0 1 1 2
split_gain=293.491 63.6607 26.1518 15.0258 6.35007 5.83248 3.10932 2.84953 2.1984 2.19332 1.82155 1.66349 1.58114 1.52699 1.44605 1.38094 1.36956 1.13532 1.11751 1.09314 1.07786 1.01572 0.980258 1.37638 0.933676 0.912759 0.867967 0.860681 1.10884 0.812622
threshold=0.38956686854362493 0.051947942003607701 0.67874166369438182 0.0024039756972342005 0.64279800653457653 0.59909257292747509 0.21727476269006726 0.10182370820668692 0.17820239812135699 0.14741641337386016 0.37234042553191499 0.59754621982574474 0.69238144159317028 0.73843848705291759 0.61550151975683909 1.0000000180025095e-35 0.63370069861412059 0.25987841945288753 0.77798578143119823 0.6656534954407296 0.68819844722747814 1.0000000180025095e-35 0.13221884498480244 0.076357886195182759 0.13525835866261396 0.6656534954407296 0.13349515944719312 0.63596329092979442 0.625572830438614 0.010638297872340401
decision_type=2 2 2 2 2 2 2 2 2 2 2 2 2 2 2 2 2 2 2 2 2 2 2 2 2 2 2 2 2 2
left_child=1 3 11 20 8 9 14 12 10 15 21 16 -7 -8 22 -5 19 -9 27 -2 -1 -3 -6 -24 -25 -10 -12 28 -4 -17
right_child=2 4 18 5 6 7 13 17 25 -11 26 -13 -14 -15 -16 29 -18 -19 -20 -21 -22 -23 23 24 -26 -27 -28 -29 -30 -31
leaf_value=-0.052855162539705194 0.010900312364359011 -0.056647900878443673 0.038342434653400426 -0.059440875865805258 0.0026725852531191917 -0.020340094731735703 0.0069803771481779841 -0.028860990339252053 -0.0027114782743925358 -0.055043036974268593 -0.053147119641579303 0.032820311934630371 -0.0046342399644486261 0.028645159736211206 -0.053861535105106009 -0.011754282856949301 0.02119897651469517 -0.05534975655613731 0.053740659681632635 -0.020328276644938276 -0.032337645486072313 -0.01460399235608369 -0.024534723289563558 -0.040118274145387184 -0.0027358022416752812 -0.02848580893361128 -0.02214752895222985 0.049470713683775765 -0.0071073218977955824 -0.033758391638581749
leaf_weight=104.25728941780471 19.54874077290879 1.4684862303256512 6.0111828907392946 4.8911982148420057 46.80347369446099 45.930658098426647 59.032110317566548 28.528523887624033 44.282674225112714 16.926758538400463 5.0583778339787369 20.109423311718274 24.611002968391404 9.432971671514677 1.4077560865553085 4.6840697889492722 50.153844912245404 4.7135120054299469 170.32412175787613 3.2711987590300842 6.8197631423536214 65.955064583162311 9.3693206341849855 1.72216007253155 55.490215831639944 3.7238086120632934 4.0787914909451501 12.325106792617587 1.7276799152605233 40.256853280494397
leaf_count=48386 3539 429 1380 1001 4401 7466 4203 3212 7082 3514 925 2665 1392 496 77 1501 4299 941 17589 157 2396 12259 592 84 2981 214 398 1619 199 10343
internal_value=-1.14463e-10 -0.0201055 0.0418069 -0.0372847 -0.00438869 -0.0279639 0.00153207 -0.0205479 -0.0130991 -0.0394929 -0.0183589 0.0200874 -0.0148605 0.0099653 -0.0034977 -0.0342109 0.0165786 -0.0326169 0.0524259 0.00642375 -0.0515955 -0.0155197 -0.0028724 -0.00677024 -0.00386106 -0.00471076 -0.039309 0.0412648 0.0281959 -0.031465
internal_weight=872.916 589.445 283.471 281.62 307.825 170.543 183.258 103.784 124.567 66.7589 76.5607 93.0832 70.5417 68.4651 114.793 49.8321 72.9738 33.242 190.388 22.8199 111.077 67.4236 113.385 66.5817 57.2124 48.0065 9.13717 20.064 7.73886 44.9409
internal_count=145740 114293 31447 80152 34141 29370 12834 13011 21307 16359 14011 10660 8858 4699 8135 12845 7995 4153 20787 3696 50782 12688 8058 3657 3065 7296 1323 3198 1579 11844
is_linear=0
shrinkage=0.05


Tree=37
num_leaves=31
num_cat=0
split_feature=0 0 0 0 2 0 1 3 2 1 0 1 2 0 1 0 2 1 2 0 1 2 1 2 0 2 2 2 2 1
split_gain=276.273 53.5291 34.9442 12.9078 6.0592 4.4613 3.74949 2.74733 2.66018 2.26928 2.04416 1.99528 1.72489 1.98315 1.38296 1.33062 1.1387 1.30979 1.08125 1.05076 1.04123 0.991807 0.968037 0.957686 0.93567 0.912348 0.870456 0.859321 0.844255 0.79645
threshold=0.33925685286521917 0.012967582792043651 0.67874166369438182 0.076357886195182759 0.20212765957446807 1.0000000180025095e-35 0.61976194381713878 1.0000000180025095e-35 0.0075987841945288513 0.65083479881286632 0.59754621982574474 0.66514942049980175 0.42705167173252284 0.16642885655164719 0.66213476657867443 0.14232955873012543 0.43009118541033436 0.70994800329208385 0.53951367781155024 0.82601973414421093 0.74460256099700939 0.034954407294832811 0.71691232919693004 0.010638297872340401 0.053727235645055757 0.6656534954407296 0.51823708206686947 0.092705167173252265 0.67477203647416417 0.59622156620025646
decision_type=2 2 2 2 2 2 2 2 2 2 2 2 2 2 2 2 2 2 2 2 2 2 2 2 2 2 2 2 2 2
left_child=1 5 10 4 7 -1 18 -3 -7 23 14 -10 13 20 25 -14 -17 -18 -5 -4 -8 -11 -15 -9 27 -2 -19 -25 -27 -12
right_child=2 3 19 6 -6 8 12 9 11 21 29 -13 15 22 -16 16 17 26 -20 -21 -22 -23 -24 24 -26 28 -28 -29 -30 -31
leaf_value=-0.05299305730857462 0.010979515581507063 -0.059464091788523001 0.045763271103321949 -0.011686563255032751 -0.045301097018041768 -0.0092214881616017458 -0.0056735481899177626 0.0058327242165568879 -0.045455115412249031 0.0019579697718718645 0.011421714809447658 -0.024313546627736125 -0.051063025739575101 0.0048498470120334975 0.019921100971365374 -0.042414355746908994 -0.011362558894930277 0.056709395739718296 -0.032071951419614421 0.054429302907924443 0.012977198698066676 -0.013196079071851436 0.018387099868057512 -0.021822915498425913 -0.013499450623704093 -0.05371455502353855 0.0033527093466214097 -0.034657263646991891 -0.0019304474040257374 0.037010559932390184
leaf_weight=91.872967688106655 39.347329794458346 3.8921073294477528 47.148273513186723 54.515339982459409 23.990703800762276 8.1925837533199211 65.165024843678111 2.8243311136466209 41.082346711424179 14.188236996458725 3.7712545206304666 15.322528812830567 2.0864921870670541 54.006329659016046 51.940998575184494 2.2372979255887939 13.1706837877573 1.257231190655147 7.3860410293127634 135.51558337872848 8.454161335655952 45.175253660505405 17.48040523257805 31.999426231101097 16.659004269378784 0.90554978605359693 1.9498794395476577 22.014719736180268 6.0164089377212804 15.701031380391212
leaf_count=47578 6447 865 4797 11225 4170 1624 5706 1016 10346 1388 706 1380 180 5105 3894 69 600 55 721 15990 376 3334 956 7682 3194 33 75 3983 286 1959
internal_value=-6.33814e-11 -0.021222 0.0385033 -0.0112761 -0.0221241 -0.0459136 -0.00361824 -0.0180581 -0.035845 -0.0168451 0.0172554 -0.039712 0.000302014 0.00222824 0.0143211 -0.0131997 -0.00895575 -0.00438511 -0.0141189 0.0521925 -0.00353176 -0.00957417 0.00816006 -0.0227178 -0.0238588 0.00803468 0.0242693 -0.0270539 -0.00870499 0.0320547
internal_weight=845.27 544.923 300.346 388.453 160.744 156.47 227.709 136.753 64.5975 132.861 117.683 56.4049 165.808 145.106 98.2103 20.7016 18.6151 16.3778 61.9014 182.664 73.6192 59.3635 71.4867 73.4975 70.6732 46.2693 3.20711 54.0141 6.92196 19.4723
internal_count=145740 111628 34112 50700 25632 60928 25068 21462 13350 20597 13325 11726 13122 12143 10660 979 799 730 11946 20787 6082 4722 6061 15875 14859 6766 130 11665 319 2665
is_linear=0
shrinkage=0.05


Tree=38
num_leaves=31
num_cat=0
split_feature=0 0 0 0 0 1 1 2 0 1 3 2 0 1 1 2 2 1 0 2 2 0 0 2 3 1 1 2 2 2
split_gain=260.394 64.4255 16.1267 14.2683 7.96291 5.94666 3.05216 2.80737 2.37604 2.37079 2.19799 1.70388 1.69696 2.45238 2.30381 1.81822 1.65022 1.44905 1.33983 1.202 1.18252 1.12783 1.10091 1.09307 1.06588 1.05893 0.999066 1.13668 0.976603 0.938203
threshold=0.46230357885360723 0.051947942003607701 0.82601973414421093 1.0000000180025095e-35 0.21727476269006726 0.63596329092979442 0.61845314502716076 0.14741641337386016 0.59754621982574474 0.7260102927684785 1.0000000180025095e-35 0.40729483282674767 0.80964821577072155 0.60340613126754772 0.60202977061271679 0.29331306990881462 0.025835866261398156 0.76125675439834606 0.010959185659885353 0.25987841945288753 0.28419452887537999 0.017447809688746905 0.097763065248727757 0.53951367781155024 1.0000000180025095e-35 0.73398017883300792 0.63370069861412059 0.6656534954407296 0.50911854103343479 0.010638297872340401
decision_type=2 2 2 2 2 2 2 2 2 2 2 2 2 2 2 2 2 2 2 2 2 2 2 2 2 2 2 2 2 2
left_child=1 3 8 -1 6 7 23 10 26 24 -5 22 -10 14 -14 20 17 -7 -12 21 -15 -18 -8 -3 -6 -24 27 -2 -26 -20
right_child=2 4 -4 5 9 16 11 -9 12 -11 18 -13 13 15 -16 -17 19 -19 29 -21 -22 -23 25 -25 28 -27 -28 -29 -30 -31
leaf_value=-0.052803569348413584 0.012805573600637998 -0.016906487788796991 0.05448823443713971 -0.059594341846935676 -0.062307340430716375 -0.0094625797126173337 -0.0093616471746921087 -0.051728020363098974 0.037798527059597214 0.023730135024519955 -0.038375524534381859 -0.025010723058365127 0.056090372326417698 0.055821797856585635 -0.10400622668642293 0.055773975330505238 -0.03097849580626981 0.03781988735656619 0.0049635098439762514 -0.057993497245503969 -0.12805030143288373 -0.015433237612894469 -0.0022722195185342978 -0.043802750754734679 0.0069064850446083226 0.014232890544779983 0.023805438153368268 -0.030275640261211184 -0.0043068619941542281 -0.025650241246658219
leaf_weight=87.227863027717831 11.264086983865125 55.525385178551005 149.2649784013629 6.4004286367271552 0.60265737527515639 18.612851256111757 49.57075991988313 22.344155817638239 41.337193548737559 17.649763627676293 24.492321190584335 10.004996996256521 0.31091792788356476 0.13334929104894433 0.81044191122055054 1.6290566045790909 17.272054048837163 1.7749304687604297 2.6605423961373154 2.2242622998310244 0.25398913025856018 35.958866250148276 64.278374091190926 4.0532396198250344 85.774152161393431 11.44866629320313 26.995759697136236 1.7719558393000614 25.099083679167961 42.176206551906944
leaf_count=47578 2122 12006 15990 1330 67 2228 4360 4977 6929 976 7272 616 152 216 6 151 2152 61 942 463 8 3165 5899 581 11013 552 2588 87 1269 9984
internal_value=5.07055e-11 -0.0178208 0.0446069 -0.0363007 -0.00292618 -0.0280237 -0.00930661 -0.0361542 0.0271535 0.0067034 -0.0315592 -0.00515439 0.0351077 -0.000341686 -0.0596165 0.0326223 -0.0175101 -0.00534624 -0.028971 -0.021982 -0.0647485 -0.0204773 -0.00356886 -0.0187363 0.00400759 0.000223078 0.0183165 0.00694965 0.00436805 -0.0238337
internal_weight=818.923 585.152 233.772 261.144 324.007 173.917 194.881 98.0737 84.5068 129.126 75.7295 135.303 44.4749 3.13775 1.12136 2.0164 75.843 20.3878 69.3291 55.4552 0.387338 53.2309 125.298 59.5786 111.476 75.727 40.0318 13.036 110.873 44.8367
internal_count=145740 117491 28249 80152 37339 32574 24014 24505 12259 13325 19528 11427 7462 533 158 375 8069 2289 18198 5780 224 5317 10811 12587 12349 6451 4797 2209 12282 10926
is_linear=0
shrinkage=0.05


Tree=39
num_leaves=31
num_cat=0
split_feature=0 0 0 0 0 2 1 1 1 3 1 2 2 1 1 0 3 2 2 1 2 3 2 3 2 2 0 2 0 0
split_gain=246.757 60.663 16.0317 14.0103 7.53765 5.1614 3.44448 2.8595 2.29361 1.52151 1.48377 1.27104 1.20136 1.19005 1.15985 1.40163 0.982146 0.962256 1.47075 1.72705 0.960451 0.924649 0.90259 0.902531 0.863554 0.843943 0.822467 1.43819 0.821357 0.800152
threshold=0.46230357885360723 0.051947942003607701 0.71332663297653209 0.0033585673663764502 0.22442981600761411 0.16565349544072946 0.58397808670997631 0.65506327152252208 0.73843848705291759 1.0000000180025095e-35 0.69238144159317028 0.13221884498480244 0.53951367781155024 0.65843093395233165 0.59622156620025646 0.59754621982574474 1.0000000180025095e-35 0.6185410334346505 0.6656534954407296 0.66030469536781322 0.13525835866261396 1.0000000180025095e-35 0.8905775075987844 1.0000000180025095e-35 0.022796352583586605 0.39969604863221891 0.11069178953766821 0.25683890577507601 0.82601973414421093 0.055575609207153313
decision_type=2 2 2 2 2 2 2 2 2 2 2 2 2 2 2 2 2 2 2 2 2 2 2 2 2 2 2 2 2 2
left_child=1 3 14 13 7 6 21 9 16 -3 23 -9 26 -1 -2 -16 -6 -17 19 -19 -13 -5 29 -8 -12 -10 27 -11 -4 -22
right_child=2 4 28 5 8 -7 10 11 25 12 24 20 -14 -15 15 17 -18 18 -20 -21 22 -23 -24 -25 -26 -27 -28 -29 -30 -31
leaf_value=-0.052608552429730109 0.0083551901891020779 -0.057143364454166602 0.042665211357479728 -0.058586230140726406 -0.062379136247112422 -0.047751663771371411 -0.060959200630237013 0.0038636426303369311 0.038488753943203821 -0.013321844642300462 0.0073928871473894131 -0.040156114916257812 -0.037163975715619683 -0.036711213927488724 0.019971088858138735 0.044957618478165332 0.0050041109733103897 0.06006631817596049 0.036911081031260229 -0.040018214794309802 -0.056681467415701507 -0.032512394650241902 -0.079172609536910341 -0.020464920212706631 -0.012682283727248198 0.0080898742100969732 -0.0079527047272599932 -0.03620862409586012 0.054087107939204827 -0.0051668687276913497
leaf_weight=86.125952794605837 10.876002782752037 2.1007709314580998 17.690250878920779 3.7875218982808283 0.54343896836507966 23.664432720299374 1.4076696262927715 40.057496525492752 7.3073399197892268 38.11552424074398 7.1928623121930313 2.1998430945386636 5.3484417561994624 13.63601557907168 33.150235187553335 12.79761870543007 110.09768464218359 0.59508725721389 5.030845818342641 1.5635203579440711 0.76456630998290975 33.251585813079146 0.42348491563461621 61.136912961010239 20.986575122136855 3.3207264505326748 44.851356929157191 8.3718022923494555 142.74560507200658 53.494276161945891
leaf_count=45405 2181 579 3731 910 62 4965 246 3718 453 7783 439 104 671 6445 3600 2359 12129 42 293 53 58 9861 19 10666 1215 148 7373 1347 15990 2895
internal_value=5.06137e-11 -0.017534 0.0443869 -0.0358873 -0.00299082 -0.0263027 -0.0223299 -0.00905972 0.00680434 -0.0150464 -0.0170843 -0.00295887 -0.0141318 -0.0504356 0.0232317 0.0262766 0.00467314 0.0367347 0.0220976 -0.0124268 -0.00776342 -0.0351786 -0.00646028 -0.0213763 -0.00755805 0.0289907 -0.0127831 -0.0174435 0.0528277 -0.00589277
internal_weight=792.635 568.186 224.449 251.19 316.997 151.428 127.763 195.728 121.269 98.7879 90.724 96.9397 96.6871 99.762 64.0133 53.1373 110.641 19.9871 7.18945 2.15861 56.8822 37.0391 54.6823 62.5446 28.1794 10.6281 91.3387 46.4873 160.436 54.2588
internal_count=145740 117491 28249 80152 37339 28302 23337 24547 12792 17753 12566 6794 17174 51850 8528 6347 12191 2747 388 95 3076 10771 2972 10912 1654 601 16503 9130 19721 2953
is_linear=0
shrinkage=0.05


Tree=40
num_leaves=31
num_cat=0
split_feature=0 0 0 0 0 1 2 2 1 1 0 3 2 3 1 2 1 0 0 2 2 0 2 2 1 0 1 2 2 1
split_gain=232.161 60.9893 13.3929 11.2964 8.10372 5.43792 3.26257 2.67991 2.12094 2.11542 1.89095 1.46398 1.4397 1.27931 1.10913 1.08211 1.05153 1.01932 0.966732 1.00537 0.948239 0.892258 0.883715 0.87429 0.874205 0.924875 0.932926 0.865973 1.18511 1.40939
threshold=0.50552836060523998 0.051947942003607701 1.0000000180025095e-35 0.71332663297653209 0.22442981600761411 0.58397808670997631 0.10182370820668692 0.37234042553191499 0.69849663972854625 0.73843848705291759 0.14232955873012543 1.0000000180025095e-35 0.010638297872340401 1.0000000180025095e-35 0.71982061862945568 0.25987841945288753 0.63300243020057689 0.11069178953766821 0.018214993178844403 0.13525835866261396 0.39969604863221891 0.29002925753593445 0.6656534954407296 0.095744680851063815 0.59692597389221203 0.59754621982574474 0.77665513753891002 0.6185410334346505 0.6656534954407296 0.66030469536781322
decision_type=2 2 2 2 2 2 2 2 2 2 2 2 2 2 2 2 2 2 2 2 2 2 2 2 2 2 2 2 2 2
left_child=1 2 -1 24 7 12 11 8 13 16 -9 -7 -4 -3 -13 -8 22 -15 -14 -20 -11 -18 -6 -10 -2 26 -26 -27 29 -29
right_child=3 4 5 -5 9 6 15 10 23 20 -12 14 18 17 -16 -17 21 -19 19 -21 -22 -23 -24 -25 25 27 -28 28 -30 -31
leaf_value=-0.052450461260070413 0.010917863200016526 -0.056184109306690468 -0.015087888449686608 0.052564389516276622 0.0012014275340940849 -0.062807175641613769 -0.030017870040229808 -0.043469616590948251 0.013191428015114066 0.037858496913723838 -0.013924570849014481 -0.017062837995755486 -0.04972846883590254 -0.013888389129708767 -0.0013630906800210826 -0.054909416410495598 0.00040577333282239655 -0.0047246459268215392 -0.027544477983360294 -0.048990504608455471 0.0076478217177761215 0.011863069149868295 -0.02266351395237869 -0.0019546595889492089 0.022439628547522211 0.044018909386356379 -0.053755157054779269 0.056504498732459441 0.034866336529830691 -0.039862244380895195
leaf_weight=78.288074622014392 9.0083791809156519 1.4827524904976588 5.1103978049359275 153.78412255877629 34.262703842599876 1.5779791256063607 29.021502314732061 8.5228306096541946 13.72445966460509 7.6849491174216364 14.854803402635296 60.380896374445001 25.407248219962639 62.770928360278049 13.825448658666572 5.1394785550655788 24.040418312084512 58.747648800908792 14.507252790524946 8.7673806881393812 3.9234538399614394 57.965367790078744 4.374356417953094 31.159458073438145 20.657273669377904 12.311806427780541 0.4097000383771946 0.53151192842051287 4.7158136775251478 1.3259035665541885
leaf_count=47578 1819 487 1862 19721 6499 278 4039 1261 1084 499 1020 10794 7157 10506 643 1238 1956 8723 4393 2170 181 5016 240 1466 2355 2350 17 42 293 53
internal_value=1.667e-10 -0.0164568 -0.0354405 0.045905 -0.00225484 -0.0273076 -0.020934 -0.00883521 -0.00662665 0.00726174 -0.0246959 -0.0151512 -0.0403344 -0.0100215 -0.0141378 -0.0337628 0.00530017 -0.00945822 -0.0429847 -0.035623 0.0276478 0.0085043 -0.00150048 0.00267666 0.0249881 0.0281606 0.0209578 0.0361956 0.0215423 -0.0122863
internal_weight=768.284 565.54 242.026 202.745 323.514 163.738 109.945 191.263 167.885 132.251 23.3776 75.7843 53.7923 123.001 74.2063 34.161 120.643 121.519 48.6819 23.2746 11.6084 82.0058 38.6371 44.8839 48.9604 39.952 21.067 18.885 6.57323 1.85742
internal_count=145740 119090 80152 26650 38938 32574 16992 24547 22266 14391 2281 11715 15582 19716 11437 5277 13711 19229 13720 6563 680 6972 6739 2550 6929 5110 2372 2738 388 95
is_linear=0
shrinkage=0.05


Tree=41
num_leaves=31
num_cat=0
split_feature=0 0 0 0 0 1 2 2 3 1 3 1 2 0 0 2 0 2 2 1 3 2 0 0 2 1 2 3 1 0
split_gain=217.938 57.6727 12.9087 11.383 7.62261 5.10235 2.59103 2.56395 2.04691 1.99642 1.99156 1.80442 1.41572 1.35419 1.26035 1.16979 1.31629 1.1233 1.03864 0.97868 0.978669 0.96196 0.944133 0.881775 1.16047 0.839896 0.819424 0.788172 0.782654 0.767781
threshold=0.50552836060523998 0.051947942003607701 1.0000000180025095e-35 0.71332663297653209 0.22442981600761411 0.63596329092979442 0.53951367781155024 0.17477203647416414 1.0000000180025095e-35 0.73843848705291759 1.0000000180025095e-35 0.64279800653457653 0.022796352583586605 0.010959185659885353 0.0052666356787085507 0.13221884498480244 0.10103285685181611 0.25987841945288753 0.013677811550151952 0.76125675439834606 1.0000000180025095e-35 0.39969604863221891 0.82601973414421093 0.29002925753593445 0.42097264437689969 0.63300243020057689 0.6656534954407296 1.0000000180025095e-35 0.59692597389221203 0.59754621982574474
decision_type=2 2 2 2 2 2 2 2 2 2 2 2 2 2 2 2 2 2 2 2 2 2 2 2 2 2 2 2 2 2
left_child=1 2 -1 27 6 7 8 10 -3 20 -4 -10 19 -12 -14 -13 -17 -16 -15 -7 -6 -11 -5 24 -22 26 -25 -2 -29 -30
right_child=3 4 5 22 9 12 -8 -9 11 21 13 15 14 18 17 16 -18 -19 -20 -21 23 -23 -24 25 -26 -27 -28 28 29 -31
leaf_value=-0.052225031685925863 -0.082175650144595158 -0.058309258500590849 -0.058991935993690292 0.040853067345227478 -0.062168555490485312 -0.0079187514442052957 -0.038232631084763845 -0.053502866410480771 -0.012867792492769096 0.03733256881677359 -0.038467712332055926 0.0036505326071041033 -0.045187186549325964 0.0029984737544883314 -0.01701111710592771 -0.018380122984153251 -0.0022959809147818423 -0.057535950604735223 -0.025702708750843857 0.035339322447907578 0.0038564620694880995 0.006580213005760659 0.053699506424132196 0.0042768999294833581 -0.01756619564018097 0.011723240408270795 -0.022273722815275943 0.011097017027360379 0.020952563490234177 0.035102677060858338
leaf_weight=74.092753153132435 0.17367172427475353 1.9607989127689496 5.8637908344098824 16.050779320066795 0.53707354969810595 15.252048911614112 7.1313390561554106 15.407088155432573 74.600233896464488 7.6102765506948327 22.891890145838261 42.89920507962961 4.8517813492508131 3.417310022727178 47.352609329369443 18.214645332511282 42.169592595557333 1.7740587644802861 40.623397263705556 1.4301143232733 27.343442631441576 3.8191190015058964 131.29753793287091 22.171386499168879 8.2226196195406356 56.606804646493401 3.3443759533402035 8.8144544098176976 20.361358634021599 18.115512471180409
leaf_count=47578 3 559 1384 3731 66 1942 821 3986 14981 499 7527 4481 807 1312 4847 1158 2547 422 10296 51 3543 181 15990 4442 478 5006 176 1819 2369 2738
internal_value=-5.6239e-11 -0.0161074 -0.0349906 0.0454405 -0.0022143 -0.0269525 -0.00867452 -0.0349728 -0.00750246 0.00710199 -0.031051 -0.00694242 -0.0169411 -0.0286032 -0.0208756 -0.00266261 -0.00714769 -0.0184745 -0.0234757 -0.00421036 0.00517289 0.0270567 0.0523001 0.0054802 -0.0010963 0.00832838 0.000796884 0.0241455 0.024536 0.0276147
internal_weight=744.401 549.588 232.957 194.813 316.631 158.864 186.976 88.2035 179.844 129.655 72.7964 177.884 70.6606 66.9326 53.9784 103.283 60.3842 49.1267 44.0407 16.6822 118.226 11.4294 147.348 117.689 35.5661 82.1226 25.5158 47.465 47.2913 38.4769
internal_count=145740 119090 80152 26650 38938 32574 24547 24505 23726 14391 20519 23167 8069 19135 6076 8186 3705 5269 11608 1993 13711 680 19721 13645 4021 9624 4618 6929 6926 5107
is_linear=0
shrinkage=0.05


Tree=42
num_leaves=31
num_cat=0
split_feature=0 0 0 0 0 2 2 3 0 1 1 2 0 1 0 2 0 2 0 2 1 2 1 0 2 2 1 1 1 1
split_gain=205.423 54.3321 12.5019 11.2433 7.12404 4.57543 2.69045 2.53182 2.38814 1.81607 1.81502 1.59404 1.42475 1.4185 1.08059 1.07358 0.949518 0.940192 0.914239 1.07512 0.884635 0.863422 1.45954 1.18915 1.00552 0.786527 0.765209 0.73599 0.723212 0.663198
threshold=0.50552836060523998 0.051947942003607701 0.0033585673663764502 0.71332663297653209 0.22442981600761411 0.10182370820668692 0.25683890577507601 1.0000000180025095e-35 0.12904489040374753 0.69238144159317028 0.73843848705291759 0.25987841945288753 0.089541897177696214 0.68819844722747814 0.024313308298587754 0.67477203647416417 0.82601973414421093 0.39969604863221891 0.010959185659885353 0.010638297872340401 0.65586698055267345 0.50911854103343479 0.70378968119621288 0.38956686854362493 0.8905775075987844 0.092705167173252265 0.58315071463584911 0.64279800653457653 0.59477972984313976 0.59692597389221203
decision_type=2 2 2 2 2 2 2 2 2 2 2 2 2 2 2 2 2 2 2 2 2 2 2 2 2 2 2 2 2 2
left_child=1 2 13 29 6 7 12 -4 27 18 21 14 25 -1 28 -10 -5 -12 -9 -20 -14 -6 23 -23 -24 -3 -21 -8 -7 -2
right_child=3 4 5 16 10 11 8 9 15 -11 17 -13 20 -15 -16 -17 -18 -19 19 26 -22 22 24 -25 -26 -27 -28 -29 -30 -31
leaf_value=-0.051347437159096593 0.011108278320330676 -0.003649885342613127 -0.05944872022882175 0.0403457730130471 0.0074101048532819805 -0.054269682299926542 -0.040368888825329047 -0.030276766496735708 -0.0080606899210870411 -0.0039323390688523465 0.036480231314991667 -0.056207795534856553 -0.0063468915545196432 -0.026544678587215806 -0.025967587050978298 -0.058068481893828107 0.053502776725967795 0.0056401654209069646 0.0087797863557711152 -0.029370226211568918 0.0043245283778886364 -0.016032524096972835 0.045284491086412478 0.006361321222091142 -0.032332371993757193 -0.016307158167856193 -0.014936645187211706 -0.021213534608222021 -0.033610706259088345 0.02649594840588218
leaf_weight=79.465201674162017 8.6127995362621714 20.656503632650129 3.6299034372495944 15.390990335727109 88.70781604203512 7.5042209091989234 10.89831031686481 18.630706729149097 32.010791503358632 20.748234626051271 7.3972269488149305 9.2742344649086572 35.04470425488762 6.2154758774559005 22.49217081151437 1.1104794179846056 125.77019092300907 3.7111371788196266 3.6755020875716573 13.285207194236134 43.559541608155996 14.237368393012735 2.3121604193001981 10.157610519498119 0.50915597658604372 30.243939947213221 29.736795585216896 9.2882793522730918 9.7279928117059153 37.446191117109265
leaf_count=49394 1819 3999 965 3731 12174 1950 1988 5054 2429 1338 499 2378 8010 2456 3617 109 15990 181 1195 4754 3699 799 135 589 14 3700 5516 613 1535 5110
internal_value=9.53553e-11 -0.0157944 -0.0345318 0.0450692 -0.00222506 -0.0252559 -0.00854504 -0.0185444 -0.0179993 -0.0168194 0.00687002 -0.0375433 -0.0046534 -0.0495482 -0.0331858 -0.00973734 0.0520683 0.026177 -0.0209123 -0.0171762 -0.000433189 0.00501994 -0.00277049 -0.00670815 0.0312772 -0.0111706 -0.0193937 -0.0315551 -0.0426072 0.0236185
internal_weight=721.451 534.231 224.386 187.22 309.845 138.705 182.813 89.7063 53.3079 86.0764 127.032 48.9986 129.505 85.6807 39.7244 33.1213 141.161 11.1084 65.3282 46.6975 78.6042 115.924 27.2163 24.395 2.82132 50.9004 43.022 20.1866 17.2322 46.059
internal_count=145740 119090 80152 26650 38938 28302 24547 18822 5139 17857 14391 9480 19408 51850 7102 2538 19721 680 16519 11465 11709 13711 1537 1388 149 7699 10270 2601 3485 6929
is_linear=0
shrinkage=0.05


Tree=43
num_leaves=31
num_cat=0
split_feature=0 0 0 0 0 1 2 2 2 1 2 0 3 1 0 3 2 0 0 2 2 0 2 2 0 2 1 0 3 2
split_gain=193.717 51.5215 12.0749 11.1557 6.80592 4.58655 2.86563 2.12422 1.76503 1.62783 1.63273 1.60833 1.35537 1.29587 1.16716 1.13066 1.01399 1.3116 0.949846 0.879172 0.901732 0.810573 0.806304 0.798915 0.755431 0.742437 0.732797 0.711457 0.695908 0.689461
threshold=0.50552836060523998 0.051947942003607701 1.0000000180025095e-35 0.71332663297653209 0.19076523184776303 0.59909257292747509 0.23860182370820668 0.10182370820668692 0.14741641337386016 0.6896122694015504 0.37841945288753803 0.12904489040374753 1.0000000180025095e-35 0.61778405308723461 0.25457008183002477 1.0000000180025095e-35 0.010638297872340401 0.018214993178844403 0.82601973414421093 0.94832826747720389 0.60486322188449859 0.015034950338304003 0.25987841945288753 0.37234042553191499 0.089541897177696214 0.0075987841945288513 0.71982061862945568 0.015034950338304003 1.0000000180025095e-35 0.39513677811550157
decision_type=2 2 2 2 2 2 2 2 2 2 2 2 2 2 2 2 2 2 2 2 2 2 2 2 2 2 2 2 2 2
left_child=1 2 -1 28 6 8 13 15 12 10 -6 23 -4 -3 -12 -7 -14 -18 -5 20 -11 25 27 -8 -15 -17 -23 -9 -2 -16
right_child=3 4 5 18 9 7 11 22 -10 19 14 -13 16 24 29 21 17 -19 -20 -21 -22 26 -24 -25 -26 -27 -28 -29 -30 -31
leaf_value=-0.051825470038402502 -0.080324067673526692 -0.013661147770596533 -0.058689203254321677 0.039887301337421195 0.0071227130674491896 -0.063021856413732535 -0.023415843616786856 -0.04444635365007979 -0.05339002066851635 0.012160573966135608 -0.022921730670909142 -0.010692042606019789 -0.0080970298422819841 -0.007494966384029543 -0.025865027778701873 -0.0014853379825556169 -0.041974085308982362 -0.022660399145235214 0.0533022500298082 -0.039020383001992974 0.043387181171187617 -0.012115899487779257 -0.052905818242976493 -0.044056904530730363 0.0024833268469479407 -0.023733382042249281 0.0055957141568560125 -0.023228453332045158 0.023447620852174157 0.00054473896730296214
leaf_weight=66.683277990237912 0.16214566864073177 31.441633428599744 4.4607552278757785 14.817708215676246 57.841814891864487 1.1700559105083801 16.221627478094891 4.9673428480309729 13.165798730569803 46.559854507184355 8.1353941965498944 23.23675541951161 4.8090141327629672 32.337778676963353 2.7006433893402599 4.5061082032916628 18.063099980936386 17.123659827786469 120.50486337789334 0.8034113054163744 2.4326863270252934 28.880178063976928 3.6071424594701957 6.5932660858816226 45.878542609709257 22.343838243017672 7.3201557545689857 19.305324037268292 44.743518763076281 29.096849696681602
leaf_count=47578 3 8819 1189 3731 10925 220 1826 1042 3714 3316 570 1890 1913 3274 164 631 6300 5183 15990 23 151 4652 1000 1120 4953 3989 398 2343 6926 1907
internal_value=-1.47903e-10 -0.0154907 -0.034128 0.0446674 -0.00219215 -0.0262459 -0.00948393 -0.0193238 -0.0373097 0.0055018 0.00175415 -0.0199509 -0.0325475 -0.00508826 -0.00602209 -0.0143206 -0.0296319 -0.0325751 0.0518333 0.0128603 0.0137111 -0.0134168 -0.0308486 -0.0293809 -0.0016421 -0.0199996 -0.00853439 -0.0275706 0.0230729 -0.00169831
internal_weight=699.914 519.686 216.406 180.228 303.28 149.722 155.71 92.1001 57.6223 147.571 97.7747 46.0516 44.4565 109.658 39.9329 64.2203 39.9958 35.1868 135.323 49.796 48.9925 63.0503 27.8798 22.8149 78.2163 26.8499 36.2003 24.2727 44.9057 31.7975
internal_count=145740 119090 80152 26650 38938 32574 21882 14275 18299 17056 13566 4836 14585 17046 2641 9890 13396 11483 19721 3490 3467 9670 4385 2946 8227 4620 5050 3385 6929 2071
is_linear=0
shrinkage=0.05


Tree=44
num_leaves=31
num_cat=0
split_feature=0 0 0 0 0 1 2 2 0 2 3 1 0 0 2 0 3 2 2 2 1 0 2 2 0 2 2 2 0 2
split_gain=182.736 48.4834 11.5668 10.9926 6.32085 4.36738 2.53258 2.05414 1.98218 1.69332 1.53779 1.53524 1.3354 1.05269 1.00583 0.956158 0.913438 0.899873 0.859067 0.819977 1.24107 1.0035 0.951872 0.815618 0.915867 0.80573 0.734449 0.72917 0.714169 0.701114
threshold=0.50552836060523998 0.051947942003607701 1.0000000180025095e-35 0.71332663297653209 0.22442981600761411 0.61778405308723461 0.25683890577507601 0.18693009118541035 0.13349515944719312 0.10182370820668692 1.0000000180025095e-35 0.73843848705291759 0.089541897177696214 0.010325117036700202 0.67477203647416417 0.82601973414421093 1.0000000180025095e-35 0.39969604863221891 0.022796352583586605 0.50911854103343479 0.70378968119621288 0.38956686854362493 0.8905775075987844 0.0075987841945288513 0.015034950338304003 0.092705167173252265 0.016717325227963504 0.42705167173252284 0.017447809688746905 0.94832826747720389
decision_type=2 2 2 2 2 2 2 2 2 2 2 2 2 2 2 2 2 2 2 2 2 2 2 2 2 2 2 2 2 2
left_child=1 2 -1 -2 6 7 12 10 27 16 -4 19 25 26 -10 -5 -7 -13 -15 -6 21 -21 -22 -18 -25 -3 -12 -8 -11 -17
right_child=3 4 5 15 11 9 8 -9 14 28 13 17 -14 18 -16 29 23 -19 -20 20 22 -23 -24 24 -26 -27 -28 -29 -30 -31
leaf_value=-0.051523978713842004 0.022630021728868681 -0.0031044807366514436 -0.058432625012307587 0.039369216099290671 0.0071922220434393397 -0.063681067743671979 -0.025123463511137856 -0.055643022655665397 -0.0079539396137785576 -0.045348828614037384 -0.023154327074457325 0.035213534736758804 -0.00029120884110580625 -0.0055526327717904111 -0.057631137217859278 0.053986776122770801 0.0065374114479475193 0.0039762894866567644 -0.027318435429786975 -0.015363857885865438 0.043699568904394893 0.0056264940510220062 -0.034668086671518793 -0.022859472293087164 -0.0089032069981595467 -0.016231925248761762 -0.045635873636588498 -0.048890566830564183 -0.024436692855524064 0.035941313907430633
leaf_weight=63.202899264612824 43.837721764924936 19.625452641743323 4.8476241079479214 14.239801330259068 85.294774352216336 0.88059385991073114 16.156979963750931 10.408329693380436 29.441687357255436 5.365931362030099 5.1514540590287679 6.9769050462055002 75.458477654523449 5.3577579686461823 1.0554763937543601 109.74200866580941 5.1754417400516095 3.4434682759456336 29.46121137595037 13.640642557449615 2.1574279298074539 9.7739562742935941 0.47230179607868183 19.220434909700998 30.266337087385182 28.903471898544012 12.32365309743909 4.0325827366905278 17.071570222920855 5.6602254689205429
leaf_count=47578 6929 3999 1346 3731 12174 150 1949 3111 2320 1141 2026 499 11709 2266 106 15746 727 181 8393 799 135 589 14 3030 3803 3700 4435 764 2146 244
internal_value=-1.66678e-10 -0.0152043 -0.0336637 0.0442744 -0.00220617 -0.0259071 -0.00830198 -0.0352135 -0.0177183 -0.0178454 -0.0314923 0.00653877 -0.00445255 -0.0289949 -0.00967322 0.0515933 -0.0131625 0.024891 -0.0239692 0.00482116 -0.00294402 -0.00660186 0.0296247 -0.0123486 -0.0143238 -0.0109231 -0.0390086 -0.0298706 -0.0294378 0.0531017
internal_weight=678.647 505.167 208.733 173.48 296.434 145.53 174.674 67.55 50.6867 77.9803 57.1417 121.759 123.987 52.2941 30.4972 129.642 55.5428 10.4204 34.819 111.339 26.0443 23.4146 2.62973 54.6622 49.4868 48.5289 17.4751 20.1896 22.4375 115.402
internal_count=145740 119090 80152 26650 38938 32574 24547 21577 5139 10997 18466 14391 19408 17120 2426 19721 7710 680 10659 13711 1537 1388 149 7560 6833 7699 6461 2713 3287 15990
is_linear=0
shrinkage=0.05


Tree=45
num_leaves=31
num_cat=0
split_feature=0 0 0 0 0 2 2 1 2 1 0 1 0 0 2 2 3 0 0 2 2 1 0 1 0 1 1 2 2 1
split_gain=172.631 46.5264 11.1548 8.71089 8.21091 3.63749 3.0995 2.35468 2.02568 2.0493 1.79326 1.53416 1.44738 0.972728 0.96235 0.924209 0.906645 0.899884 0.84556 0.827205 0.798025 0.795106 0.781222 1.19168 0.774132 0.899028 1.04655 0.759889 0.748854 2.01118
threshold=0.50552836060523998 0.034730579704046208 0.73069798946380626 1.0000000180025095e-35 0.16642885655164719 0.095744680851063815 0.25683890577507601 0.58397808670997631 0.3860182370820669 0.7260102927684785 0.29002925753593445 0.57503286004066478 0.076357886195182759 0.076357886195182759 0.20820668693009117 0.010638297872340401 1.0000000180025095e-35 0.27195551991462713 0.008508973754942353 0.12006079027355622 0.19300911854103345 0.69238144159317028 0.59754621982574474 0.77665513753891002 0.82601973414421093 0.62705990672111522 0.59094995260238659 0.13221884498480244 0.94832826747720389 0.62778952717781078
decision_type=2 2 2 2 2 2 2 2 2 2 2 2 2 2 2 2 2 2 2 2 2 2 2 2 2 2 2 2 2 2
left_child=1 3 22 -1 6 7 11 15 9 17 -10 -3 -8 19 -7 -5 -9 -6 -17 -13 27 -18 23 -2 25 26 -4 -11 -26 -30
right_child=2 4 24 5 8 14 12 16 10 20 -12 13 -14 -15 -16 18 21 -19 -20 -21 -22 -23 -24 -25 28 -27 -28 -29 29 -31
leaf_value=-0.051450902351193629 0.017755298333126553 -0.02125073620370023 0.055340666328722324 -0.013836825146527754 0.0003417932751403967 -0.036450548442543348 -0.043799324898337891 -0.061658489131963312 -0.015602334949388964 0.031453623987722938 0.0032407007726640846 -0.006096590955203973 -0.019412106754787137 -0.0015253248633292861 -0.055850490604029794 -0.052263382405557224 -0.01915928992001022 0.010362773542126225 -0.030828096278737817 -0.019268747352574556 0.037518636678971234 -0.0059071148978582753 0.029479520467458376 -0.077466310638398775 0.053789016501524178 0.050038801065306164 0.0021039483514869286 0.00071849664224183805 -0.043966476952215616 0.05460771087743959
leaf_weight=59.913974181877165 22.691638542397417 19.13253241345592 1.4152011699043194 4.2838854602305245 43.721939757633663 25.41985693211609 8.03326989844936 1.0525294313847542 19.641621772174403 3.6654015404055809 35.352664548961911 32.357614265991288 25.075425305945828 58.844001794172073 8.5401849387490056 7.7490181566900018 34.232861242613581 45.945220061010332 11.323936034055803 18.869678627277608 7.1245838672621167 16.909341117338045 22.483605673070997 0.33339790883473952 107.50296237203293 7.1652032330166548 2.6551884207874537 4.4556392155936919 0.72653336450457517 1.7980153984390197
leaf_count=47578 3181 6925 810 1759 6417 5357 1734 240 1302 404 2262 4860 2747 7653 2500 2854 7982 8147 4337 2239 423 1137 4264 17 15746 1756 632 233 42 202
internal_value=1.08488e-10 -0.0149112 0.0439585 -0.0361232 -0.00375784 -0.0277374 -0.0116801 -0.0216279 0.00428356 0.00835799 -0.00348923 -0.00818244 -0.0253293 -0.00591092 -0.0413292 -0.0348232 -0.015723 0.00547652 -0.0395369 -0.0109486 0.0253054 -0.0147777 0.0228501 0.0163765 0.0518803 0.0393787 0.0206134 0.0145907 0.0531569 0.0262393
internal_weight=658.417 491.645 166.772 169.426 322.22 109.512 162.313 75.5516 159.907 104.913 54.9943 129.204 33.1087 110.071 33.96 23.3568 52.1947 89.6672 19.073 51.2273 15.2456 51.1422 45.5086 23.025 121.263 11.2356 4.07039 8.12104 110.028 2.52455
internal_count=145740 119090 26650 73744 45346 26166 26158 18309 19188 15624 3564 21677 4481 14752 7857 8950 9359 14564 7191 7099 1060 9119 7462 3198 19188 3198 1442 637 15990 244
is_linear=0
shrinkage=0.05


Tree=46
num_leaves=31
num_cat=0
split_feature=0 0 0 0 0 2 2 1 0 3 2 1 2 0 1 1 2 0 0 2 3 0 1 1 0 1 1 1 2 0
split_gain=162.845 44.1671 11.2901 10.9824 5.53479 3.86301 2.78907 2.43377 2.08254 1.82304 1.6715 1.24868 1.09301 1.09219 1.06925 1.02802 0.984445 0.860619 0.856219 0.772415 0.716499 0.708606 0.800915 1.05205 0.706243 1.19845 0.713825 0.669758 0.653688 0.652525
threshold=0.50552836060523998 0.051947942003607701 0.73069798946380626 0.0033585673663764502 0.27195551991462713 0.19300911854103345 0.40729483282674767 0.69238144159317028 0.097763065248727757 1.0000000180025095e-35 0.20212765957446807 0.73843848705291759 0.3860182370820669 0.13761152327060697 0.73398017883300792 0.65843093395233165 0.092705167173252265 0.29002925753593445 0.0079374723136424515 0.034954407294832811 1.0000000180025095e-35 0.82601973414421093 0.62705990672111522 0.59094995260238659 0.59754621982574474 0.77665513753891002 0.68181467056274425 0.6795758605003358 0.095744680851063815 0.015794936567544902
decision_type=2 2 2 2 2 2 2 2 2 2 2 2 2 2 2 2 2 2 2 2 2 2 2 2 2 2 2 2 2 2
left_child=1 3 24 15 6 7 8 9 10 -5 28 20 14 -8 -6 -1 18 -16 -11 -9 -10 22 23 -4 25 26 27 -2 -3 -18
right_child=2 4 21 5 12 -7 13 19 11 16 -12 -13 -14 -15 17 -17 29 -19 -20 -21 -22 -23 -24 -25 -26 -27 -28 -29 -30 -31
leaf_value=-0.051233177847157856 0.013227380749449406 -0.0013777033838023873 0.055164495620445453 -0.05802747005912972 0.01025332619419146 -0.049390243732709574 -0.04503119632883467 0.0038015255139723296 -0.057349064185701362 -0.032110089263528589 -0.027456695555489775 0.016209656013253897 0.0016402567984856919 -0.017846115344951001 -0.0091581341257157053 -0.033985635854437188 -0.045452714413191486 0.04128203289174158 -0.016408817069571837 -0.014311933474581418 -0.0019868063358481802 0.053160965139858275 0.049800882864468779 0.0008674826567051727 0.028715310437424525 -0.074817704172375918 0.030785342364888786 -0.05319163520254408 -0.013001491993785343 -0.026903243495350712
leaf_weight=60.323692720132385 15.006108927249446 22.196969643846387 1.4279437626246347 3.9641794972558264 46.835387895735039 13.381381546638293 4.8218158835661624 9.8308133411919716 0.58784932937123713 10.801594980614025 13.737043397653904 10.004966892738592 37.56911969776047 15.80553914302436 1.0191806379589241 10.083595766397591 6.1670105980920225 4.9671786586404778 44.262539456114609 14.665681697268154 100.30556949591846 104.75233564479277 6.9176846751943231 2.3774639621842653 21.809036384802312 0.35658123553730448 7.0207790403510435 0.38940300140529949 26.577525881621114 20.504065655601153
leaf_count=45405 2406 4711 810 1222 8279 3854 919 695 227 3175 1887 618 2465 1179 60 6445 1796 389 12560 998 14645 15990 1756 632 4264 17 742 33 3559 4002
internal_value=1.05326e-10 -0.0146057 0.0436566 -0.0330016 -0.00205944 -0.0240217 -0.00681995 -0.0209411 -0.00475247 -0.0249138 -0.0120506 -0.000638632 0.00815971 -0.0242009 0.0127966 -0.048763 -0.0233078 0.0326946 -0.0194888 -0.00704273 -0.00230937 0.0519078 0.0396659 0.0212419 0.0222846 0.0161261 0.0175727 0.0115474 -0.00771158 -0.0311923
internal_weight=638.47 478.413 160.057 193.985 284.428 123.577 194.037 110.196 173.41 85.6994 62.5115 110.898 90.3909 20.6274 52.8217 70.4073 81.7352 5.98636 55.0641 24.4965 100.893 115.475 10.7231 3.80541 44.5819 22.7729 22.4163 15.3955 48.7745 26.6711
internal_count=145740 119090 26650 80152 38938 28302 27745 24448 25647 22755 10157 15490 11193 2098 8728 51850 21533 449 15735 1693 14872 19188 3198 1442 7462 3198 3181 2439 8270 5798
is_linear=0
shrinkage=0.05


Tree=47
num_leaves=31
num_cat=0
split_feature=0 0 0 0 0 2 1 2 1 0 0 2 2 0 0 2 3 1 1 0 2 2 0 0 1 2 1 2 0 2
split_gain=153.775 42.0325 10.9663 8.60261 6.82964 3.80976 2.89444 1.83799 1.82269 1.6168 1.60196 1.33313 1.29043 1.25564 1.16584 1.10813 0.930582 0.735061 1.75407 2.00149 0.987172 1.93665 1.17828 0.965756 0.842618 0.697325 0.674266 0.670125 0.796263 0.666499
threshold=0.50552836060523998 0.028211694210767704 0.73069798946380626 0.14647580683231354 1.0000000180025095e-35 0.21428571428571427 0.61778405308723461 0.3860182370820669 0.73843848705291759 0.069346737116575172 0.29002925753593445 0.11094224924012157 0.013677811550151952 0.076357886195182759 0.27195551991462713 0.092705167173252265 1.0000000180025095e-35 0.70021736621856701 0.69694155454635631 0.66266036033630382 0.42705167173252284 0.50911854103343479 0.61331856250762951 0.66266036033630382 0.73843848705291759 0.84650455927051682 0.70021736621856701 0.010638297872340401 0.0073743169195949511 0.80395136778115506
decision_type=2 2 2 2 2 2 2 2 2 2 2 2 2 2 2 2 2 2 2 2 2 2 2 2 2 2 2 2 2 2
left_child=1 4 17 5 -1 9 11 8 14 15 25 16 -8 -7 -5 -3 -6 18 23 29 -19 22 24 -2 -22 -9 -11 -18 -29 -20
right_child=2 3 -4 7 6 13 12 10 -10 26 -12 -13 -14 -15 -16 -17 27 20 19 -21 21 -23 -24 -25 -26 -27 -28 28 -30 -31
leaf_value=-0.051001012693684837 0.016364909824904 -0.0078689686096729706 0.051732550836008834 0.00013572753819194358 -0.058329964585299612 -0.040803044954193263 -0.0021639442304928849 -0.012676287866762979 0.026461155120032349 -0.0058928653072447467 0.0027489671728988981 -0.051325559483402242 -0.023657447826851519 -0.020732326661167425 0.010809951732444105 -0.02107153322364673 -0.011672702442053227 0.055703660078375294 0.043641545575277198 -0.13339889104697372 -0.085882499082265584 0.042650504456258648 0.056803042903512901 0.036852472738134599 -0.0023546855616635824 -0.055175667432983681 0.0062939203610086593 -0.045644391446949768 -0.025917090542368584 -0.076902629217659821
leaf_weight=54.014021005816176 26.688283196592238 33.87956669542109 110.38662566337734 56.426290314328071 3.0216181015130159 11.618722594599602 8.6604024079570063 20.707882329450516 10.913878146850037 39.455180101485894 33.771697336720536 12.613050304807983 36.060441417677794 23.663062115150751 46.794225884579646 29.937297688949911 4.5952950050850658 3.4830328378593531 0.43299233051948149 0.39828663994558156 0.66693545493762918 3.272836928255856 0.34329081582836796 7.3324641282670191 0.55168913118541241 1.0123703471326724 15.933423364826011 7.7355419227460542 15.100483949223415 0.15597637323662639
leaf_count=47578 4467 7339 19188 8402 946 2711 1268 1488 755 8525 2262 3886 6093 2835 8345 4696 1930 719 67 22 28 278 37 1807 32 68 1124 3283 5556 5
internal_value=3.82253e-11 -0.014307 0.0433657 -0.00437358 -0.0370119 -0.0129092 -0.0284046 0.00340027 0.0070294 -0.00863754 -0.00406401 -0.0376563 -0.0194951 -0.0273419 0.0049748 -0.0140625 -0.0319948 0.0220485 0.018874 -0.0468263 0.0354095 0.0207893 -0.0250188 0.0207806 -0.0480682 -0.0146572 -0.00238714 -0.0290939 -0.0325996 0.0117179
internal_weight=619.627 465.914 153.712 324.114 141.801 154.487 87.7868 169.626 114.134 119.205 55.492 43.066 44.7208 35.2818 103.221 63.8169 30.4529 43.3258 35.008 0.987255 8.31779 4.83475 1.56192 34.0207 1.21862 21.7203 55.3886 27.4313 22.836 0.588969
internal_count=145740 119090 26650 48550 70540 27230 22962 21320 17502 21684 3818 15601 7361 5546 16747 12035 11715 7462 6368 94 1094 375 97 6274 60 1556 9649 10769 8839 72
is_linear=0
shrinkage=0.05


Tree=48
num_leaves=31
num_cat=0
split_feature=0 0 0 0 0 2 2 3 2 0 0 1 1 0 1 1 2 1 1 0 0 2 2 0 1 0 2 0 1 1
split_gain=144.931 40.0566 10.6177 7.79729 7.15355 3.43312 3.0627 1.75386 1.69172 1.68119 1.59642 1.38094 1.09674 1.03512 0.951308 0.921334 0.825266 0.791224 1.35283 1.54999 0.903584 0.890185 1.43493 0.980496 0.774134 0.71673 0.795009 0.71562 0.755152 0.99735
threshold=0.50552836060523998 0.034730579704046208 0.73069798946380626 0.0024039756972342005 0.19076523184776303 0.095744680851063815 0.23860182370820668 1.0000000180025095e-35 0.3860182370820669 0.089541897177696214 0.076357886195182759 0.69238144159317028 0.73843848705291759 0.33925685286521917 0.53183901309967052 0.59763583540916454 0.54255319148936187 0.70021736621856701 0.69694155454635631 0.66266036033630382 0.66266036033630382 0.42705167173252284 0.50911854103343479 0.61331856250762951 0.68819844722747814 0.0079374723136424515 0.010638297872340401 0.82601973414421093 0.62705990672111522 0.59094995260238659
decision_type=2 2 2 2 2 2 2 2 2 2 2 2 2 2 2 2 2 2 2 2 2 2 2 2 2 2 2 2 2 2
left_child=1 3 17 24 6 7 9 -5 12 14 -8 25 -6 -10 -3 -7 -12 18 20 -20 -2 -19 23 -23 -1 -9 -27 28 29 -4
right_child=2 4 27 5 8 15 10 11 13 -11 16 -13 -14 -15 -16 -17 -18 21 19 -21 -22 22 -24 -25 -26 26 -28 -29 -30 -31
leaf_value=-0.050422039589802098 0.015880826466133851 -0.032116424044272812 0.054829241875787652 -0.058930440503143125 0.007585325403167479 -0.049978195453632503 -0.041295943752070748 -0.031913131038173878 -0.010184779211521916 0.00019812138628775173 -0.014465399569631549 -0.0036560534858697605 0.027053234342599319 0.0045668742239382484 -0.0098285066678314593 -0.031988601594938777 -0.039662315640716428 0.055286648202490365 0.013992469758362658 -0.11446793955621822 0.036056719107594747 -0.041641982234493009 0.04085195832080956 0.056603841178842144 -0.028283463606259024 0.0041502855962925779 -0.020496129298384954 0.052800789134823493 0.048952849746563477 -0.00069970210582344741
leaf_weight=56.33334753858253 26.099267037672689 5.170878516688389 1.2837466557975843 2.6489138969045589 77.429649137178785 12.821705351845596 8.390535765922321 12.263069774875474 22.380446365568787 55.196625489854341 31.800653788544878 14.064261079562128 7.9800012882915317 25.374494568066439 64.59889903275689 15.997363560745724 3.6195482807233921 3.4113083096453911 0.55961761111393471 0.40458169276826084 7.0479319869773454 1.1253166967071591 3.0651462656678632 0.32796983211301256 4.2463770302420007 3.6782537146937093 29.619448602781631 95.885305425734259 6.238822785904631 2.1848741213325411
leaf_count=48386 4467 2399 810 891 13155 4169 1955 3958 1563 9520 3259 1007 604 1734 10635 3074 522 719 72 22 1807 60 278 37 2396 1294 8569 15990 1756 632
internal_value=-6.87361e-12 -0.0140047 0.0430303 -0.0349686 -0.00347402 -0.0257235 -0.0103101 -0.0191202 0.00519024 -0.00632206 -0.0216856 -0.0173516 0.00940425 -0.00234652 -0.0114803 -0.0399922 -0.0170402 0.0217797 0.0184725 -0.03991 0.0201707 0.0360063 0.0214502 -0.0194704 -0.0488702 -0.0215793 -0.0177735 0.0514911 0.0385546 0.0198517
internal_weight=601.248 453.614 147.634 151.673 301.942 91.093 168.777 62.2739 133.165 124.966 43.8107 59.625 85.4097 47.7549 69.7698 28.8191 35.4202 42.0411 34.1114 0.964199 33.1472 7.92974 4.51843 1.45329 60.5797 45.5608 33.2977 105.593 9.70744 3.46862
internal_count=145740 119090 26650 73744 45346 22962 28290 15719 17056 22554 5736 14828 13759 3297 13034 7243 3781 7462 6368 94 6274 1094 375 97 50782 13821 9863 19188 3198 1442
is_linear=0
shrinkage=0.05


Tree=49
num_leaves=31
num_cat=0
split_feature=0 0 0 0 0 1 2 2 0 2 3 2 1 2 2 0 1 0 2 2 0 0 2 2 2 2 1 1 1 1
split_gain=137.018 42.4236 9.53439 6.86447 4.03993 3.502 2.50869 1.79327 1.74025 1.60911 1.34134 1.27142 1.25536 1.54564 1.01851 0.950701 0.938899 0.885737 0.809685 0.755449 0.826064 0.680081 0.864575 0.930175 0.757732 1.0374 0.837685 0.826399 0.683327 1.1358
threshold=0.59754621982574474 0.051947942003607701 1.0000000180025095e-35 0.27195551991462713 0.82601973414421093 0.61778405308723461 0.40729483282674767 0.17477203647416414 0.097763065248727757 0.095744680851063815 1.0000000180025095e-35 0.12006079027355622 0.63370069861412059 0.6656534954407296 0.67477203647416417 0.010325117036700202 0.73843848705291759 0.13761152327060697 0.022796352583586605 0.0075987841945288513 0.015034950338304003 0.47604154050350189 0.34650455927051677 0.30547112462006082 0.26595744680851069 0.32370820668693018 0.70021736621856701 0.64764475822448742 0.66213476657867443 0.6795758605003358
decision_type=2 2 2 2 2 2 2 2 2 2 2 2 2 2 2 2 2 2 2 2 2 2 2 2 2 2 2 2 2 2
left_child=1 2 -1 6 -2 7 8 10 9 -3 -4 19 13 -5 -15 -12 -10 -8 -17 -7 -21 22 23 -14 -23 26 27 -26 -29 -30
right_child=4 3 5 12 -6 11 17 -9 16 -11 15 -13 21 14 -16 18 -18 -19 -20 20 -22 24 -24 -25 25 -27 -28 28 29 -31
leaf_value=-0.05056491803931859 0.031192774986712142 -0.000172298594780461 -0.057951264487319104 0.0055678100204322924 0.052604027146513813 0.0057850910511865012 -0.043360872505757042 -0.053200049342898154 -0.0020826024145168837 -0.017529096223044632 -0.037657098309907377 -0.029701126824501357 0.012044554520282705 -0.089311769244082878 -0.017198910792596361 -0.0029699474791620726 0.014433146002938388 -0.017737618821889147 -0.025623407690243901 -0.023522163336321001 -0.010118552994886162 0.04301766078071674 0.00331846313203803 0.03526171744229728 0.061874184717048003 0.022548576712785675 0.04027326843094587 -0.10154700143886045 0.0499523224496735 -0.053544970517821117
leaf_weight=48.724297737437155 29.002413650101516 20.700611227130139 3.850271693780086 28.701886453163752 91.649093998828903 4.720898493891581 4.3765983328630709 9.7367062299008449 94.884899743392452 37.621434319129548 14.483323290522092 15.189340214972615 25.580706439024656 0.56618403142783691 3.6219744169175101 4.6940145037806387 9.46348635596223 14.703437799733363 24.701599617430475 18.420272229530383 30.575319381372537 3.3517796616069999 24.13298440433573 5.1891946272808118 0.2208752228179941 12.510784915910333 0.56744389631785441 0.36464776471257199 0.37043583672493674 0.93209692544769496
leaf_count=47578 7462 4711 1319 6422 15990 739 919 3520 14872 5446 6386 2668 3484 23 242 2266 618 1179 8086 3308 4282 1159 1474 439 39 925 52 30 57 45
internal_value=-4.11105e-11 -0.0123678 -0.0317748 -0.000563269 0.0474572 -0.02453 -0.00646289 -0.0336443 -0.00445106 -0.0113685 -0.029655 -0.0169288 0.0095418 0.00142735 -0.0269476 -0.027172 -0.000584768 -0.0236151 -0.022006 -0.0133172 -0.0151577 0.0131867 0.0104033 0.01596 0.0215291 0.0167166 -0.0129972 -0.0290073 -0.0410477 -0.0241107
internal_weight=583.609 462.958 175.096 287.861 120.652 126.372 181.75 57.4659 162.67 58.322 47.7292 68.9058 106.111 32.89 4.18816 43.8789 104.348 19.08 29.3956 53.7165 48.9956 73.2209 54.9029 30.7699 18.3181 14.9663 2.4555 1.88806 1.66718 1.30253
internal_count=145740 122288 80152 42136 23452 32574 27745 21577 25647 10157 18057 10997 14391 6687 265 16738 15490 2098 10352 8329 7590 7704 5397 3923 2307 1148 223 171 132 102
is_linear=0
shrinkage=0.05


Tree=50
num_leaves=31
num_cat=0
split_feature=0 0 0 0 0 2 2 2 1 0 0 0 0 1 2 2 1 0 1 1 1 2 3 2 0 1 1 1 1 0
split_gain=129.8 36.0001 9.7178 7.98381 5.43816 3.32421 2.44885 2.01894 2.00476 1.84293 1.63623 1.26428 1.16647 1.14125 1.0861 0.923404 0.813213 0.807994 0.777724 0.729074 0.705279 0.689235 0.676629 0.675077 0.666554 0.649736 0.927149 0.634699 1.04504 1.30917
threshold=0.50552836060523998 0.024313308298587754 0.73069798946380626 0.16642885655164719 1.0000000180025095e-35 0.20212765957446807 0.013677811550151952 0.37841945288753803 0.58397808670997631 0.069346737116575172 0.076357886195182759 0.25457008183002477 0.012967582792043651 0.7260102927684785 0.050151975683890557 0.19300911854103345 0.55563190579414379 0.27195551991462713 0.53319615125656139 0.76125675439834606 0.56972649693489086 0.095744680851063815 1.0000000180025095e-35 0.6656534954407296 0.82601973414421093 0.62705990672111522 0.59094995260238659 0.70021736621856701 0.69694155454635631 0.66266036033630382
decision_type=2 2 2 2 2 2 2 2 2 2 2 2 2 2 2 2 2 2 2 2 2 2 2 2 2 2 2 2 2 2
left_child=1 4 22 5 -1 9 12 13 -8 14 -7 19 -6 17 -3 -10 -12 -5 -16 23 -13 -11 -2 -9 25 26 -4 28 -24 -30
right_child=2 3 24 7 6 10 8 11 15 21 16 20 -14 -15 18 -17 -18 -19 -20 -21 -22 -23 27 -25 -26 -27 -28 -29 29 -31
leaf_value=-0.050244599364008907 -0.081447814238690228 -0.0029641979223281375 0.05463953535309668 0.0010832871163883164 -0.017431214718568892 -0.038454793366147065 -0.045273143056030557 -0.011278345974260912 -0.023863223266372156 0.0061579705378752734 -0.041717913615917451 -0.024857847376338942 0.016832715865579009 0.022128744817626708 -0.038138556848326698 -0.054706485621844103 -0.014911081123993794 0.011136810410084602 -0.015384732303305698 -0.074330043357126119 0.0024650602061253857 -0.0052700490636569189 0.020617349058667571 -0.052097055061555486 0.052429154004587392 0.04821925060997273 -0.00072522165537155646 0.035447392615404825 0.012232724446042608 -0.11547290013405864
leaf_weight=46.320426462904834 0.15826700814068217 18.107220641271851 1.2132063359022125 39.012511605178588 10.400225552773916 13.013712544032385 20.705099802076802 11.158096930063033 35.682661629318318 20.946761893577786 3.1294892735440945 2.5289345188575671 3.263336055490071 13.14867422566749 4.1148771336556811 2.6037440089276052 29.477594722309732 40.977127643360291 42.987819576672337 0.54030234832316715 35.741667777532712 35.645658264220401 31.434508084697882 1.1140507271193207 87.576650818693452 5.708407694590278 2.0072984113357961 7.3086309701902783 0.53939587669446964 0.31959118996746838
leaf_count=47578 3 5112 810 6362 3013 3321 8308 849 7663 5484 809 313 888 1045 1613 954 3109 8049 6864 19 2449 5186 6271 102 15990 1756 632 1094 72 22
internal_value=9.62551e-11 -0.0134588 0.0425318 -0.00452628 -0.0368567 -0.011954 -0.0283213 0.00409632 -0.0327391 -0.00764213 -0.023466 -0.00389176 -0.00924779 0.0084775 -0.0133717 -0.0259608 -0.0174839 0.00623351 -0.0173725 -0.0174865 0.000659553 -0.00104015 0.0217295 -0.0149838 0.0511023 0.0380885 0.0201314 0.0221418 0.0191305 -0.0352809
internal_weight=566.886 430.62 136.266 311.644 118.975 167.423 72.6551 144.221 58.9915 121.802 45.6208 51.0831 13.6636 93.1383 65.2099 38.2864 32.6071 79.9896 47.1027 12.8125 38.2706 56.5924 39.7604 12.2721 96.5056 8.92891 3.2205 39.6021 32.2935 0.858987
internal_count=145740 119090 26650 50686 68404 31498 20826 19188 16925 24259 7239 3732 3901 15456 13589 8617 3918 14411 8477 970 2762 10670 7462 951 19188 3198 1442 7459 6365 94
is_linear=0
shrinkage=0.05


Tree=51
num_leaves=31
num_cat=0
split_feature=0 0 0 0 0 2 2 3 0 1 0 2 1 2 2 1 3 2 1 0 1 0 2 2 1 1 0 2 2 1
split_gain=122.16 38.3118 9.05969 6.303 3.89901 3.21142 2.23412 2.11722 2.07611 1.72022 1.30763 1.25524 1.00906 1.00097 0.94996 0.908921 0.881353 0.758161 0.88796 0.746452 0.726195 0.940294 0.886362 0.69853 0.679963 0.640164 0.610896 0.597513 0.570331 0.569097
threshold=0.59754621982574474 0.051947942003607701 0.0033585673663764502 0.27195551991462713 0.82601973414421093 0.19300911854103345 0.23860182370820668 1.0000000180025095e-35 0.12904489040374753 0.69238144159317028 0.089541897177696214 0.3860182370820669 0.65843093395233165 0.6185410334346505 0.092705167173252265 0.73398017883300792 1.0000000180025095e-35 0.10790273556231002 0.75170427560806286 0.020618690177798254 0.63142892718315136 0.47604154050350189 0.6656534954407296 0.037993920972644361 0.62483817338943493 0.59477972984313976 0.29002925753593445 0.39513677811550157 0.022796352583586605 0.52917194366455089
decision_type=2 2 2 2 2 2 2 2 2 2 2 2 2 2 2 2 2 2 2 2 2 2 2 2 2 2 2 2 2 2
left_child=1 2 12 6 -2 7 10 -4 25 14 23 15 -1 -10 19 -5 -13 18 -12 -9 22 -22 27 -3 -24 -8 -17 -18 -11 -25
right_child=4 3 5 11 -6 -7 8 9 13 28 17 16 -14 -15 -16 26 20 -19 -20 -21 21 -23 24 29 -26 -27 -28 -29 -30 -31
leaf_value=-0.050196120733281037 0.030458355302054704 0.0092995876614676599 -0.058390006197028645 0.012302099015034387 0.052239575209940659 -0.047890673951058643 -0.043719886538598096 -0.023631203575754482 -0.0057741489604122937 0.0076583409617888331 0.0067948440143560515 -0.068362625378047701 -0.031313195145940949 -0.034974034996149372 -0.030245727685362486 -0.0038008628406095871 -0.052294734591607189 -0.00144752074600125 0.044141466069667623 -0.011165977851358797 0.0022464599494991994 0.021255176662763105 -0.01564456308508004 -0.03595438891969386 -0.069440318929718997 -0.022386634808358421 0.041047208779200581 0.0044721522727751324 -0.010734091033081915 -0.0099029474729808442
leaf_weight=47.301337937393328 27.232005605008453 4.5337071595531588 3.3984962719114256 51.203013977174123 83.685540884966031 11.205963942590641 4.7056588190316715 26.431911082487204 40.940199009681237 5.6927318865200531 21.046049040731308 0.42610853258520265 8.3191549074690538 3.1615876489231587 23.344051058553305 0.90905915485927735 0.48440707317786191 48.32492391391861 1.7217982795555133 22.011341443510901 19.985233662155228 9.6457142464932968 3.1045502361048416 2.2366198062991307 0.72446511831367377 13.916074617089178 4.609473928809166 10.766164134402059 16.236372040308197 33.425169372834716
leaf_count=45405 7462 1500 1233 10498 15990 3854 1365 9004 3730 438 6206 34 6445 285 5798 60 31 6885 167 6731 1270 742 221 958 31 1581 468 1036 1244 5068
internal_value=-2.3926e-11 -0.0118258 -0.0309689 -0.000449694 0.0468919 -0.0225463 -0.00623199 -0.0196219 -0.0137785 -0.018216 -0.0019787 0.00942862 -0.0473718 -0.00786744 -0.0219601 0.01438 0.00320642 0.00209664 0.00961915 -0.0179673 0.0038885 0.00843434 -0.00504393 -0.00918666 -0.0258229 -0.0277775 0.0336595 0.00202798 -0.00595947 -0.0115368
internal_weight=550.729 439.811 163.941 275.87 110.918 108.321 174.012 97.1149 62.7235 93.7164 111.288 101.858 55.6205 44.1018 71.7873 56.7215 45.1366 71.0928 22.7678 48.4433 44.7105 29.6309 15.0796 40.1955 3.82902 18.6217 5.51853 11.2506 21.9291 35.6618
internal_count=145740 122288 80152 42136 23452 28302 27745 24448 6961 23215 20784 14391 51850 4015 21533 11026 3365 13258 6373 15735 3331 2012 1319 7526 252 2946 528 1067 1682 6026
is_linear=0
shrinkage=0.05


Tree=52
num_leaves=31
num_cat=0
split_feature=0 0 0 0 0 2 2 0 3 2 1 2 2 1 1 1 1 0 2 3 2 1 3 0 0 2 0 1 2 2
split_gain=114.974 36.5346 8.66325 6.03975 3.97998 2.96665 2.33339 2.11657 1.70357 1.42525 1.24285 1.20114 1.13359 0.978472 0.956885 0.947101 0.819704 0.731721 1.07712 0.72036 0.643586 0.627921 0.619247 0.58713 0.530504 0.505431 0.502691 0.487281 0.451289 0.622463
threshold=0.59754621982574474 0.051947942003607701 0.0033585673663764502 0.27195551991462713 0.82601973414421093 0.10182370820668692 0.10790273556231002 0.13761152327060697 1.0000000180025095e-35 0.37234042553191499 0.59763583540916454 0.3860182370820669 0.40729483282674767 0.69238144159317028 0.65843093395233165 0.75170427560806286 0.73398017883300792 0.010959185659885353 0.010638297872340401 1.0000000180025095e-35 0.25987841945288753 0.58236119151115429 1.0000000180025095e-35 0.29002925753593445 0.33925685286521917 0.20212765957446807 0.086707472801208454 0.5219697654247285 0.089665653495440714 0.071428571428571411
decision_type=2 2 2 2 2 2 2 2 2 2 2 2 2 2 2 2 2 2 2 2 2 2 2 2 2 2 2 2 2 2
left_child=1 2 14 6 -2 8 15 9 -4 22 -7 16 -9 17 -1 26 -5 -10 -19 -13 -12 -21 -8 -18 -23 -24 -3 -20 29 -16
right_child=4 3 5 11 -6 10 7 12 13 -11 20 19 -14 -15 28 -17 23 18 27 21 -22 24 25 -25 -26 -27 -28 -29 -30 -31
leaf_value=-0.049908444686244363 0.02968715961597046 -0.0042694133629569793 -0.058388981939604269 0.012317405093031314 0.052083756033840446 -0.045174467490745822 -0.059302288223562052 -0.00030701988724065351 -0.027959072833369944 -0.040125406873004026 -0.023183397621049082 -0.065589686294859659 -0.016328642375537716 -0.0042621214132387694 -0.029943083344032503 0.031511303271330379 -0.004608623070833125 0.014362484761315165 -0.034204544718303635 -0.014714808037964594 -0.05042523641879551 -0.0051642636040171606 -0.0092388361321708821 0.040298123241854028 0.0088391620191614513 -0.019236477999993201 0.0072147539059146037 -0.014947169394141611 -0.05382896613656879 0.025040641900755851
leaf_weight=45.038677901046867 26.377159129071515 17.101111778138147 2.3176381437369846 50.366592555830721 79.990823853295296 14.607111346937016 0.73797630095214017 55.696031204257451 14.022637102661973 5.6941912560068877 19.080996248740124 0.37689495441736554 13.769834644575893 16.608426089049317 5.7831891628993599 2.952406170719768 0.87018716533202578 2.9660056919892659 3.694002278502011 4.1313736294359833 2.4459981121908632 8.6606948340631771 32.048442084691487 4.4503375983913429 30.871563958877232 20.876666079766437 21.520070422531717 29.662964618462865 1.7342567459149902 0.5650271003396482
leaf_count=45405 7462 4217 965 10498 15990 5330 260 6746 5054 1214 3211 34 1179 1338 4187 248 60 1195 1996 465 939 597 4640 468 2269 2814 6427 8274 1956 302
internal_value=-1.09066e-10 -0.0115462 -0.0306008 -0.000363654 0.0465298 -0.0223031 -0.00608338 -0.00940725 -0.0162448 -0.0163405 -0.0339173 0.00940918 -0.0034829 -0.0147859 -0.0470656 0.00421625 0.014289 -0.0182576 -0.0145123 0.00323883 -0.0262787 0.00383294 -0.0138167 0.0329535 0.0057713 -0.0131825 0.00212967 -0.0170798 -0.0312245 -0.0250492
internal_weight=535.019 428.651 158.527 270.124 106.368 105.406 170.397 128.823 69.2717 59.3573 36.1341 99.7276 69.4659 66.954 53.1212 41.5736 55.6871 50.3456 36.323 44.0405 21.527 43.6636 53.6631 5.32052 39.5323 52.9251 38.6212 33.357 8.08247 6.34822
internal_count=145740 122288 80152 42136 23452 28302 27745 16853 18822 8928 9480 14391 7925 17857 51850 10892 11026 16519 11465 3365 4150 3331 7714 528 2866 7454 10644 10270 6445 4489
is_linear=0
shrinkage=0.05


Tree=53
num_leaves=31
num_cat=0
split_feature=0 0 0 0 2 2 0 0 0 1 2 1 2 1 2 0 0 2 0 2 1 2 1 1 1 2 0 1 1 0
split_gain=108.364 35.9116 7.91154 6.42141 2.83911 2.69947 2.62262 1.83882 1.76134 1.56493 1.25637 1.15908 1.14692 1.12537 1.01391 0.949767 0.883071 0.798618 0.791301 0.785798 0.752583 0.666149 0.633829 0.585105 0.592152 0.57202 0.569175 0.605819 1.14157 0.568059
threshold=0.62835711240768444 0.034730579704046208 0.22442981600761411 1.0000000180025095e-35 0.022796352583586605 0.25683890577507601 0.82601973414421093 0.089541897177696214 0.12904489040374753 0.55156004428863536 0.3860182370820669 0.69694155454635631 0.19300911854103345 0.73843848705291759 0.095744680851063815 0.33925685286521917 0.012967582792043651 0.67477203647416417 0.0052666356787085507 0.10790273556231002 0.75170427560806286 0.84650455927051682 0.66415631771087658 0.60776248574256908 0.59546777606010448 0.010638297872340401 0.46230357885360723 0.69537881016731273 0.69238144159317028 0.61331856250762951
decision_type=2 2 2 2 2 2 2 2 2 2 2 2 2 2 2 2 2 2 2 2 2 2 2 2 2 2 2 2 2 2
left_child=1 3 5 -1 11 7 -2 14 -7 -6 13 16 18 26 -3 -12 -5 -10 -11 20 -9 -17 -20 24 -23 -18 -4 28 29 -28
right_child=6 2 10 4 9 8 -8 19 17 12 15 -13 -14 -15 -16 21 25 -19 22 -21 -22 23 -24 -25 -26 -27 27 -29 -30 -31
leaf_value=-0.049704868279566605 0.031824678648038569 -0.0038868793235472192 0.0081600534196435356 -0.025515489776460468 -0.045469903127883286 -0.031569500099650837 0.051921251871061051 0.0066678213760292069 -0.009473292178870725 -0.040504609803508264 -0.0080636796414061806 0.008559185685324407 -0.04978335178213722 0.033599444045505737 -0.016548407174784913 0.0093173973345675645 0.017666650941301144 -0.059530164132024992 -0.026904687525394634 -0.0024746600582821968 0.042334284781713916 -0.010500996494729169 -0.013974851499887836 -0.0017895414101531905 -0.088262773100838632 -0.014026981159530572 0.020661179330937876 0.039966184207441184 -0.067431566117561528 -0.019459295931581116
leaf_weight=39.959632604946364 20.611901589902118 29.500558571926376 53.198141057393514 10.930665964508085 14.298765607953099 17.182613357432274 76.437236057594419 18.65959255979033 25.726045544954108 6.4440967844602701 15.702815643755455 5.9711025174474335 4.8750905805791254 5.7502982516307375 34.073615777700979 31.495667612995021 2.3407538718747665 0.82227274336037126 23.08990567431465 42.398794474785973 1.6063453396782268 0.55565421932260406 16.07812312268652 3.911140120238997 0.43763428647071123 3.6337185480042535 10.390593435819023 2.8536984130041665 0.41239430115092623 0.96413434308488
leaf_count=47578 6396 7486 9820 4549 6073 3402 15990 5392 2429 2162 1204 412 1947 591 5820 2626 887 109 6934 6165 152 40 1763 243 18 1439 3212 517 57 327
internal_value=-4.37616e-11 -0.0109262 -0.00135736 -0.033093 -0.0255207 -0.00839053 0.047653 -0.00468183 -0.0190965 -0.0308677 0.0081549 -0.010378 -0.0267321 0.0123621 -0.010673 0.00221435 -0.0170669 -0.0110237 -0.0242684 0.00139632 0.00949486 0.00664825 -0.0215971 -0.0104927 -0.0447622 -0.00160965 0.0105614 0.0192988 0.0142866 0.0172545
internal_weight=520.313 423.264 295.642 127.622 87.6622 169.97 97.0491 126.239 43.7309 64.786 125.672 22.8762 50.4872 73.5693 63.5742 52.1029 16.9051 26.5483 45.6121 62.6647 20.2659 36.4001 39.168 4.90443 0.993289 5.97447 67.819 14.6208 11.7671 11.3547
internal_count=145740 123354 49610 73744 26166 30955 22386 25015 5940 18879 18655 7287 12806 14524 13306 4131 6875 2538 10859 11709 5544 2927 8697 301 58 2326 13933 4113 3596 3539
is_linear=0
shrinkage=0.05


Tree=54
num_leaves=31
num_cat=0
split_feature=0 0 0 0 0 2 2 2 0 1 0 0 2 0 1 1 2 2 3 0 1 1 0 2 1 1 2 0 1 1
split_gain=102.305 30.0105 9.033 6.44921 4.72978 3.08663 2.27528 2.05288 1.66932 1.57291 1.26245 1.1718 1.15224 1.04497 0.780692 0.759815 0.753168 0.74899 0.652989 0.626189 0.613595 0.936725 0.60631 0.59953 0.667114 0.577781 0.572479 0.757861 1.3088 1.17348
threshold=0.50552836060523998 0.024313308298587754 0.73069798946380626 0.16642885655164719 1.0000000180025095e-35 0.20212765957446807 0.013677811550151952 0.37841945288753803 0.069346737116575172 0.58397808670997631 0.097763065248727757 0.012967582792043651 0.050151975683890557 0.25457008183002477 0.73843848705291759 0.60477641224861156 0.095744680851063815 0.11398176291793312 1.0000000180025095e-35 0.82601973414421093 0.62705990672111522 0.59094995260238659 0.27195551991462713 0.6656534954407296 0.76125675439834606 0.77665513753891002 0.60942249240121582 0.67874166369438182 0.76125675439834606 0.70021736621856701
decision_type=2 2 2 2 2 2 2 2 2 2 2 2 2 2 2 2 2 2 2 2 2 2 2 2 2 2 2 2 2 2
left_child=1 4 26 5 -1 8 11 14 12 -8 15 -6 -3 23 22 -7 -10 -11 -14 20 21 -4 -5 24 -9 -12 -2 29 -29 -28
right_child=2 3 19 7 6 10 9 13 16 17 25 -13 18 -15 -16 -17 -18 -19 -20 -21 -22 -23 -24 -25 -26 -27 27 28 -30 -31
leaf_value=-0.049435417634552753 0.0240580512585678 -0.0011241844415270468 0.054348990716971905 0.0026265127052160762 -0.016994658571527294 -0.045698701782962661 -0.043790591009277742 -0.011205056707454749 0.0076753331911082346 -0.021524840951668432 -0.015734748790308468 0.018176071612244611 -0.058719101983706071 -1.6998602590342119e-05 0.023644405814767431 -0.02462793849820949 -0.004758932233120977 -0.038985638446065507 -0.015775478108693106 0.051757890722818493 0.047264807188378694 -0.0054584497961137606 0.011435882528512407 -0.054711666019609875 -0.072584702766996079 0.055799278891973197 -0.0037695452625687779 0.054635832713650481 -0.087886610394522405 0.054455642176451505
leaf_weight=38.063860896149436 26.267786097509088 16.460475809049967 1.0728223479818546 38.050565020086651 9.4237118103483208 6.7965302656239173 18.034354335110038 10.340723807945318 19.433320114188973 26.512735541233269 22.693608541245343 3.1632218656595787 0.9042018188192732 35.100377403847233 7.8968996644834979 11.548008364152336 32.621875203451054 7.9933612870299831 42.156290072958654 73.038685977226123 4.9821399545762688 1.6798297317000104 40.132636607639142 0.97811990304035212 0.46248013572767455 0.2858339361846437 7.033622709073823 1.5533238508505736 0.17971954168751825 0.9867544516455381
leaf_count=47578 6552 5112 810 6537 3013 2573 8308 849 5484 6353 2840 888 334 2762 676 1806 5186 2264 8143 15990 1756 632 8243 102 19 20 552 219 6 133
internal_value=-5.09298e-11 -0.0123201 0.0410395 -0.0039767 -0.0354333 -0.01098 -0.0272497 0.00407682 -0.00665664 -0.0318239 -0.0226533 -0.0081559 -0.012376 -0.00434175 0.00866181 -0.0324345 -0.000116954 -0.0255696 -0.0166772 0.0503253 0.036797 0.017851 0.0071485 -0.0172266 -0.0138327 -0.014845 0.0202171 0.00987274 0.039856 0.00339395
internal_weight=505.848 389.053 116.795 285.862 103.191 152.9 65.1274 132.962 111.576 52.5405 41.324 12.5869 59.521 46.8817 86.0801 18.3445 52.0552 34.5061 43.0605 80.7735 7.73479 2.75265 78.1832 11.7813 10.8032 22.9794 36.0212 9.75342 1.73304 8.02038
internal_count=145740 119090 26650 50686 68404 31498 20826 19188 24259 16925 7239 3901 13589 3732 15456 4379 10670 8617 8477 19188 3198 1442 14780 970 868 2860 7462 910 225 685
is_linear=0
shrinkage=0.05


Tree=55
num_leaves=31
num_cat=0
split_feature=0 0 0 0 0 2 2 3 2 2 2 0 0 1 1 0 2 1 0 1 1 2 2 1 3 2 1 1 1 2
split_gain=96.3004 31.8273 7.70587 4.94448 3.88611 2.84791 2.61021 1.57976 1.51666 1.13212 1.11248 1.18725 1.05797 0.9841 0.867713 0.824063 0.951753 0.803559 0.78104 0.842643 0.721544 1.01102 0.698677 0.598745 0.568832 0.561958 0.643511 0.539922 2.62255 0.906333
threshold=0.59754621982574474 0.051947942003607701 0.0033585673663764502 0.22442981600761411 0.82601973414421093 0.10182370820668692 0.25683890577507601 1.0000000180025095e-35 0.3860182370820669 0.25987841945288753 0.037993920972644361 0.089541897177696214 0.13349515944719312 0.73843848705291759 0.6405109465122224 0.017447809688746905 0.019756838905775054 0.63596329092979442 0.38956686854362493 0.6896122694015504 0.66910442709922802 0.50911854103343479 0.67477203647416417 0.63223096728324901 1.0000000180025095e-35 0.60486322188449859 0.67302045226097118 0.65760675072669994 0.65843093395233165 0.25075987841945291
decision_type=2 2 2 2 2 2 2 2 2 2 2 2 2 2 2 2 2 2 2 2 2 2 2 2 2 2 2 2 2 2
left_child=1 2 14 6 -2 7 10 -4 13 17 -3 -12 -8 -5 -1 -9 -17 -7 19 20 23 -22 -14 -10 -13 -23 -27 -6 -29 -30
right_child=4 3 5 8 27 9 12 15 18 -11 11 24 22 -15 -16 16 -18 -19 -20 -21 21 25 -24 -25 -26 26 -28 28 29 -31
leaf_value=-0.049739639942240524 0.028236078246266789 0.017252706144814296 -0.058227854651270221 0.010498839770142626 0.053178302199339493 -0.037075671881552412 -0.027580729349300604 -0.020449518158780797 -0.015796657700398647 -0.05396199167305922 -0.010979712453010063 -0.059587040046111553 -0.0093414022475961055 0.032723679472318849 -0.032795614759411909 0.010021634139274592 -0.012483685513378442 -0.01996024687454671 0.0066949199256640867 0.01062256053178395 -0.00097336581125243872 -0.084207001358975631 -0.058027920436489404 0.0055415521352842195 0.0012426010024128285 -0.072019525141732224 0.011757357914066402 -0.076554463407475695 0.0066227966772518425 0.053694061916500446
leaf_weight=36.915542469047978 23.990081470285077 6.9066957284012451 2.0842936468325197 63.582866077093058 61.48586127627641 15.049004395223166 15.309163368849111 27.514437617406656 7.6974266359575321 5.5822876799966243 33.874631091073752 0.38693752844119345 23.877305335772693 5.4041769157047375 9.500375347250154 5.5934125706735349 29.339080916590319 12.599111917894332 24.892001004918711 5.5852551046991712 1.4122709498915349 0.94231322698760756 0.76034915231866662 5.7382526399451308 56.827105662010581 0.44878112897276878 0.4685124633833766 0.45920754550024678 1.2102047968655822 6.5976009763544425
leaf_count=41747 7462 3043 965 13188 11040 5351 2713 8602 776 2378 6199 200 2320 563 10103 1952 7303 1751 2081 413 103 41 106 384 9966 16 24 77 3077 1796
internal_value=4.59011e-11 -0.0107314 -0.0294958 -8.49432e-05 0.045595 -0.0215308 -0.0064855 -0.0154069 0.00751507 -0.0334231 -0.00209416 -0.00356111 -0.0172581 0.0122398 -0.0462715 -0.0139777 -0.00888012 -0.0292763 0.000607151 -0.00619041 -0.0118109 -0.0328669 -0.0108439 -0.00668331 0.000831211 -0.0570884 -0.02923 0.0515653 0.0395684 0.046398
internal_weight=492.035 398.292 144.178 254.114 93.743 97.7616 137.942 64.5312 116.172 33.2304 97.9954 91.0887 39.9468 68.987 46.4159 62.4469 34.9325 27.6481 47.1848 22.2928 16.7076 3.27188 24.6377 13.4357 57.214 1.85961 0.917294 69.7529 8.26701 7.80781
internal_count=145740 122288 80152 42136 23452 28302 24547 18822 17589 9480 19408 16365 5139 13751 51850 17857 9255 7102 3838 1757 1344 184 2426 1160 10166 81 40 15990 4950 4873
is_linear=0
shrinkage=0.05


Tree=56
num_leaves=31
num_cat=0
split_feature=0 0 0 0 0 2 2 3 0 2 2 2 2 0 0 1 1 0 1 1 3 2 0 2 2 1 1 1 2 1
split_gain=91.0693 31.1087 7.51641 5.12466 2.75517 2.65759 2.41077 1.87958 1.63275 1.36691 1.29009 1.24062 1.12619 1.12301 0.93355 0.873519 0.758261 0.738913 0.70293 0.683433 0.673924 0.666944 0.661702 1.17311 1.20552 0.725771 0.97305 1.22326 0.896925 0.686656
threshold=0.62835711240768444 0.051947942003607701 0.0024039756972342005 0.27195551991462713 0.82601973414421093 0.16565349544072946 0.10790273556231002 1.0000000180025095e-35 0.13761152327060697 0.022796352583586605 0.3860182370820669 0.37234042553191499 0.40729483282674767 0.020618690177798254 0.012967582792043651 0.6405109465122224 0.64122939109802257 0.086707472801208454 0.75170427560806286 0.73398017883300792 1.0000000180025095e-35 0.010638297872340401 0.44924572110176092 0.40273556231003044 0.50911854103343479 0.59622156620025646 0.56699776649475109 0.56972649693489086 0.94832826747720389 0.57836803793907177
decision_type=2 2 2 2 2 2 2 2 2 2 2 2 2 2 2 2 2 2 2 2 2 2 2 2 2 2 2 2 2 2
left_child=1 2 15 6 -2 7 17 -4 11 14 19 -8 -10 -11 -9 -1 -17 -3 -19 -5 -12 -16 23 -22 -25 26 -24 -28 -27 -29
right_child=4 3 5 10 -6 -7 8 9 12 13 20 -13 -14 -15 21 16 -18 18 -20 -21 22 -23 25 24 -26 28 27 29 -30 -31
leaf_value=-0.050539754301729217 0.030008258072937812 -0.002250131477560193 -0.058441283439684404 0.012690322690509735 0.051708620749277595 -0.042621421333530092 -0.012757861006346606 -0.016217069364434091 -0.00013125705593516659 -0.028458749646097306 -0.066264655942732981 -0.038714115291664741 -0.016752963655183334 -0.014892956849931513 0.022893143599952284 0.051553285042994584 -0.035078432889986549 0.0091064912667785155 0.042578829112509077 0.032196134823474394 -0.03538741217146759 -0.004359265839619493 0.032745978206548863 0.018857402783260233 -0.0066589851626013682 0.018505296917774038 -0.11349350112012845 0.057102510897347525 -0.020989464489507049 -0.027008442279675755
leaf_weight=33.292635468778826 18.769523220544215 16.744538114227907 2.8249788768589488 48.976131553077721 66.273345306748524 12.987770947291208 49.426009430320846 9.9117212001874595 51.617935592184949 26.215401062054298 0.34970178635558014 5.0764090075535924 12.697376902404356 36.491636019203725 3.5413424907965219 0.26088167676061669 7.9407892049803195 19.794474547670692 1.7034635171294201 4.943947064341045 2.3884604392660576 6.1330035511928145 0.85492727838573346 6.835209788419891 14.340373691211424 14.447479209193263 0.36668385541997883 0.29074271675199259 1.5963707843329746 1.4667990235611794
leaf_count=40877 6396 4292 1241 11235 15990 5064 7714 3165 6746 8373 34 1214 1179 8428 1129 174 9731 6427 173 564 186 1970 128 643 1067 1325 14 37 104 120
internal_value=1.49861e-10 -0.0101397 -0.0290994 0.000284106 0.0469192 -0.0215541 -0.00529402 -0.0183395 -0.00880839 -0.0169629 0.00932944 -0.0151755 -0.00341278 -0.0205643 -0.00543254 -0.046939 -0.0323228 0.00562496 0.0117588 0.0144788 0.00286284 0.00561661 0.00343048 -0.00216938 0.00157738 0.0103671 -0.012297 -0.0304252 0.0145755 -0.0130943
internal_weight=478.56 393.517 139.6 253.917 85.0429 98.1059 157.06 85.1181 118.818 82.2931 96.8568 54.5024 64.3153 62.707 19.5861 41.4943 8.20167 38.2425 21.4979 53.9201 42.9367 9.67435 42.587 23.564 21.1756 19.023 2.97915 2.12423 16.0438 1.75754
internal_count=145740 123354 80152 43202 22386 29370 27745 24306 16853 23065 15457 8928 7925 16801 6264 50782 9905 10892 6600 11799 3658 3099 3624 1896 1710 1728 299 171 1429 157
is_linear=0
shrinkage=0.05


Tree=57
num_leaves=31
num_cat=0
split_feature=0 0 0 0 0 2 2 0 1 2 2 0 0 2 1 2 0 2 2 0 1 2 0 2 1 2 0 2 1 1
split_gain=85.8898 29.9263 6.0913 5.81483 2.76394 2.5408 2.50074 1.85332 1.73081 1.4213 1.35335 1.11601 1.09529 1.08846 0.999065 0.998778 0.95163 0.762162 1.17499 0.735919 0.754462 0.704406 0.679142 0.595458 0.562232 0.553685 0.563477 0.698306 0.536975 0.530175
threshold=0.62835711240768444 0.034730579704046208 0.22442981600761411 1.0000000180025095e-35 0.82601973414421093 0.013677811550151952 0.12006079027355622 0.097763065248727757 0.55259579420089733 0.3860182370820669 0.33586626139817638 0.012967582792043651 0.086707472801208454 0.19300911854103345 0.73843848705291759 0.25683890577507601 0.44924572110176092 0.40273556231003044 0.50911854103343479 0.0052666356787085507 0.66514942049980175 0.67477203647416417 0.29002925753593445 0.034954407294832811 0.67839944362640392 0.84650455927051682 0.49178516864776611 0.98176291793313075 0.65004691481590282 0.70378968119621288
decision_type=2 2 2 2 2 2 2 2 2 2 2 2 2 2 2 2 2 2 2 2 2 2 2 2 2 2 2 2 2 2
left_child=1 3 6 24 -2 11 12 10 -7 14 -8 -5 -3 19 -4 -9 17 -11 22 -10 -21 -17 -19 -22 -1 -18 -27 28 -28 -20
right_child=4 2 9 5 -6 8 7 15 13 16 -12 -13 -14 -15 -16 21 25 18 29 20 23 -23 -24 -25 -26 26 27 -29 -30 -31
leaf_value=-0.051234568375204861 0.029465337886532168 -0.0048916730893857202 0.010577202225085911 -0.01427189539081 0.051554259059815699 -0.043902951051653538 -0.017644137224755146 -0.0006906094348063846 -0.036839996101109745 -0.027607330344803168 -0.047813117983397622 0.01702512041888684 0.0091636006484524055 -0.048451190513136969 0.033128299917589268 -0.012022749726770095 0.013318271216059274 -0.0064956940433615181 -0.012932181772692876 -0.025181131316336092 0.0024404997296625396 -0.056523298668359007 0.022615576254712597 -0.017706195872570416 -0.024349430964771726 -0.055765094975822598 -0.047167343133921867 0.057846122938560923 0.011657133992627253 0.013196078094737787
leaf_weight=30.34814728656238 18.243846532190219 33.413107655505883 63.153360496638925 8.8907352088644966 63.293952117324807 14.096520294658147 32.738224925124086 31.586757322831545 7.124139927494979 3.1925414596917134 4.1934671986609819 4.1911573836623566 23.687087751222862 4.2365386612000284 5.3254742354620239 29.841057187455593 16.155045290273851 3.0101320060493908 14.688981856088505 23.773278225125978 5.3388538200815701 0.91658122064836689 5.9905989397811936 11.716360136095316 2.0777394466767865 0.5655380076495925 0.70006611815188058 0.42248351499438275 0.87016742443665862 2.2372032671701154
leaf_count=44379 6396 8652 13933 3013 15990 7104 6072 4883 2734 256 1324 1330 6548 1929 591 3319 1540 262 1129 8045 642 157 570 1369 3199 28 41 48 78 179
internal_value=3.13486e-11 -0.00988509 -0.000953387 -0.0316714 0.0466119 -0.0243826 -0.00739832 -0.0121936 -0.0283569 0.00771156 -0.0210697 -0.004245 0.000938929 -0.0241579 0.012331 -0.00693557 0.0010983 -0.0045553 -0.00171676 -0.0220116 -0.0194242 -0.0133489 0.0128798 -0.0113996 -0.0495119 0.00989577 -0.0117169 0.000784072 -0.0145689 -0.0094787
internal_weight=466.019 384.481 272.688 111.793 81.5378 79.3676 156.376 99.2761 66.2857 116.312 36.9317 13.0819 57.1002 52.1892 68.4788 62.3444 47.8328 29.1195 25.9269 47.9526 40.8285 30.7576 9.00073 17.0552 32.4259 18.7133 2.55826 1.99272 1.57023 16.9262
internal_count=145740 123354 49610 73744 22386 26166 30955 15755 21823 18655 7396 4343 15200 14719 14524 8359 4131 2396 2140 12790 10056 3476 832 2011 47578 1735 195 167 119 1308
is_linear=0
shrinkage=0.05


Tree=58
num_leaves=31
num_cat=0
split_feature=0 0 0 0 0 2 2 3 0 2 0 0 2 1 0 2 0 2 1 2 2 0 3 2 1 0 1 1 1 2
split_gain=80.8953 28.8384 7.30457 4.3306 2.79803 2.56917 2.39932 1.95467 1.41183 1.21933 1.5559 1.12935 1.06953 1.0004 0.984817 0.981259 0.893139 0.88813 0.771873 0.715209 0.667934 0.603011 0.576754 0.565564 0.582441 0.545075 0.571885 0.528578 0.500992 0.476352
threshold=0.62835711240768444 0.055575609207153313 1.0000000180025095e-35 0.29002925753593445 0.82601973414421093 0.11094224924012157 0.23860182370820668 1.0000000180025095e-35 0.12904489040374753 0.010638297872340401 0.020618690177798254 0.097763065248727757 0.3860182370820669 0.73398017883300792 0.012967582792043651 0.25987841945288753 0.023359591141343106 0.041033434650455912 0.55259579420089733 0.40729483282674767 0.098784194528875366 0.00040202401578420002 1.0000000180025095e-35 0.041033434650455912 0.54615014791488659 0.18435971438884732 0.72975400090217601 0.61706015467643749 0.67839944362640392 0.94832826747720389
decision_type=2 2 2 2 2 2 2 2 2 2 2 2 2 2 2 2 2 2 2 2 2 2 2 2 2 2 2 2 2 2
left_child=1 2 28 6 -2 7 11 -4 -8 14 18 20 13 -5 21 16 -7 -13 -11 25 -3 -9 -14 -12 -25 26 -10 -19 -1 -6
right_child=4 3 5 12 29 15 8 9 19 10 23 17 22 -15 -16 -17 -18 27 -20 -21 -22 -23 -24 24 -26 -27 -28 -29 -30 -31
leaf_value=-0.051061625903968615 0.028800718076751483 0.001782075671138251 -0.057992045596899813 0.012689448216540493 0.052031521765820737 -0.041157356215916929 -0.025359086787767694 0.050851384651161638 -0.014419572966260109 -0.042028078387257091 0.00022890395743651429 0.033057119231362946 -0.066752322721013016 0.039047066663072644 0.022186989391040121 -0.052116085997257769 -0.021911271560801478 -0.0052313426152134348 -0.02184058516386353 -0.016605880265100816 -0.011913280931419801 -0.014356408198454873 0.0042054680675647493 -0.039892211664505718 -0.011675093382825255 0.0024371003348311305 0.034940697020190495 0.0063151377254183272 -0.025168864420093556 0.019993195735915903
leaf_weight=28.868297518957664 17.70000982581405 15.288410791905333 2.7551847138420262 43.049058201097068 59.264464238483924 9.937596811177178 15.066984122968277 0.37650489072256998 10.549971280179307 5.8590926780998442 9.6642536459476123 2.691520857235445 0.28851615876192127 3.9285034598433404 3.5661123000609223 5.909159837669903 15.322351692757364 12.883850875514325 24.680478610451246 14.619803712295832 21.315108152808534 6.0775669859649497 38.53614511640626 2.0214759051850733 19.187099592836603 17.664034187240759 0.62136654520873058 42.966514174338954 1.9974173742648407 1.1833545705303539
leaf_count=44379 6396 4272 1282 10432 15746 3458 2781 96 1141 3453 3313 1873 27 504 1158 2707 3662 4722 7545 1425 3622 2067 3428 1129 3772 1853 43 6011 3199 244
internal_value=9.32809e-11 -0.0096277 -0.0279948 0.000820432 0.0462847 -0.0217279 -0.00420388 -0.016667 -0.0121702 -0.0150731 -0.0177118 0.000696048 0.00981873 0.0148936 0.00109929 -0.0337738 -0.0294829 0.00500349 -0.0257136 -0.00759727 -0.00619306 -0.0105524 0.00367816 -0.00979632 -0.0143646 -0.00302982 -0.0116741 0.00365154 -0.049386 0.0514043
internal_weight=453.84 375.692 136.223 239.47 78.1478 105.357 153.668 74.1878 58.5222 71.4326 61.4124 95.1454 85.8022 46.9776 10.0202 31.1691 25.2599 58.5419 30.5396 43.4552 36.6035 6.45407 38.8247 30.8728 21.2086 28.8354 11.1713 55.8504 30.8657 60.4478
internal_count=145740 123354 81220 42134 22386 33642 27743 23815 7243 22533 19212 20500 14391 10936 3321 9827 7120 12606 10998 4462 7894 2163 3455 8214 4901 3037 1184 10733 47578 15990
is_linear=0
shrinkage=0.05


Tree=59
num_leaves=31
num_cat=0
split_feature=0 0 0 0 0 2 2 2 3 1 0 2 1 0 2 2 0 2 0 0 0 2 1 1 1 1 2 1 1 2
split_gain=76.5633 27.5017 7.23396 4.06747 2.72326 2.71229 2.58853 1.73924 1.49668 1.14078 1.08085 0.907031 0.874341 0.847025 0.884968 0.772912 0.73502 0.712826 0.644992 0.615842 0.614359 0.579627 0.519599 0.513292 0.494426 0.493166 0.48361 0.661946 0.475906 1.01982
threshold=0.62835711240768444 0.055575609207153313 0.0024039756972342005 0.19076523184776303 0.82601973414421093 0.21428571428571427 0.095744680851063815 0.3860182370820669 1.0000000180025095e-35 0.59477972984313976 0.38956686854362493 0.025835866261398156 0.55563190579414379 0.017447809688746905 0.019756838905775054 0.095744680851063815 0.089541897177696214 0.51823708206686947 0.43697042763233185 0.37964843213558203 0.37083931267261511 0.74316109422492416 0.52917194366455089 0.66030469536781322 0.65586698055267345 0.72975400090217601 0.013677811550151952 0.56139522790908825 0.71982061862945568 0.46504559270516715
decision_type=2 2 2 2 2 2 2 2 2 2 2 2 2 2 2 2 2 2 2 2 2 2 2 2 2 2 2 2 2 2
left_child=1 2 23 5 -2 11 8 15 -4 -8 17 -3 -7 26 -15 -5 22 20 -17 -19 -9 -14 -13 -1 -18 -20 -10 -28 -12 -30
right_child=4 3 6 7 -6 12 9 10 13 -11 28 16 21 14 -16 18 24 19 25 -21 -22 -23 -24 -25 -26 -27 27 -29 29 -31
leaf_value=-0.049278467496065695 0.028612965985189531 0.027991943957857913 -0.058213938506623576 0.031392179254923332 0.051265107041643609 -0.040346649665695331 -0.043157381937932268 -0.0026860957632204511 -0.0085388231429129029 -0.02445918369453785 0.0093244997408622951 -0.0371655074005229 -0.013913129251483731 0.010731398083807695 -0.011221475249937446 0.0076828728761882585 -0.0036115693918220269 -0.013327412195560651 0.016194706636800834 -0.055864247479758794 0.039364698191203439 -0.066540855064869661 -0.0064279399502451583 -0.032366988732479708 0.0075983460570308754 0.046982991831902243 -0.041956168121475013 -0.01898360955531293 -0.0412783746809256 0.015584650435906825
leaf_weight=30.641407121716838 17.229614197043702 2.6761432523089743 1.8802299727612979 4.5796339077751318 57.707305727060884 3.7113608975851085 12.893890328428823 11.206278452518745 7.2719956034561646 22.204971605089668 22.213348595454594 1.4536729092978955 32.643807706597727 5.5232479777441759 27.191712534722683 57.257017383781204 17.714249801945698 11.29592630290426 15.689826790854569 0.9202190008072656 0.9415679402882241 0.53171166891115618 25.370672843710054 5.2565770084079295 22.118283398871426 1.4182224962278258 3.9384864785261042 15.385388109913036 1.5010177436051884 1.6610994134098289
leaf_count=44830 6396 1521 1011 5003 15990 1188 5814 995 2292 4982 2090 870 4102 2038 7387 8324 5738 956 3303 60 105 92 4739 5952 2564 200 2448 4466 101 183
internal_value=6.25309e-11 -0.0094019 -0.0276455 0.000864372 0.0460569 -0.00637743 -0.0205038 0.00684198 -0.0142949 -0.0313281 -0.000481167 -0.000549681 -0.0173313 -0.0129027 -0.00751518 0.011456 -0.00169557 -0.00800318 0.0102282 -0.0165316 0.000573221 -0.0147566 -0.00809368 -0.0468021 0.00261309 0.018747 -0.0195297 -0.0236658 0.00674102 -0.0114075
internal_weight=442.029 367.092 132.188 234.904 74.9369 106.22 96.2899 128.684 61.1911 35.0989 49.7395 69.333 36.8869 59.3108 32.715 78.9447 66.6569 24.364 74.3651 12.2161 12.1478 33.1755 26.8243 35.898 39.8325 17.108 26.5959 19.3239 25.3755 3.16212
internal_count=145740 123354 81220 42134 22386 20814 30438 21320 19642 10796 4490 15432 5382 18631 9425 16830 13911 2116 11827 1016 1100 4194 5609 50782 8302 3503 9206 6914 2374 284
is_linear=0
shrinkage=0.05


Tree=60
num_leaves=31
num_cat=0
split_feature=0 0 0 0 3 2 2 2 1 2 0 1 0 0 0 1 1 1 2 0 2 3 2 2 0 0 2 2 2 3
split_gain=72.1497 27.3155 8.218 3.36878 2.63528 2.35335 2.32287 1.55426 1.45774 1.38952 1.29073 1.278 1.24733 1.17495 0.973661 0.725684 0.714824 0.741237 0.7052 0.684448 0.596737 0.57476 0.628232 0.981223 1.29731 0.546733 0.49895 0.491617 0.489641 0.478056
threshold=0.67874166369438182 0.076357886195182759 0.0033585673663764502 0.29002925753593445 1.0000000180025095e-35 0.092705167173252265 0.098784194528875366 0.58054711246200619 0.625572830438614 0.37841945288753803 0.82601973414421093 0.70021736621856701 0.16642885655164719 0.62835711240768444 0.018214993178844403 0.65843093395233165 0.69694155454635631 0.68819844722747814 0.013677811550151952 0.14232955873012543 0.092705167173252265 1.0000000180025095e-35 0.55319148936170226 0.54255319148936187 0.49178516864776611 0.017447809688746905 0.84650455927051682 0.016717325227963504 0.19300911854103345 1.0000000180025095e-35
decision_type=2 2 2 2 2 2 2 2 2 2 2 2 2 2 2 2 2 2 2 2 2 2 2 2 2 2 2 2 2 2
left_child=1 2 15 6 -4 14 27 13 28 12 -2 16 29 20 -6 -1 17 -9 -16 -11 -5 -22 23 -23 -25 -10 -21 -3 -7 -8
right_child=10 3 4 7 5 8 9 11 25 19 -12 -13 -14 -15 18 -17 -18 -19 -20 26 21 22 -24 24 -26 -27 -28 -29 -30 -31
leaf_value=-0.048698150535274827 0.032516513409553173 0.064170882446636865 -0.058493308105303413 0.042927335779136933 -0.018283718488662244 -0.029541981490184555 -0.060297645979286399 -0.0067106012995064614 -0.036444201146291405 -0.036491045184141015 0.051097680900720616 0.03674975211255245 0.0041046715306622449 0.043191480398588729 0.015449122431091412 -0.029699112552118601 -0.061823247263814551 0.052592555065483375 -0.0077905052191899991 -0.01101974934652373 -0.064250244155543826 0.012115051303419909 0.040995267210365442 -0.052478207750045885 0.03793927060911359 -0.014479715512263271 -0.052792562842009109 0.011800061327569451 -0.045398417841703231 -0.0076837166280463625
leaf_weight=30.638344473754842 11.254319479281547 0.458470675090214 3.9544458540949554 1.552878753565891 25.040055138255411 14.68840808535788 0.43592487688874726 16.098594743671139 3.2426781810208949 3.6989721290337938 55.121498600405175 1.8815816608839657 37.846542318275169 3.2275998771074219 3.6054442816166548 6.0122989028777729 0.56772618123795737 0.54474609205499191 34.502565269451225 16.678950867295502 0.24903909454587747 60.774701401183847 1.7980242062476453 1.2917980292113487 0.57254541222937394 22.434520518654608 0.74685013912676268 19.836292546329787 7.2824843937823962 44.921587551423727
leaf_count=45405 4797 699 1737 3313 8617 5363 203 1275 903 835 15990 261 5540 1367 1436 6445 24 62 9786 1623 29 9300 237 73 49 3289 71 6366 3579 7066
internal_value=-4.69921e-11 -0.00872921 -0.0249693 0.00280437 -0.0183858 -0.0169544 -0.00249405 0.0102605 -0.0253433 -0.00550478 0.0479472 -0.00237435 -0.00259726 0.0137331 -0.0106245 -0.0455815 -0.00665155 -0.00476957 -0.00559178 -0.0169566 0.0122977 0.0115624 0.0118554 0.011019 -0.0247107 -0.0172535 -0.0128101 0.0129831 -0.0347978 -0.00818938
internal_weight=430.96 364.584 151.401 213.183 114.751 110.796 124.624 88.5592 47.6481 104.329 66.3758 19.0926 83.2041 69.4666 63.1481 36.6506 17.2111 16.6433 38.108 21.1248 66.239 64.6861 64.4371 62.639 1.86434 25.6772 17.4258 20.2948 21.9709 45.3575
internal_count=145740 124953 86560 38393 34710 32973 22403 15990 13134 15338 20787 1622 12809 14368 19839 51850 1361 1337 11222 2529 13001 9688 9659 9422 122 4192 1694 7065 8942 7269
is_linear=0
shrinkage=0.05


Tree=61
num_leaves=31
num_cat=0
split_feature=0 0 0 0 0 2 2 1 3 2 2 0 0 1 0 2 1 2 1 2 3 2 2 1 1 1 1 2 2 0
split_gain=68.1607 24.9942 7.40038 3.11327 2.69569 2.4064 2.38316 1.54121 1.35112 1.08127 1.03432 1.01147 1.01009 0.956657 0.842218 0.705218 0.702785 0.664333 0.571347 0.543608 0.540666 0.493692 0.490403 1.28802 1.83277 0.532454 1.62099 1.23535 1.21119 0.472205
threshold=0.62835711240768444 0.069346737116575172 0.0033585673663764502 0.29002925753593445 0.82601973414421093 0.23860182370820668 0.092705167173252265 0.59763583540916454 1.0000000180025095e-35 0.3860182370820669 0.095744680851063815 0.018214993178844403 0.14647580683231354 0.73398017883300792 0.16642885655164719 0.013677811550151952 0.65843093395233165 0.53951367781155024 0.71210849285125744 0.26291793313069911 1.0000000180025095e-35 0.53039513677811556 0.94832826747720389 0.62778952717781078 0.62705990672111522 0.65760675072669994 0.65843093395233165 0.25075987841945291 0.24468085106382978 0.028211694210767704
decision_type=2 2 2 2 2 2 2 2 2 2 2 2 2 2 2 2 2 2 2 2 2 2 2 2 2 2 2 2 2 2
left_child=1 2 16 5 -2 10 8 29 -4 13 18 -10 -7 -5 -12 -13 -1 21 -3 -9 -11 -14 25 24 -24 -6 -27 28 -28 -8
right_child=4 3 6 9 22 12 7 19 11 20 14 15 17 -15 -16 -17 -18 -19 -20 -21 -22 -23 23 -25 -26 26 27 -29 -30 -31
leaf_value=-0.048287806421018667 0.027686201041613474 0.0072516896409050447 -0.057519484407662524 0.012629143345946775 0.053407339084728979 -0.021529613379939593 -0.050326444387652228 -0.018269085165716153 -0.018909529724326565 -0.06813876900690545 -0.0055607245080910514 0.015509820039238169 -0.0042017421106113999 0.039110580616620289 0.0072517926506386948 -0.0080317236151834451 -0.029250881868393992 -0.021936238679817508 0.025810841482526405 -0.040414273933538386 0.0037704439016565828 0.060383108558377245 0.053233960774850514 0.052980941251441288 -0.19306923881444721 -0.069317574915838953 0.053627228203113379 0.053280087232725919 -0.076543387752262257 -0.032618885152418911
leaf_weight=29.31092964970685 16.336355109640863 15.297734525123817 1.6080193990019314 41.140447746387508 45.908795106573962 16.031742747109092 6.6776714292391253 25.448222005099527 24.419057964776584 0.26328366785310109 34.310546485053237 3.5326658025660427 30.718252157101237 3.7187358525115988 20.483302951295627 31.976879667192406 5.8088664041863458 5.8599868596429578 5.6891002793272483 3.1098410320992107 36.469016985007329 0.29877091824891877 0.15094288089312502 0.72063259000424296 0.15116963908076286 0.33598077832721074 0.3290091874077915 4.6695184927084483 0.39115664688870311 8.6311902816969432
leaf_count=45405 6396 6841 993 10432 10916 2734 3381 4761 8617 27 6079 1367 3279 504 3715 9186 6445 593 732 1181 3428 32 40 202 2 77 3052 1676 25 3622
internal_value=2.77237e-10 -0.00893488 -0.025261 0.00197529 0.0454302 -0.00286899 -0.0186377 -0.0275424 -0.01229 0.00961589 0.00284405 -0.0110764 -0.0110517 0.0148244 -0.000771087 -0.00568969 -0.0451391 -0.00649661 0.0122827 -0.0206806 0.00325503 -0.00357963 0.0509351 0.0166502 -0.0700101 0.0516142 0.037237 0.0438793 -0.0170747 -0.0403429
internal_weight=419.798 350.804 140.523 210.281 68.9936 128.689 105.404 43.8669 61.5366 81.5915 75.7807 59.9286 52.9088 44.8592 54.7938 35.5095 35.1198 36.877 20.9868 28.5581 36.7323 31.017 52.6572 1.02275 0.302113 51.6345 5.72567 5.38968 0.720166 15.3089
internal_count=145740 123354 84958 38396 22386 24005 33108 12945 20163 14391 17367 19170 6638 10936 9794 10553 51850 3904 7573 5942 3455 3311 15990 244 42 15746 4830 4753 3077 7003
is_linear=0
shrinkage=0.05


Tree=62
num_leaves=31
num_cat=0
split_feature=0 0 0 0 2 2 0 3 2 2 2 0 0 1 0 2 0 0 1 2 1 2 0 1 2 0 3 2 2 0
split_gain=64.7132 24.9013 5.66843 4.44268 2.43098 2.13414 1.86513 1.78001 1.68077 1.47346 1.36894 1.33424 1.20771 1.16381 1.11693 1.01103 0.901099 0.765203 0.739973 0.705237 0.652718 0.623006 0.617817 0.534882 0.52968 0.837618 0.506994 0.659399 0.726765 1.07983
threshold=0.67874166369438182 0.047105498611927005 1.0000000180025095e-35 0.29002925753593445 0.098784194528875366 0.19300911854103345 0.097763065248727757 1.0000000180025095e-35 0.58054711246200619 0.010638297872340401 0.40729483282674767 0.82601973414421093 0.020618690177798254 0.70021736621856701 0.62835711240768444 0.33586626139817638 0.012967582792043651 0.086707472801208454 0.69849663972854625 0.041033434650455912 0.62995839118957531 0.11398176291793312 0.16642885655164719 0.49343995749950414 0.94832826747720389 0.49178516864776611 1.0000000180025095e-35 0.55319148936170226 0.54255319148936187 0.49178516864776611
decision_type=2 2 2 2 2 2 2 2 2 2 2 2 2 2 2 2 2 2 2 2 2 2 2 2 2 2 2 2 2 2
left_child=1 2 -1 4 17 7 15 -4 14 16 22 -2 20 18 21 -6 -9 -3 -10 -14 -11 -5 -8 -21 -15 -26 -23 28 -28 -30
right_child=11 3 5 8 6 -7 10 9 13 12 -12 -13 19 24 -16 -17 -18 -19 -20 23 -22 26 -24 -25 25 -27 27 -29 29 -31
leaf_value=-0.048462576251803918 0.031690784575968765 -2.9503114429238212e-05 -0.057648247948064196 0.035367651783294721 -0.014999732637663497 -0.047025081925105683 -0.0060350416583782708 -0.010597659824888766 -0.005929775142232435 -0.03396139599100343 -0.017541169392986299 0.051196612503194849 -0.00024077329121061452 0.054453154168831598 0.042891077032362057 -0.045619634238829171 0.022259751304889708 0.015285576312507699 -0.076721879954086955 -0.054163808962421123 -0.020036984199508848 -0.063637373450350448 0.0032966277539710244 -0.016064189885187929 -0.062225284996068109 0.056283364093326384 0.011530559476924844 0.041099413472001023 -0.046737303614935971 0.036844882348484743
leaf_weight=25.549728301422192 10.640129031322429 15.90090880090065 2.8963760998121861 2.7841273978992822 29.482232060710885 7.546877267475792 32.116824033679222 5.811759310832711 16.188712856819627 16.675219826212015 14.890473617102542 49.797134728520177 7.7294739253084108 1.1799403203185637 3.1160253295092835 2.9671856531226686 3.2554611662417301 16.74499002473749 0.37774914863984932 0.95810329894448187 16.992231156378693 0.22557658376172085 39.615180862434499 23.920991421819053 0.30018002726137627 0.2962570006493479 57.358509158308152 1.8205161510268215 1.2411843884619873 0.56112797540845338
leaf_count=47578 4797 4809 1510 4036 5650 3829 5233 2163 1347 9606 1750 15990 2833 203 1367 992 1073 6132 14 566 3642 29 5847 5750 11 47 8577 237 73 49
internal_value=-1.08284e-10 -0.00828294 -0.0277898 0.000874358 -0.00426137 -0.0216328 -0.00757537 -0.0191835 0.00999294 -0.0177048 -0.00374529 0.0477626 -0.0202911 -0.00341986 0.0136592 -0.0177996 0.00119934 0.00782603 -0.00754398 -0.0134329 -0.0269336 0.0122357 -0.000881474 -0.0175314 0.0350416 -0.0033607 0.0111835 0.0114603 0.0105482 -0.020715
internal_weight=408.941 348.504 111.336 237.168 151.718 85.7865 119.072 78.2396 85.4499 75.3432 86.6225 60.4373 66.276 18.3428 67.1071 32.4494 9.06722 32.6459 16.5665 32.6086 33.6675 63.991 71.732 24.8791 1.77638 0.596437 61.2069 60.9813 59.1608 1.80231
internal_count=145740 124953 78550 46403 30413 30972 19472 27143 15990 25633 12830 20787 22397 1622 14368 6642 3236 10941 1361 9149 13248 13001 11080 6316 261 58 8965 8936 8699 122
is_linear=0
shrinkage=0.05


Tree=63
num_leaves=31
num_cat=0
split_feature=0 0 0 0 2 2 3 2 0 2 0 2 1 0 0 0 2 1 0 1 1 2 2 1 2 2 0 3 2 0
split_gain=61.0033 23.7769 7.0852 2.81211 2.43243 2.2643 1.80166 1.63755 1.35034 1.26351 1.42443 1.21372 1.13406 1.11229 1.05713 0.970351 0.828192 0.711874 0.708998 0.641866 0.67156 0.617277 0.554233 0.51512 0.489157 0.481786 0.738473 0.472115 0.476534 0.458409
threshold=0.67874166369438182 0.076357886195182759 0.0033585673663764502 0.29002925753593445 0.098784194528875366 0.22644376899696048 1.0000000180025095e-35 0.58054711246200619 0.82601973414421093 0.034954407294832811 0.034730579704046208 0.40729483282674767 0.70021736621856701 0.16642885655164719 0.62835711240768444 0.012967582792043651 0.010638297872340401 0.65843093395233165 0.020618690177798254 0.69694155454635631 0.68819844722747814 0.11398176291793312 0.016717325227963504 0.6896122694015504 0.84650455927051682 0.94832826747720389 0.49178516864776611 1.0000000180025095e-35 0.19908814589665655 0.80964821577072155
decision_type=2 2 2 2 2 2 2 2 2 2 2 2 2 2 2 2 2 2 2 2 2 2 2 2 2 2 2 2 2 2
left_child=1 2 17 4 22 6 -4 14 29 15 -11 13 19 27 21 23 -17 -1 -18 20 -9 -5 -3 -8 -13 -14 -27 -6 -29 -2
right_child=8 3 5 7 11 -7 9 12 -10 10 -12 24 25 -15 -16 16 18 -19 -20 -21 -22 -23 -24 -25 -26 26 -28 28 -30 -31
leaf_value=-0.047846748964494298 0.034715001770805852 0.066973933142064193 -0.057260689988364338 0.035206799281602863 -0.060421757541310156 -0.040828679003959117 -0.023978416585161512 -0.0075761520305852332 0.051050335242286055 -0.025085388965402855 -0.010653922466040786 -0.016041154142559171 0.054310874721549121 0.0032703481369567378 0.042157902317723879 0.023703705641151387 -0.022248804982821929 -0.028015060921697234 0.0039911010426605682 -0.062992767347163026 0.052108964927054413 0.011091134015271417 0.012726201898149967 0.0013942170201859015 -0.055118948221589539 -0.060678010487850681 0.055540117494024835 -0.0029049336849352675 -0.013387641308007065 0.00060028680347124701
leaf_weight=26.787941214791317 9.1488784077228011 0.48279570238082925 2.5114970187205463 2.7760704206739311 0.43071942741516878 9.6716956096543054 7.4457872618149867 15.279016392261839 47.539692523685517 34.537697703921367 33.863492705197132 14.452670840877541 1.1302502303151403 38.970896889681171 3.079861241450998 3.5952358405411386 3.6024778102728297 5.4447999430967675 9.0197999832307669 0.50514279433991838 0.48629472090397108 60.106614740405348 19.006385094575307 2.7352631746907718 0.84778319031465876 0.27475267974659789 0.27200902707409114 23.14162335522451 20.39714346470646 1.1034826087998233
leaf_count=45405 4264 699 1456 4036 212 4138 3566 1275 15990 11210 8020 1876 203 5847 1367 1297 1300 6445 3440 24 62 8965 6366 283 105 11 47 4362 2936 533
internal_value=2.13484e-11 -0.0080538 -0.0239468 0.00291901 -0.00206594 -0.0177553 -0.0154621 0.00991315 0.047501 -0.0143547 -0.0179408 -0.00526703 -0.00347767 -0.00288003 0.0135566 -0.00506301 0.00253236 -0.0444968 -0.00349793 -0.00751277 -0.00573511 0.0121558 0.0140701 -0.0171617 -0.0182064 0.0356711 -0.00286054 -0.00833122 -0.0078159 0.0310432
internal_weight=398.648 340.856 139.216 201.64 117.73 106.983 97.3113 83.91 57.7921 94.7998 68.4012 98.2408 17.9475 82.9404 65.9625 26.3986 16.2175 32.2327 12.6223 16.2705 15.7653 62.8827 19.4892 10.1811 15.3005 1.67701 0.546762 43.9695 43.5388 10.2524
internal_count=145740 124953 86560 38393 22403 34710 30572 15990 20787 29116 19230 15338 1622 13357 14368 9886 6037 51850 4740 1361 1337 13001 7065 3849 1981 261 58 7510 7298 4797
is_linear=0
shrinkage=0.05


Tree=64
num_leaves=31
num_cat=0
split_feature=0 0 0 0 2 2 2 3 0 2 0 0 1 0 2 2 1 1 0 0 2 1 2 2 3 2 2 0 1 1
split_gain=57.6675 22.8043 6.67545 2.71257 2.45092 2.1899 1.55408 1.45874 1.33376 1.13682 1.08402 1.04754 1.02453 0.991507 0.969167 0.887424 0.704666 0.676683 0.662009 0.621665 0.601381 0.579373 0.509084 0.49305 0.471435 0.540796 0.735465 1.0746 0.503072 0.514723
threshold=0.67874166369438182 0.076357886195182759 0.0033585673663764502 0.29002925753593445 0.098784194528875366 0.12006079027355622 0.58054711246200619 1.0000000180025095e-35 0.82601973414421093 0.40729483282674767 0.16642885655164719 0.017447809688746905 0.70021736621856701 0.62835711240768444 0.034954407294832811 0.28115501519756841 0.65843093395233165 0.69849663972854625 0.034730579704046208 0.023359591141343106 0.11398176291793312 0.72975400090217601 0.016717325227963504 0.59878419452887555 1.0000000180025095e-35 0.55319148936170226 0.54255319148936187 0.49178516864776611 0.56972649693489086 0.55659079551696788
decision_type=2 2 2 2 2 2 2 2 2 2 2 2 2 2 2 2 2 2 2 2 2 2 2 2 2 2 2 2 2 2
left_child=1 2 16 4 22 7 13 -4 -2 10 -6 21 17 20 -13 19 -1 23 -16 -7 -5 -9 -3 -8 -22 26 -26 -28 29 -27
right_child=8 3 5 6 9 15 12 11 -10 -11 -12 14 -14 -15 18 -17 -18 -19 -20 -21 24 -23 -24 -25 25 28 27 -29 -30 -31
leaf_value=-0.047478126417368947 0.030681964533813267 0.063893276029836341 -0.057683629155516829 0.03493218237007565 -0.0083229609613581033 -0.037559444800816737 -0.030767030802525405 -0.022469738500895103 0.050898758264366128 -0.017864514297501414 0.0032342155983685833 0.0045755610796113034 0.035276874165632716 0.041560014640766529 -0.020266947365038382 -0.046277427497155549 -0.027464748406106444 -0.07388862432788823 -0.0057401918819977955 -0.020237174354100416 -0.063551544165205823 0.004108666856668261 0.012997542120040301 -0.0023759854329984263 0.011472344759070503 0.038156885692588717 -0.048219829283367363 0.036896274790593452 0.050294722146658401 -0.096706145136892699
leaf_weight=25.622799383047099 9.9449889118841366 0.50456076376213133 1.7528949993538834 2.7579872652349868 43.129674378250456 6.8643714409536214 1.7184419343539055 21.693905759795602 45.406731602619402 15.001078394470822 38.313329770458949 12.875808075168605 1.5671235626214173 2.9962362574296995 13.192440347685986 5.6108473093067905 5.3097173466148879 0.37031533569097597 19.340155744637741 21.101688079408632 0.21103591920109366 2.2644313815981141 18.726015795624335 13.887317372238611 55.483341535684303 0.15829942698473942 1.1882657629903395 0.53903371409978706 1.4802215992240233 0.12792463164078072
leaf_count=45405 4797 699 1130 4036 7510 2767 104 8962 15990 1981 5847 4948 261 1367 3729 2746 6445 14 5011 5260 29 157 6366 1243 8577 39 73 49 189 9
internal_value=9.19701e-11 -0.00783811 -0.0236351 0.002974 -0.00196594 -0.0176057 0.0099016 -0.012637 0.0472664 -0.00521587 -0.0028861 -0.0114987 -0.00330306 0.0134686 -0.00703554 -0.0281299 -0.0440427 -0.00708744 -0.011631 -0.024489 0.0121099 -0.0199577 0.0143329 -0.00550229 0.0110465 0.0113134 0.0104721 -0.0216579 0.0385613 -0.0221186
internal_weight=389.141 333.789 135.629 198.16 115.675 104.697 82.4855 71.1196 55.3517 96.4441 81.443 69.3667 17.5432 64.9423 45.4084 33.5769 30.9325 15.9761 32.5326 27.9661 61.9461 23.9583 19.2306 15.6058 59.1881 58.9771 57.2106 1.7273 1.76645 0.286224
internal_count=145740 124953 86560 38393 22403 34710 15990 23937 20787 15338 13357 22807 1622 14368 13688 10773 51850 1361 8740 8027 13001 9119 7065 1347 8965 8936 8699 122 237 48
is_linear=0
shrinkage=0.05


Tree=65
num_leaves=31
num_cat=0
split_feature=0 0 0 0 3 0 2 2 0 2 2 2 0 1 2 0 1 2 0 2 0 2 0 2 2 0 2 0 1 1
split_gain=54.6445 20.923 6.357 2.5107 2.46899 2.2015 2.51464 1.917 1.47829 1.24343 1.2299 1.07726 0.934729 0.905353 0.838199 0.730624 0.653839 0.605117 0.574955 0.516391 0.516124 0.494196 0.654234 1.07827 1.07921 0.661505 0.824963 0.751496 0.597871 0.901477
threshold=0.62835711240768444 0.076357886195182759 1.0000000180025095e-35 0.82601973414421093 1.0000000180025095e-35 0.29002925753593445 0.098784194528875366 0.12006079027355622 0.015794936567544902 0.010638297872340401 0.3860182370820669 0.29939209726443777 0.16642885655164719 0.73398017883300792 0.013677811550151952 0.019028537906706302 0.55754581093788158 0.28115501519756841 0.048641972243785851 0.019756838905775054 0.13349515944719312 0.84650455927051682 0.44924572110176092 0.40273556231003044 0.50911854103343479 0.43697042763233185 0.59878419452887555 0.38956686854362493 0.7260102927684785 0.65670791268348705
decision_type=2 2 2 2 2 2 2 2 2 2 2 2 2 2 2 2 2 2 2 2 2 2 2 2 2 2 2 2 2 2
left_child=1 2 -1 -2 -4 6 19 8 14 -10 13 12 -8 -7 -6 -9 -16 -17 -11 -3 -13 22 23 28 -25 27 -27 -26 29 -12
right_child=3 5 4 -5 7 10 11 15 9 18 21 20 -14 -15 16 17 -18 -19 -20 -21 -22 -23 -24 24 25 26 -28 -29 -30 -31
leaf_value=-0.047634162223446935 0.026725673139764025 0.055337806916577262 -0.057387182542018883 0.050754288934006513 -0.0078322534543663076 0.012740968013213262 -0.0065383646230257574 -0.042916668425646697 0.024807146354127587 -0.013031800357818223 -0.057748276512419885 -0.025205526785965007 0.0059394835345383378 0.039703448517438004 -0.045195011915775019 -0.020326596125276274 -0.022595712935407478 -0.041658447294497761 -0.00064698698861998221 0.013113708500612234 -0.0093429577473922824 -0.014498638146220016 0.012385146703823019 0.020631052268683558 -0.013001525623714677 -0.082650699208530062 0.014123551637866863 0.020287782175894505 -0.11430018650266638 0.015846797974191973
leaf_weight=22.328307501904646 14.508292626647743 0.75396318379717087 3.910189059948606 43.36515937934746 7.7617848936897671 38.593858710009954 34.977256785364261 5.9762975231342343 2.8673874934611367 30.138223718044173 1.0095092141418778 6.317696415444515 26.289827819626225 3.3866285352851255 4.030608307269179 22.126911605329955 15.540605194360976 3.9122695401460978 13.599969688755662 18.280840617499052 27.231219617278839 3.9553265552094663 13.642354779934974 5.140225103343254 5.8889376843580941 0.60529364831745702 0.34615918691270053 2.3807163824385498 0.22379080567043264 0.70786860608495761
leaf_count=47578 6396 871 2075 15990 3061 10432 6390 3230 1104 9466 85 1329 4567 504 2917 5569 5733 1944 3883 6194 3052 322 1540 570 519 38 43 250 15 73
internal_value=-8.85492e-11 -0.00804137 -0.0233125 0.0447306 -0.0183695 0.00259856 -0.00179845 -0.0169296 -0.012504 -0.00708977 0.00919581 -0.0051279 -0.0011841 0.0149161 -0.0217359 -0.0271502 -0.0272499 -0.0235316 -0.00918086 0.0147862 -0.0123301 0.00211208 0.00430614 -0.00245457 0.00227302 -0.0079605 -0.0474421 -0.003418 -0.0374307 -0.0274139
internal_weight=379.797 321.924 132.193 57.8735 109.864 189.731 113.851 105.954 73.9386 46.6056 75.8807 94.816 61.2671 41.9805 27.333 32.0155 19.5712 26.0392 43.7382 19.0348 33.5489 33.9002 29.9449 16.3025 14.3613 9.22111 0.951453 8.26965 1.94117 1.71738
internal_count=145740 123354 86560 22386 38982 36794 22403 36907 26164 14453 14391 15338 10957 10936 11711 10743 8650 7513 13349 7065 4381 3455 3133 1593 1420 850 81 769 173 158
is_linear=0
shrinkage=0.05


Tree=66
num_leaves=31
num_cat=0
split_feature=0 0 0 0 2 0 2 1 2 2 2 2 2 1 3 0 2 0 3 0 2 1 1 1 1 2 2 1 0 2
split_gain=51.6204 20.0919 6.1107 2.47616 2.09692 2.09557 2.50217 1.46355 1.31575 1.06139 0.92313 0.947685 1.0287 0.981227 0.903074 0.807986 0.972072 0.752998 0.743675 0.682929 0.593541 0.589498 0.689112 0.666596 0.623075 0.557933 0.539205 0.549121 0.492323 1.06165
threshold=0.62835711240768444 0.076357886195182759 0.0052666356787085507 0.82601973414421093 0.092705167173252265 0.27195551991462713 0.10790273556231002 0.59763583540916454 0.3860182370820669 0.53951367781155024 0.10486322188449847 0.077507598784194512 0.086626139817629164 0.61346107721328746 1.0000000180025095e-35 0.017447809688746905 0.010638297872340401 0.0057697277516126008 1.0000000180025095e-35 0.14647580683231354 0.037993920972644361 0.53806993365287792 0.53936439752578746 0.58718132972717296 0.59020313620567333 0.095744680851063815 0.21428571428571427 0.71691232919693004 0.44924572110176092 0.40273556231003044
decision_type=2 2 2 2 2 2 2 2 2 2 2 2 2 2 2 2 2 2 2 2 2 2 2 2 2 2 2 2 2 2
left_child=1 2 10 -2 14 6 20 -6 25 18 11 13 21 -1 -4 17 -17 -16 -8 26 -3 -13 -23 -24 -25 -7 -20 -28 29 -10
right_child=3 5 4 -5 7 8 9 -9 28 -11 -12 12 -14 -15 15 16 -18 -19 19 -21 -22 22 23 24 -26 -27 27 -29 -30 -31
leaf_value=-0.048686771501603415 0.026370458941146209 0.032279238914457241 -0.056044576668639906 0.050607970912964866 -0.03817019852995103 0.040334762594079282 -0.060329633370531738 -0.018349147703793627 -0.037996728608911699 -0.026832741580663445 -0.053600190996177938 -0.045966112703084677 -0.038984697781083905 -0.026110098678474532 0.018764556957319017 0.024512459488270265 -0.0070643743940789266 -0.020945093960614322 -0.0037420449371319514 6.6455075194962046e-05 0.0095975558046337284 0.10331303385155735 -0.056249198102669651 0.10163698890687978 0.0024099226104613127 0.013180752257683484 -0.013088610421533673 -0.043381287846976105 0.0081304964641547867 0.00017037168768166647
leaf_weight=11.995877008123903 14.133321843022712 3.424996683022985 1.0420838689424261 41.419624847563682 13.896329065311418 1.9778622210287711 0.58907944239035614 28.236990753372083 2.0321500004938597 5.6320583424385395 10.563940729030945 0.27403365146892555 1.4590203723000739 8.0372163612919376 1.2913226073433204 2.6351668757597499 32.451799154143373 15.812169438548151 18.443914757512175 44.980256251077662 18.270271112061891 0.28433423536262104 0.24569626367519959 0.25462833949859487 0.41777609118616965 43.428910336835543 12.780240365083953 1.6943373937974673 15.550428785732946 17.616000839911067
leaf_count=22478 6396 2156 881 15990 7120 3641 290 6219 188 864 16295 368 2470 11315 383 1021 10520 6430 3527 6656 5453 8 379 29 644 8158 2297 94 1735 1735
internal_value=1.21906e-10 -0.00782974 -0.0230082 0.0444417 -0.0165527 0.00266525 -0.00196156 -0.0248865 0.00873914 -0.00586626 -0.0413675 -0.0357413 -0.00920939 -0.0396291 -0.00995663 -0.00903639 -0.00469283 -0.017947 -0.00436177 -0.00393853 0.0131783 0.0202141 0.0352964 0.0142318 0.0399856 0.0143635 -0.009411 -0.0166346 0.00148355 -0.00377714
internal_weight=370.872 315.319 128.898 55.5529 95.3659 186.421 105.815 42.1333 80.6054 84.1199 33.5325 22.9686 2.93549 20.0331 53.2325 52.1905 35.087 17.1035 78.4878 77.8987 21.6953 1.47647 1.20243 0.918101 0.672404 45.4068 32.9185 14.4746 35.1986 19.6482
internal_count=145740 123354 86560 22386 32574 36794 21337 13339 15457 13728 53986 37691 3898 33793 19235 18354 11541 6813 12864 12574 7609 1428 1060 1052 673 11799 5918 2391 3658 1923
is_linear=0
shrinkage=0.05


Tree=67
num_leaves=31
num_cat=0
split_feature=0 0 0 0 2 3 2 2 0 2 0 2 0 0 1 2 0 0 2 2 2 2 0 2 1 1 1 0 2 2
split_gain=48.7388 20.1038 5.96415 2.52851 2.69013 2.20298 1.80277 1.41067 1.29959 1.29542 1.19908 1.23748 0.913754 0.896614 0.832246 0.747009 0.739852 0.673365 0.656528 0.504735 0.498186 0.49525 0.677572 0.488497 1.28462 2.0882 0.48785 0.48575 0.946745 1.15374
threshold=0.67874166369438182 0.069346737116575172 1.0000000180025095e-35 0.29002925753593445 0.23860182370820668 1.0000000180025095e-35 0.11398176291793312 0.58054711246200619 0.82601973414421093 0.037993920972644361 0.015794936567544902 0.010638297872340401 0.16642885655164719 0.62835711240768444 0.70021736621856701 0.0075987841945288513 0.19076523184776303 0.023359591141343106 0.11398176291793312 0.15957446808510636 0.28115501519756841 0.94832826747720389 0.49178516864776611 0.94832826747720389 0.62778952717781078 0.62705990672111522 0.67839944362640392 0.80964821577072155 0.29331306990881462 0.28419452887537999
decision_type=2 2 2 2 2 2 2 2 2 2 2 2 2 2 2 2 2 2 2 2 2 2 2 2 2 2 2 2 2 2
left_child=1 2 26 4 9 -4 10 13 27 -3 15 -12 19 18 -9 -7 -6 -8 -5 -11 -19 -16 -23 -10 25 -25 -1 -2 29 -29
right_child=8 3 5 7 16 6 17 14 23 12 11 -13 -14 -15 21 -17 -18 20 -20 -21 -22 22 -24 24 -26 -27 -28 28 -30 -31
leaf_value=-0.050561908645799881 0.033495587677447369 0.032508650243564002 -0.057001637216397699 0.035716708746101854 -0.016902837636142233 -0.0017305709260231157 -0.039080561503504696 -0.0069253862289780912 0.051201609330211263 0.0023539247762497753 0.024845260707718756 -0.0094145074401155507 0.011061654844494825 0.040888480923075649 0.05407520262451998 -0.024644429341844534 -0.0044342389115776416 -0.019348968438214986 0.010647914929644432 -0.009133826718701412 -0.041640876768424345 -0.062819265158038443 0.055032091995740752 0.053091632696026951 0.052405738205092305 -0.26367427999939108 -0.020210179498049312 0.053487789111469834 0.022368733493681587 -0.18735423162559661
leaf_weight=18.455904165249652 8.2204750087694229 3.8648970832855403 3.561222136788273 2.7392279306950504 25.460566486282914 4.2665693259878053 8.5113875271727029 14.866668020767976 38.838902519579278 28.178908206304186 2.8334258864997528 37.784709067766016 21.684695530890167 2.7769759353250256 0.94576555053936207 21.383586230731453 22.333346290322879 18.192119436596844 56.107195177450194 14.472440006553368 2.9067899422971086 0.26151355996262282 0.22855321259703487 0.11145194945856829 0.50977143255295232 0.097580146044492722 1.4262205377681301 0.079447647091002049 0.747963713016361 0.13291923701763153
leaf_count=44379 4264 2499 2037 4036 4066 1625 4194 1361 15746 7281 1058 12105 5123 1367 203 9888 2572 4881 8965 2464 1592 11 47 40 202 2 3199 329 195 9
internal_value=2.77689e-11 -0.00723702 -0.0233851 0.00269908 -0.00198055 -0.0183866 -0.0169523 0.00966485 0.0465124 0.00439369 -0.0123694 -0.00702463 0.00270472 0.013125 -0.00341452 -0.020833 -0.0110765 -0.0272091 0.0118148 -0.00154409 -0.0224201 0.0329371 -0.00785674 0.0504457 0.0096031 -0.0947807 -0.0483847 0.0295646 -0.00408453 -0.0972539
internal_weight=361.981 313.243 119.322 193.921 115.995 99.4398 95.8786 77.9259 48.7385 68.2009 66.2683 40.6181 64.336 61.6234 16.3025 25.6502 47.7939 29.6103 58.8464 42.6513 21.0989 1.43583 0.490067 39.5577 0.718804 0.209032 19.8821 9.18081 0.960331 0.212367
internal_count=145740 124953 84958 39995 24005 37380 35343 15990 20787 17367 24676 13163 14868 14368 1622 11513 6638 10667 13001 9745 6473 261 58 15990 244 42 47578 4797 533 338
is_linear=0
shrinkage=0.05


Tree=68
num_leaves=31
num_cat=0
split_feature=0 0 0 0 2 2 2 0 1 0 2 2 1 0 0 2 2 0 1 1 2 1 1 0 3 1 1 0 2 0
split_gain=45.9934 19.269 5.71327 2.40038 2.61316 2.02295 1.34403 1.22955 1.22882 1.16283 0.998742 0.984264 0.856485 0.850776 0.841924 0.749527 0.69631 0.606434 0.703581 0.58894 0.556988 1.38529 2.06968 0.478641 0.469178 0.446857 0.560123 0.427547 0.413956 0.583838
threshold=0.67874166369438182 0.069346737116575172 0.0024039756972342005 0.29002925753593445 0.11702127659574467 0.092705167173252265 0.58054711246200619 0.82601973414421093 0.59477972984313976 0.017447809688746905 0.010638297872340401 0.26595744680851069 0.70021736621856701 0.14232955873012543 0.62835711240768444 0.037993920972644361 0.11398176291793312 0.13349515944719312 0.65250903367996227 0.6405109465122224 0.94832826747720389 0.62778952717781078 0.62705990672111522 0.18435971438884732 1.0000000180025095e-35 0.69694155454635631 0.68819844722747814 0.027232017368078152 0.94832826747720389 0.49178516864776611
decision_type=2 2 2 2 2 2 2 2 2 2 2 2 2 2 2 2 2 2 2 2 2 2 2 2 2 2 2 2 2 2
left_child=1 2 19 4 15 9 14 -2 27 24 -11 13 25 -6 16 -3 -5 18 -13 -1 -9 22 -22 -17 -4 26 -8 -7 -14 -30
right_child=7 3 5 6 11 8 12 20 -10 10 -12 17 28 -15 -16 23 -18 -19 -20 -21 21 -23 -24 -25 -26 -27 -28 -29 29 -31
leaf_value=-0.048977553120292908 0.029520476735234003 0.032375168848811024 -0.056346729771962284 0.036067727409924435 -0.0079655128985035833 -0.050172485772081936 -0.0070360162730949919 0.051043523494599466 -0.020075419603640454 0.024235038283542853 -0.0078779717343950371 -0.035433634013270328 0.053983066884941255 0.0053939934807596688 0.040349256958193067 0.0050356980697009749 0.010506739430981954 -0.0084504398688797222 -0.006956141806808664 -0.030019790091286847 0.052911205092529869 0.052288446781931022 -0.26292348309687669 0.023899902315967805 -0.018637820725040565 -0.056942545195231453 0.052005263001746183 -0.031278741084836609 -0.059575918626369608 0.054744035514489267
leaf_weight=18.680764850675136 8.8613092610612494 3.8615015777522812 0.85773962250641744 2.7996242600493124 23.168795927328574 5.2399515181559746 13.742220470929164 37.061741976300254 25.33557484487028 2.6337158468013504 30.006470457137766 5.0733990202934347 0.91197949580964521 24.539389550322085 2.6914353705651584 18.213337322122246 55.130891987922951 31.441046523894329 3.7886652604793198 5.2475105542434894 0.10554444463923474 0.48009983164956793 0.10199932800605893 4.123949929366062 21.530218541117392 0.43183150375261981 0.41380589915206734 6.9865564439537593 0.2328023340087384 0.21466600289568305
leaf_count=40877 4797 2499 631 4036 4375 3290 1275 15746 6273 1007 10295 1532 203 4611 1367 5300 8965 3718 385 9905 40 202 2 1585 9079 24 62 3601 11 47
internal_value=-1.80427e-10 -0.00701997 -0.0230409 0.00276481 -0.00182737 -0.0174125 0.00961447 0.0462817 -0.0263578 -0.0113064 -0.00528679 -0.00595378 -0.00330126 -0.00109386 0.0130121 0.0120347 0.011742 -0.0117066 -0.0232591 -0.0448201 0.0502162 0.00562812 -0.102309 0.00851844 -0.0200825 -0.00683856 -0.00531013 -0.0393761 0.0346565 -0.00473269
internal_weight=353.909 307.298 116.519 190.779 114.21 92.5902 76.5693 46.6107 37.5621 55.0281 32.6402 88.0113 15.9473 47.7082 60.622 26.1988 57.9305 40.3031 8.86206 23.9283 37.7494 0.687644 0.207544 22.3373 22.388 14.5879 14.156 12.2265 1.35945 0.447468
internal_count=145740 124953 84958 39995 24005 34176 15990 20787 13164 21012 11302 14621 1622 8986 14368 9384 13001 5635 1917 50782 15990 244 42 6885 9710 1361 1337 6891 261 58
is_linear=0
shrinkage=0.05


Tree=69
num_leaves=31
num_cat=0
split_feature=0 0 0 0 2 2 2 0 2 2 1 0 0 0 0 1 0 2 0 2 0 2 0 1 1 2 1 1 1 1
split_gain=43.5165 18.2913 5.39083 2.2735 2.74013 1.9813 1.24491 1.23835 1.12148 1.09433 0.981554 0.948445 0.943659 0.825829 0.804978 0.778903 0.778678 0.73197 0.654673 0.604062 0.628785 0.563024 1.07967 0.633601 0.521523 0.465675 1.14125 1.65427 0.45307 0.439307
threshold=0.67874166369438182 0.069346737116575172 0.0052666356787085507 0.29002925753593445 0.098784194528875366 0.041033434650455912 0.58054711246200619 0.82601973414421093 0.25683890577507601 0.28115501519756841 0.63903754949569713 0.034730579704046208 0.020618690177798254 0.097763065248727757 0.62835711240768444 0.70021736621856701 0.13349515944719312 0.11398176291793312 0.0057697277516126008 0.016717325227963504 0.18435971438884732 0.013677811550151952 0.012967582792043651 0.71982061862945568 0.49343995749950414 0.94832826747720389 0.62778952717781078 0.62705990672111522 0.65250903367996227 0.65760675072669994
decision_type=2 2 2 2 2 2 2 2 2 2 2 2 2 2 2 2 2 2 2 2 2 2 2 2 2 2 2 2 2 2
left_child=1 2 10 4 19 12 14 -2 13 11 -1 24 18 -6 17 -8 28 -5 -4 -3 -21 22 -20 -23 -7 29 27 -27 -10 -9
right_child=7 3 5 6 8 9 15 25 16 -11 -12 -13 -14 -15 -16 -17 -18 -19 21 20 -22 23 -24 -25 -26 26 -28 -29 -30 -31
leaf_value=-0.046485927114353585 0.029030514355828992 0.060243981912425526 0.023601175723456519 0.036165870852161233 -0.011891542645705199 -0.051318484496997857 -0.0064632533096084703 0.052868015748476826 -0.033865173448196534 -0.045995338282693796 -0.025685350213331598 -0.012573126337242876 0.0065063599160343835 0.0031640324907283288 0.039904104092855927 0.034154789567678694 -0.0077559211242378264 0.010232991908481167 -0.024984048588761496 0.0094408415694066453 0.034009457734056413 -0.031600582263968217 0.023056291633739553 0.0096575139304173017 -0.023829335351132394 0.052867074796265678 0.052219314552847146 -0.23439131078036574 -0.011673555597758111 0.035089711783145468
leaf_weight=21.759952061743665 8.6132527719892078 0.71468176486087287 1.1026154420578702 2.8648362394305869 11.892243965186934 1.8437249415310386 14.269150183332384 31.484596084512305 5.2476482570746139 4.1066818059516654 7.6709532347610994 27.254941860130202 11.186468558440536 38.907496161105882 2.6150819275062522 1.286712717526824 32.432033524059079 54.203927033624495 2.5803327024223091 16.052451546804154 3.1085463457347933 6.1773968216293724 2.1391185429893085 1.0955793723696841 26.886312405487843 0.10005948529578645 0.45394950045738369 0.10041643679141998 4.0946393657141016 3.9058503781852769
leaf_count=43100 4797 792 289 4036 2412 1167 1361 10916 1618 2448 10886 7434 4930 7860 1367 261 3920 8965 1150 5428 1562 3280 668 100 9506 40 202 2 413 4830
internal_value=1.27062e-10 -0.00682299 -0.0226389 0.00276687 -0.00173447 -0.0162118 0.00949435 0.046063 -0.00535101 -0.0210823 -0.0410644 -0.0192548 -0.00415829 -0.000360485 0.0127778 -0.00310351 -0.0114197 0.0115348 -0.0132686 0.0151101 0.0134267 -0.0166585 -0.00320949 -0.0253856 -0.0255934 0.0501331 0.00834021 -0.0910179 -0.0241388 0.0509059
internal_weight=346.152 301.494 113.804 187.689 112.45 84.3732 75.2397 44.6581 92.5741 60.0917 29.4309 55.985 24.2815 50.7997 59.6838 15.5559 41.7743 57.0688 13.095 19.8757 19.161 11.9924 4.71945 7.27298 28.73 36.0449 0.654425 0.200476 9.34229 35.3904
internal_count=145740 124953 84958 39995 24005 30972 15990 20787 16223 20555 53986 18107 10417 10272 14368 1622 5951 13001 5487 7782 6990 5198 1818 3380 10673 15990 244 42 2031 15746
is_linear=0
shrinkage=0.05


Tree=70
num_leaves=31
num_cat=0
split_feature=0 0 0 0 2 2 2 0 2 1 0 2 0 2 2 0 2 2 1 2 2 0 0 1 2 1 2 1 0 0
split_gain=41.2169 17.3764 5.18142 2.34541 2.6808 1.94297 1.51183 1.26175 1.14028 1.13067 1.06842 0.990943 0.877966 0.862069 0.841437 0.797675 1.12297 0.76574 0.711419 0.684247 0.573231 0.559717 0.521263 0.894789 0.515591 0.502201 0.434223 0.423482 0.505392 0.423038
threshold=0.67874166369438182 0.069346737116575172 0.0033585673663764502 0.27195551991462713 0.13221884498480244 0.092705167173252265 0.28115501519756841 0.82601973414421093 0.28419452887537999 0.59477972984313976 0.017447809688746905 0.010638297872340401 0.53543385863304149 0.53951367781155024 0.42705167173252284 0.16642885655164719 0.13525835866261396 0.037993920972644361 0.65843093395233165 0.24164133738601823 0.43009118541033436 0.094962753355503013 0.26330153644084936 0.73398017883300792 0.84650455927051682 0.6795758605003358 0.092705167173252265 0.63903754949569713 0.20313480496406552 0.46230357885360723
decision_type=2 2 2 2 2 2 2 2 2 2 2 2 2 2 2 2 2 2 2 2 2 2 2 2 2 2 2 2 2 2
left_child=1 2 18 4 17 10 26 -2 -8 -7 -4 -12 24 15 -14 -6 -17 -3 -1 22 -16 -19 25 -24 -10 27 -5 -18 -29 -28
right_child=7 3 5 6 13 9 8 -9 12 -11 11 -13 14 -15 20 16 19 21 -20 -21 -22 -23 23 -25 -26 -27 29 28 -30 -31
leaf_value=-0.047060372089436725 0.028480254958227282 0.031109048934704949 -0.019481098595801365 0.041762945874940095 -0.010881288573944731 -0.03849853595806825 -0.053440733686494324 0.050105828973346506 0.0030680772479474688 -0.019449257687811458 0.024706968133820749 -0.007329789828258439 0.035803224002795897 -0.026716681681505539 -0.049288583404863105 -0.066387878013984367 0.015642173513446659 -0.0042025024733820656 -0.025122500579190118 -0.0044092633436989609 0.010882580257692225 0.01164246506194129 0.0078541360118418689 -0.10469258154965988 -0.020336883727884336 0.027090390872240536 0.013248044130982812 0.018712338004428408 -0.02743288998536535 0.028094123293134949
leaf_weight=19.367520221735052 8.3898891262651869 3.8046097994883921 19.765331518192397 1.9237974282441452 36.645856034385361 11.457864190183953 0.84099259373033319 34.402154824638274 37.073728503310122 24.331813346401759 2.6338350776532051 28.885534925291722 3.963789418747182 5.3446817911899407 0.41570589039474626 0.62503808162000751 3.7725791459852189 7.7595402111983303 4.5669514847133987 19.443343842664035 8.2726498718548083 19.783255742178881 0.56366175487346559 0.25717885536141694 2.5125086274056221 4.319394719452248 18.450322260992838 0.93136533223878393 1.6349570194433907 6.4849437634111373
leaf_count=45405 4797 2420 8861 3894 6729 6763 76 15990 4311 6182 1007 10295 795 891 29 80 1119 2240 6445 2360 1117 6032 138 10 209 481 3868 181 258 2757
internal_value=-1.74639e-10 -0.00663447 -0.0222705 0.00275684 -0.00216039 -0.016607 0.00920862 0.0458659 0.00431731 -0.0255478 -0.0103676 -0.00465272 0.00524716 -0.00737942 0.0167129 -0.00586385 -3.55515e-05 0.0100829 -0.0428744 0.00130563 0.00800361 0.00717852 0.0109855 -0.0274081 0.00158258 0.0139424 0.0188749 0.00498316 -0.0106859 0.0171091
internal_weight=338.625 295.833 111.009 184.824 104.885 87.0744 79.9384 42.792 53.0794 35.7897 51.2847 31.5194 52.2384 73.5381 12.6521 68.1934 31.5475 31.3474 23.9345 30.9225 8.68836 27.5428 11.4791 0.820841 39.5862 10.6583 26.8591 6.3389 2.56632 24.9353
internal_count=145740 124953 84958 39995 22939 33108 17056 20787 6537 12945 20163 11302 6461 12247 1941 11356 4627 10692 51850 4547 1146 8272 2187 148 4520 2039 10519 1558 439 6625
is_linear=0
shrinkage=0.05


Tree=71
num_leaves=31
num_cat=0
split_feature=0 0 0 0 2 2 2 2 0 1 2 2 0 2 2 1 0 0 3 0 0 1 2 2 0 0 1 2 2 2
split_gain=38.9258 16.9851 4.10706 3.22775 2.68187 2.02718 1.86591 1.25314 1.25093 1.05936 1.0431 1.00623 0.975167 0.891609 1.09799 1.02576 0.855027 0.850751 0.786162 0.734758 0.727585 0.608957 0.601918 0.598055 0.571224 0.566375 0.553236 0.51458 0.712755 0.901876
threshold=0.67874166369438182 0.047105498611927005 1.0000000180025095e-35 0.19076523184776303 0.13221884498480244 0.3860182370820669 0.025835866261398156 0.20820668693009117 0.82601973414421093 0.50910788774490368 0.095744680851063815 0.037993920972644361 0.44924572110176092 0.40273556231003044 0.50911854103343479 0.73843848705291759 0.012967582792043651 0.094962753355503013 1.0000000180025095e-35 0.017447809688746905 0.43697042763233185 0.65670791268348705 0.26595744680851069 0.010638297872340401 0.10103285685181611 0.34957543015480042 0.67839944362640392 0.58054711246200619 0.48632218844984804 0.42097264437689969
decision_type=2 2 2 2 2 2 2 2 2 2 2 2 2 2 2 2 2 2 2 2 2 2 2 2 2 2 2 2 2 2
left_child=1 2 26 4 11 10 16 9 -2 -8 -5 -3 13 15 25 21 -4 -13 -6 -11 -12 -7 24 -18 -20 -15 -1 28 29 -14
right_child=8 3 6 5 18 12 7 -9 -10 19 20 17 27 14 -16 -17 23 -19 22 -21 -22 -23 -24 -25 -26 -27 -28 -29 -30 -31
leaf_value=-0.049783672731146381 0.028048600690356047 0.023622747036403213 -0.015964872292029753 0.036504944643823936 -0.059544002980942673 -0.040588994281534632 -0.046862151684761592 -0.048731693998899074 0.049895886553988522 -0.028238265893855471 0.0080352814725387113 -0.0060863199304936541 0.030815402247345386 0.0014573994369413406 -0.011955418499915979 -0.12277237378564408 0.022144112251307309 0.010138022218312042 -0.014318311995628309 -0.014733990160393213 0.020528729347510485 0.0066454176106604942 -0.018189775030195404 -0.0048142120209766701 -0.0011409571863387226 0.029247624900307252 -0.015991402166248163 -0.00047475174914059166 0.033560598926055389 -0.013527777187518145
leaf_weight=15.38437008094934 8.1804132924589776 6.0060384617736409 10.393041418792565 4.3508173156587864 0.86945917318735055 1.8421776764007551 3.9286464039137163 4.8360092400198473 32.915707766878768 16.01074586490904 46.338016753208649 17.631655011216935 1.9130409686476939 5.3533005785866425 14.550149809128923 0.28305980539880682 3.2750373361159273 14.914891975753561 15.650040012459611 27.158344892695823 15.569039212059577 1.0838010989828033 21.214122085792951 5.532927554249909 17.332307454469628 2.7883833635860356 1.3147040689746052 8.4897832373098918 3.6607682013418525 2.8622696216334589
leaf_count=44379 4797 3161 5314 5383 419 177 2878 3318 15990 7585 8324 5022 310 628 1479 12 1128 4389 3208 8287 4254 113 4063 2462 3222 346 3199 1014 514 365
internal_value=-3.8455e-12 -0.00644258 -0.0248081 0.00151543 -0.00529526 0.00736049 -0.0195696 -0.0244935 0.0455471 -0.0220047 0.0128404 0.00481874 -0.00111756 -0.00721672 -0.00372811 -0.0318855 -0.00625162 0.0013487 -0.0123762 -0.0197425 0.0111773 -0.0230931 -0.0116195 0.00520962 -0.00739358 0.0109751 -0.0471232 0.00821571 0.0169615 0.00423658
internal_weight=331.633 290.537 87.8338 202.703 93.6185 109.085 71.1348 51.9337 41.0961 47.0977 66.2579 38.5526 42.8267 25.9009 22.6918 3.20904 19.201 32.5465 55.0659 43.1691 61.9071 2.92598 54.1965 8.80796 32.9823 8.14168 16.6991 16.9259 8.43608 4.77531
internal_count=145740 124953 78550 46403 23484 22919 30972 22068 20787 18750 17961 12572 4958 2755 2453 302 8904 9411 10912 15872 12578 290 10493 3590 6430 974 47578 2203 1189 675
is_linear=0
shrinkage=0.05


Tree=72
num_leaves=31
num_cat=0
split_feature=0 0 0 0 2 2 2 3 2 0 2 2 0 0 0 0 1 2 0 1 1 2 1 1 1 2 2 0 1 1
split_gain=36.9135 16.3693 4.19978 2.9159 2.61674 1.92471 1.73534 1.33334 1.30719 1.2096 1.1152 1.0522 0.982213 0.957455 0.923482 0.874219 0.757856 0.699718 0.671919 0.540978 0.506627 0.483192 1.08849 0.475083 1.16972 0.891693 0.774004 0.463032 0.450662 0.529698
threshold=0.67874166369438182 0.051947942003607701 1.0000000180025095e-35 0.19076523184776303 0.19908814589665655 0.3860182370820669 0.010638297872340401 1.0000000180025095e-35 0.037993920972644361 0.82601973414421093 0.095744680851063815 0.25987841945288753 0.020618690177798254 0.33925685286521917 0.086707472801208454 0.012967582792043651 0.55563190579414379 0.041033434650455912 0.43697042763233185 0.62995839118957531 0.67839944362640392 0.94832826747720389 0.62778952717781078 0.65760675072669994 0.65843093395233165 0.25075987841945291 0.24468085106382978 0.097763065248727757 0.71982061862945568 0.71691232919693004
decision_type=2 2 2 2 2 2 2 2 2 2 2 2 2 2 2 2 2 2 2 2 2 2 2 2 2 2 2 2 2 2
left_child=1 2 20 4 8 10 15 -8 -3 -2 -5 12 19 -7 -10 -4 -6 -14 -12 -9 -1 23 -23 -11 -25 26 -26 -18 29 -20
right_child=9 3 6 5 16 13 7 11 14 21 18 -13 17 -15 -16 -17 27 -19 28 -21 -22 22 -24 24 25 -27 -28 -29 -30 -31
leaf_value=-0.049734967555649212 0.027931362272734586 0.025180539221155498 -0.01097288723489182 0.037027853145775246 -0.039007663286901112 -0.011429335453693477 -0.0568992761605768 -0.032733479507016029 -0.0091481597784300664 0.052784124187417153 0.007963342244906654 -0.049807183482103654 0.0014301474371786942 0.0044817312772788614 0.0048086627439263277 0.022084815857050237 -0.023844973471401708 -0.016608197525399569 0.01852751308254957 -0.018805347945248893 -0.016924822603587367 -0.093216882431844186 0.052097107706353098 -0.067613278624477788 0.052839869346250561 0.052509161822766708 -0.075775927051029854 -0.0097409470407297302 0.044971540538487655 -0.051147084629730472
leaf_weight=14.725387331500544 7.9846253008581689 5.3812040271968717 4.810411747565011 4.4142215548199593 3.2507815291073703 14.359435787715482 2.567275572268044 13.680471257694991 19.745074250116886 27.419847821583978 45.673604059153149 2.8549020317459499 6.7858866678798213 27.682421366829658 29.64919481425386 3.4230757486075163 7.9859683033901119 25.878147398743749 13.420105389435772 14.216322857624617 1.2787237408947465 0.19110471324529399 0.39571417211845983 0.26584578293841277 0.20263365353457663 2.7418178950611036 0.27671744953840971 21.447920030921523 1.6235418112482864 0.27844398922752667
leaf_count=44379 4797 2821 2333 5383 1372 1563 1639 10084 5218 10916 8324 2360 3126 3395 7670 1184 1783 8052 3892 3796 3199 42 202 77 3052 1676 25 3018 321 41
internal_value=1.43792e-10 -0.00627389 -0.0238826 0.00187681 -0.00490178 0.00739423 -0.0188731 -0.0215739 0.00177896 0.0453132 0.0127592 -0.0201438 -0.0187454 -0.000952709 -0.000770497 0.00277087 -0.0160979 -0.0128608 0.0110029 -0.0256356 -0.0471134 0.0497201 0.00477384 0.0505735 0.0331901 0.0415095 -0.0214068 -0.0135676 0.0200634 0.0171113
internal_weight=324.611 285.133 90.2206 194.912 87.4601 107.452 74.2165 65.983 54.7755 39.4783 65.4099 63.4157 60.5608 42.0419 49.3943 8.23349 32.6847 32.664 60.9957 27.8968 16.0041 31.4937 0.586819 30.9069 3.48701 3.22117 0.479351 29.4339 15.3221 13.6985
internal_count=145740 124953 80152 44801 21882 22919 32574 29057 15709 20787 17961 27418 25058 4958 12888 3517 6173 11178 12578 13880 47578 15990 244 15746 4830 4753 3077 4801 4254 3933
is_linear=0
shrinkage=0.05


Tree=73
num_leaves=31
num_cat=0
split_feature=0 0 0 0 2 2 3 2 0 2 2 2 0 0 0 2 2 1 3 0 0 2 2 1 1 0 1 2 2 2
split_gain=35.1286 15.6113 4.07097 2.79867 2.62675 2.02998 1.61089 1.54994 1.27362 1.0598 1.03022 0.959596 0.851857 0.837565 0.822324 0.807815 1.16801 0.865989 0.708052 0.697166 0.661037 0.605741 0.602451 0.589551 0.564137 0.556985 0.538639 0.523103 0.54456 0.515213
threshold=0.67874166369438182 0.051947942003607701 1.0000000180025095e-35 0.19076523184776303 0.13221884498480244 0.3860182370820669 1.0000000180025095e-35 0.010638297872340401 0.82601973414421093 0.11398176291793312 0.19300911854103345 0.037993920972644361 0.44924572110176092 0.020618690177798254 0.012967582792043651 0.40273556231003044 0.50911854103343479 0.73843848705291759 1.0000000180025095e-35 0.086707472801208454 0.30849862098693853 0.25683890577507601 0.041033434650455912 0.73398017883300792 0.65670791268348705 0.34957543015480042 0.73843848705291759 0.55319148936170226 0.58054711246200619 0.58054711246200619
decision_type=2 2 2 2 2 2 2 2 2 2 2 2 2 2 2 2 2 2 2 2 2 2 2 2 2 2 2 2 2 2
left_child=1 2 -1 4 11 9 -4 14 -2 -5 13 -3 15 26 -8 17 25 24 -6 -13 -11 -20 -15 -22 -7 -17 -9 -18 -29 -14
right_child=8 3 6 5 18 12 7 10 -10 20 -12 19 29 22 -16 16 27 -19 21 -21 23 -23 -24 -25 -26 -27 -28 28 -30 -31
leaf_value=-0.04702033622846212 0.027317190203901432 0.02531346133930569 -0.056853229628130941 0.031665137411176811 -0.059799606306392541 -0.04037799645938752 -0.010204137487016504 -0.026306647961714509 0.050027968171861809 0.0046675732679281627 -0.040741494781013909 -0.0066367308730134441 0.016467367116400896 0.0011078822220872548 0.022327318178969366 0.0019252544343808843 -0.02798401685716816 -0.11365473918894067 -0.006512210448553918 0.0089802726922185144 0.01350304689480291 -0.017562880703055575 -0.015912456920079018 0.039049331132048573 0.0063739183883814348 0.0297418126500857 0.0012741422871473946 0.024311589780768715 -0.010791511419257676 -0.0012605719812097953
leaf_weight=15.263117123254231 7.7808130276389411 5.350444973088087 2.6538274213235118 6.7195487920071164 0.76281159205245685 1.699666382854051 4.571073680475819 24.627325282570386 29.880067643563962 25.505830368238094 5.3787224083935135 12.518341310078542 8.1559238803456555 6.6768600865725629 3.3782003333471948 5.1992095353271024 3.9005112237027779 0.28884069365449239 28.827754473089954 16.652795381174656 29.912398802582175 21.762243376811966 23.490098698173824 2.4428668095788444 1.0401010814821345 2.7522379760193871 1.9073067240824446 1.2604197280670622 8.9500620136914204 8.2379195301909913
leaf_count=47578 4797 2821 1864 6436 392 177 2163 13099 15990 4494 3834 3683 1189 3126 1129 628 381 12 5818 5042 6656 4126 7210 375 113 346 149 196 902 1014
internal_value=-7.24741e-11 -0.00610029 -0.0235453 0.001893 -0.00481694 0.0073256 -0.0186157 -0.0171667 0.0453359 0.0128696 -0.0198285 0.00584863 -0.00130489 -0.0178447 0.00362074 -0.00709636 -0.00377236 -0.0313107 -0.0119868 0.00227848 0.0106868 -0.0112659 -0.0121453 0.0154318 -0.0226295 0.0115534 -0.0243241 -0.0124083 -0.00645825 0.00755906
internal_weight=317.547 279.886 87.9465 191.94 85.8744 106.066 72.6834 70.0296 37.6609 64.5806 62.0803 34.5216 41.4849 56.7016 7.94927 25.091 22.0624 3.02861 51.3528 29.1711 57.8611 50.59 30.167 32.3553 2.73977 7.95145 26.5346 14.111 10.2105 16.3938
internal_count=145740 124953 80152 44801 21882 22919 32574 30710 20787 17961 27418 11546 4958 23584 3292 2755 2453 302 10336 8725 11525 9944 10336 7031 290 974 13248 1479 1098 2203
is_linear=0
shrinkage=0.05


Tree=74
num_leaves=31
num_cat=0
split_feature=0 0 0 3 2 0 2 0 2 0 2 2 0 0 0 0 2 1 1 2 1 1 1 0 2 2 0 1 2 0
split_gain=33.3349 15.0907 5.05372 2.19954 2.09798 2.10508 1.79289 1.54919 1.49104 1.24508 1.20694 1.12333 0.728841 0.707482 0.645828 0.588885 0.577046 0.596834 0.560143 0.521618 0.520777 0.489973 0.458472 0.771026 0.569125 1.58079 0.452233 0.414485 0.399702 0.523199
threshold=0.67874166369438182 0.097763065248727757 1.0000000180025095e-35 1.0000000180025095e-35 0.11398176291793312 0.33925685286521917 0.14741641337386016 0.017447809688746905 0.40729483282674767 0.82601973414421093 0.022796352583586605 0.58054711246200619 0.16642885655164719 0.034730579704046208 0.62835711240768444 0.18435971438884732 0.025835866261398156 0.55754581093788158 0.61133897304534923 0.016717325227963504 0.70021736621856701 0.67839944362640392 0.76125675439834606 0.71332663297653209 0.57294832826747732 0.56686930091185428 0.047105498611927005 0.76125675439834606 0.94832826747720389 0.49178516864776611
decision_type=2 2 2 2 2 2 2 2 2 2 2 2 2 2 2 2 2 2 2 2 2 2 2 2 2 2 2 2 2 2
left_child=1 2 21 -4 15 8 7 16 12 22 -9 14 -6 -12 -7 19 -5 -18 26 -3 -13 -1 24 -24 25 -2 -8 -20 -22 -30
right_child=9 4 3 6 5 11 18 10 -10 -11 13 20 -14 -15 -16 -17 17 -19 27 -21 28 -23 23 -25 -26 -27 -28 -29 29 -31
leaf_value=-0.049353333523941875 0.027199557410563083 0.068952715866287345 -0.057204163185526305 -0.012151054940443893 -0.0062045272716189336 0.012529898452115364 -0.04832506540065945 0.013474887077351966 -0.016217407869887322 0.049881477366259426 -0.017229501761035094 -0.0059845123748450864 0.0048173356628404829 -0.0042485858226095135 0.039547520469121467 0.031843837382313951 -0.047067749411493387 -0.021974603497052981 -0.021440198616517414 0.011306867626294209 0.053550150113468843 -0.016049375406521783 -0.11851680370504823 0.05420387114815383 0.049688618657218075 -0.088246440371462356 -0.025873153588230564 0.028867146643486188 -0.065313320140480774 0.054342913151901734
leaf_weight=13.398939102549432 4.6859023948782115 0.40709800221884762 3.0386525099511337 11.420387457748804 23.908050505648134 38.731681261313497 3.9867224105632904 7.1594252413233326 16.317331125936107 28.592858210831764 15.700785764300234 11.643998170082339 40.251018992832542 31.666944769513066 2.3458516745886291 6.9972839428737634 2.9949925027813142 11.349028944283416 15.082592933837073 10.887622866721356 0.67959147397777886 1.2035880602115856 0.13887170748785127 0.12083352156332694 2.3584429619950242 0.31655251904157911 5.1273277033662907 0.42086109434603791 0.20166639785747975 0.16701416243449785
leaf_count=44379 4009 316 2193 5725 4701 7170 3499 3232 2193 15990 5436 1206 6925 9644 923 6587 2601 4990 3567 3852 191 3199 14 42 690 42 2332 35 10 47
internal_value=-1.33212e-10 -0.00593646 -0.0190018 -0.0152674 0.00456033 0.00239582 -0.0140527 -0.0104334 -0.00272204 0.0450952 -0.00565927 0.0100556 0.00071018 -0.00855132 0.0140728 0.0204459 -0.0205372 -0.027214 -0.0258574 0.0133846 -0.00294564 -0.0466083 0.0271368 -0.0381547 0.0294404 0.0198942 -0.0356942 -0.0200745 0.0308095 -0.0111084
internal_weight=311.302 275.088 122.55 107.948 152.538 134.246 104.909 80.2916 80.4764 36.2135 54.5272 53.7698 64.1591 47.3677 41.0775 18.292 25.7644 14.344 24.6175 11.2947 12.6923 14.6025 7.6206 0.259705 7.3609 5.00245 9.11405 15.5035 1.04827 0.368681
internal_count=145740 124953 90832 43254 34121 23366 41061 31628 13819 20787 18312 9547 11626 15080 8093 10755 13316 7591 9433 4168 1454 47578 4797 56 4741 4051 5831 3602 248 57
is_linear=0
shrinkage=0.05


Tree=75
num_leaves=31
num_cat=0
split_feature=0 0 0 0 2 2 2 2 0 3 2 0 2 0 0 0 0 2 1 1 2 0 1 0 1 0 1 2 2 0
split_gain=31.5462 14.5935 3.63031 2.63225 2.56212 1.91595 1.50246 1.25353 1.19752 1.06195 1.04331 0.905692 0.888655 0.863212 0.861639 0.695565 0.687012 0.570498 0.542842 0.531814 0.497674 0.731306 0.575158 0.679241 0.448637 0.447315 0.439691 0.430348 0.425186 0.539671
threshold=0.67874166369438182 0.051947942003607701 1.0000000180025095e-35 0.19076523184776303 0.21428571428571427 0.3860182370820669 0.11094224924012157 0.037993920972644361 0.82601973414421093 1.0000000180025095e-35 0.095744680851063815 0.33925685286521917 0.010638297872340401 0.094962753355503013 0.012967582792043651 0.020618690177798254 0.43697042763233185 0.25987841945288753 0.64682722091674816 0.55563190579414379 0.58054711246200619 0.61331856250762951 0.71982061862945568 0.37964843213558203 0.70021736621856701 0.015034950338304003 0.67839944362640392 0.51823708206686947 0.94832826747720389 0.49178516864776611
decision_type=2 2 2 2 2 2 2 2 2 2 2 2 2 2 2 2 2 2 2 2 2 2 2 2 2 2 2 2 2 2
left_child=1 2 26 4 7 10 9 -3 -2 -4 -5 -7 14 -9 -11 18 -12 25 -14 -6 21 22 27 -24 -22 -8 -1 -13 -26 -30
right_child=8 3 6 5 19 11 17 13 -10 12 16 20 15 -15 -16 -17 -18 -19 -20 -21 24 -23 23 -25 28 -27 -28 -29 29 -31
leaf_value=-0.049081545760469789 0.026964793749126709 0.024934693875750744 -0.056860719954334484 0.036251173711696977 -0.037972459819695797 -0.011562486581653236 -0.042156130023017303 -0.0076776285183144614 0.049716974226482608 -0.011608974467248253 0.0079090538542276392 0.0057681104014118897 -0.029479469721348128 0.0054568059958979955 0.022004425986652767 -0.009097683647411918 0.020387923607978947 -0.050362653762002996 -0.013387826558634481 -0.014654001864625161 -0.0058445486730732601 0.048569159494407217 0.057541609419426126 -0.026638838202571624 0.053521385422360068 -0.022167920977008638 -0.017110599110624927 0.028101553679858306 -0.066857245521566022 0.054336155204823024
leaf_weight=12.756794436771768 7.3355678917723699 5.2373194899992077 1.4019841660574446 4.4259923685603999 2.7076078326936139 13.722281417029079 3.6094349317490986 23.792249694295606 27.330413601797773 4.4566144096988856 43.530261210191384 7.6242005343374348 11.300022363941936 26.378433024596234 3.3318741775656235 20.609879546924276 14.772391274105756 3.0134489348602065 9.7743700839746435 25.221952315383533 11.408385758288203 1.1706821715924878 0.27399376497487482 1.9106610752642152 0.64177658296830375 12.466236925500196 1.1744221531598658 3.0079969244543463 0.2090733110671863 0.16384031038614921
leaf_count=44379 4797 2821 1271 5383 1254 1563 2284 6414 15990 2163 8324 990 8802 7080 1129 7666 4254 2562 2196 4313 1206 298 45 177 191 4501 3199 431 10 47
internal_value=-3.07036e-11 -0.00576313 -0.0230778 0.00203827 -0.00456639 0.00738931 -0.0184366 0.00165797 0.0449025 -0.0139483 0.0128475 -0.00114204 -0.0127322 -0.000771886 0.00277066 -0.0156289 0.0110709 -0.0303982 -0.0220161 -0.0169146 0.00427215 0.0107406 0.00728532 -0.0160811 -0.00301082 -0.0266558 -0.0463863 0.0120866 0.0288494 -0.0136107
internal_weight=304.76 270.094 83.8951 186.199 83.3376 102.862 69.9639 55.408 34.666 50.8747 62.7286 40.1329 49.4728 50.1707 7.78849 41.6843 58.3027 19.0891 21.0744 27.9296 26.4106 13.9875 12.8169 2.18465 12.4231 16.0757 13.9312 10.6322 1.01469 0.372914
internal_count=145740 124953 80152 44801 21882 22919 32574 16315 20787 23227 17961 4958 21956 13494 3292 18664 12578 9347 10998 5567 3395 1941 1643 222 1454 6785 47578 1421 248 57
is_linear=0
shrinkage=0.05


Tree=76
num_leaves=31
num_cat=0
split_feature=0 0 0 0 2 2 3 2 0 2 1 2 0 0 2 2 0 0 0 1 1 0 2 0 1 2 0 1 0 1
split_gain=29.8549 13.9606 3.47372 2.47293 2.42334 2.04373 1.4523 1.31697 1.16809 1.0461 0.92108 0.881203 0.84102 0.811112 0.718635 0.714008 0.644476 0.638245 0.627875 0.560468 1.14123 0.538797 0.451596 1.00274 0.431241 0.41811 0.739773 0.553088 0.661357 0.461226
threshold=0.67874166369438182 0.051947942003607701 1.0000000180025095e-35 0.19076523184776303 0.13221884498480244 0.3860182370820669 1.0000000180025095e-35 0.010638297872340401 0.82601973414421093 0.095744680851063815 0.63596329092979442 0.037993920972644361 0.012967582792043651 0.33925685286521917 0.17477203647416414 0.25683890577507601 0.46230357885360723 0.086707472801208454 0.10103285685181611 0.69537881016731273 0.69238144159317028 0.0062790475785731506 0.94832826747720389 0.87031665444374096 0.67839944362640392 0.58054711246200619 0.61331856250762951 0.71982061862945568 0.37964843213558203 0.70021736621856701
decision_type=2 2 2 2 2 2 2 2 2 2 2 2 2 2 2 2 2 2 2 2 2 2 2 2 2 2 2 2 2 2
left_child=1 2 24 4 11 9 -4 12 -2 -5 14 -3 -8 -7 21 18 -11 -13 -6 20 -18 -9 -10 -24 -1 26 27 -15 -29 -27
right_child=8 3 6 5 15 13 7 10 22 16 -12 17 -14 25 -16 -17 19 -19 -20 -21 -22 -23 23 -25 -26 29 -28 28 -30 -31
leaf_value=-0.04889673518497048 0.026730844387071552 0.024966498116985224 -0.056905177026086877 0.036287664674898003 -0.014396974139535647 -0.01153945927453085 -0.011779444420834229 -0.039421835031813707 0.050424829558384412 0.0084695746638050653 -0.013154661317370905 -0.0061720458672198776 0.0215058000801467 0.010793528516324875 -0.045405014287310426 -0.018368293901160571 0.019359652534765164 0.0091388960053022852 0.00068547149189715831 0.042182407916952484 -0.072158293373595764 -0.019409650490282954 -0.099161270443609645 0.052189046842059772 -0.017021521399075128 -0.0060474957668723139 0.048215032599486618 0.057180253878750288 -0.027185908492490286 0.030105081693681091
leaf_weight=12.169978276137156 7.1692326704651341 5.2045069371324635 2.3437720453584907 4.4587374969632938 12.669929409601538 13.506460986101954 4.4176661057717856 3.9969251386737659 25.655020672042159 45.736763213433733 29.280079396199653 11.952703183218548 3.3269943801496993 10.532565328481725 3.9954937210156904 21.166722996922545 8.7369310667854698 15.808913150569422 15.152982300864094 2.5834591558668754 0.35446406807750541 21.218983040624607 0.16341483959695224 0.33130518801044673 1.1624483452387711 11.201157896954097 1.1333308213797852 0.26449621148640234 1.908017434296198 0.95764113016775887
leaf_count=44379 4797 2821 1864 5383 2872 1563 2163 3713 15746 8897 7110 3683 1129 1421 3633 4306 3032 5042 3158 609 40 12962 31 213 3199 1206 298 45 177 248
internal_value=1.46158e-10 -0.00560384 -0.0227649 0.00206376 -0.00439477 0.00728515 -0.0182249 -0.0168562 0.0446105 0.0129579 -0.0194217 0.0060863 0.00251942 -0.00159951 -0.0257035 -0.0114477 0.0111461 0.0025468 -0.00618274 0.0216314 0.0157915 -0.0225817 0.0495124 0.00219534 -0.0461175 0.00356464 0.00950831 0.00605556 -0.0169146 -0.00320008
internal_weight=298.561 265.242 81.9123 183.33 81.9558 101.374 68.5799 66.2361 33.319 61.8704 58.4915 32.9661 7.74466 39.5037 29.2114 48.9896 57.4116 27.7616 27.8229 11.6749 9.0914 25.2159 26.1497 0.49472 13.3324 25.9972 13.8384 12.7051 2.17251 12.1588
internal_count=145740 124953 80152 44801 21882 22919 32574 30710 20787 17961 27418 11546 3292 4958 20308 10336 12578 8725 6030 3681 3072 16675 15990 244 47578 3395 1941 1643 222 1454
is_linear=0
shrinkage=0.05


Tree=77
num_leaves=31
num_cat=0
split_feature=0 0 0 2 0 2 2 0 0 2 2 0 1 2 1 0 3 2 2 2 0 0 0 0 2 1 2 0 1 0
split_gain=28.2533 13.5047 4.4571 2.1558 1.8698 1.80599 1.245 1.23065 1.15646 1.12212 0.956235 0.882281 0.84794 0.642811 0.592363 0.54261 0.537454 0.497243 0.476966 0.447606 0.887727 0.43381 0.506215 0.422218 0.43309 0.721397 0.544711 0.418907 0.417756 0.662352
threshold=0.67874166369438182 0.097763065248727757 0.0052666356787085507 0.11398176291793312 0.27195551991462713 0.14741641337386016 0.3860182370820669 0.034730579704046208 0.82601973414421093 0.034954407294832811 0.61550151975683909 0.028211694210767704 0.63903754949569713 0.33586626139817638 0.76125675439834606 0.18435971438884732 1.0000000180025095e-35 0.23860182370820668 0.019756838905775054 0.94832826747720389 0.87031665444374096 0.0057697277516126008 0.010959185659885353 0.50552836060523998 0.39513677811550157 0.67302045226097118 0.50000000000000011 0.19076523184776303 0.76125675439834606 0.71332663297653209
decision_type=2 2 2 2 2 2 2 2 2 2 2 2 2 2 2 2 2 2 2 2 2 2 2 2 2 2 2 2 2 2
left_child=1 2 12 15 10 7 -6 9 28 11 17 21 -1 14 -7 18 -8 -5 -3 -10 -21 -4 -23 24 25 -18 -26 -19 -2 -30
right_child=8 3 5 4 6 13 16 -9 19 -11 -12 -13 -14 -15 -16 -17 23 27 -20 20 -22 22 -24 -25 26 -27 -28 -29 29 -31
leaf_value=-0.044558505767126222 0.02872932150969212 0.063154154239168911 0.023169896572924311 0.0022693177165722892 0.014379873462071339 -0.023134982881104924 -0.071324591718096852 -0.0024042518637452451 0.050295321330605006 -0.022934073299838584 -0.034592030482548157 0.027125587185424512 -0.023062834704968751 -0.045189505743325822 0.042866643476362223 0.03187552621036998 -0.061752215384413812 -0.0125210229874166 0.011728996242686212 -0.088530636131121804 0.052124295830923956 -0.027207990627966246 -0.0051369506204528388 0.0093581131426609728 0.010195163646967815 0.042643175946937839 -0.00726465950849162 -0.00083673210195087588 -0.10835929712062334 0.0541349800155011
leaf_weight=15.828384134232012 6.7427340699214247 0.47146793190768477 0.92994411180916259 26.555120655746578 36.356357729309821 19.401733433599027 0.25591560080647724 33.058489836830631 24.532644903185432 21.753417805345634 2.4580581067057201 1.8618109886810987 6.46026159032749 3.5136102562150873 0.34601586335338552 6.958130592647648 0.68697608276853017 16.430695263894453 10.333371957753114 0.17431880124786303 0.31468810354999732 3.8447105637151244 8.01136676286478 10.963069500838172 6.8252780071052284 0.21799380710581318 12.929215989894145 14.388637625277623 0.14191924277110946 0.11236488196300343
leaf_count=43100 4741 395 270 5986 8176 7121 34 11531 15746 9082 391 807 10886 2133 33 6587 56 2731 3773 31 213 2149 3720 1658 925 44 1409 1956 14 42
internal_value=-7.14788e-11 -0.00544114 -0.0182521 0.00466231 0.00239824 -0.0134262 0.0080556 -0.00938798 0.0443262 -0.0157304 -0.00405358 -0.00503224 -0.0383281 -0.0254845 -0.0219785 0.0209858 0.000842974 -0.00274524 0.0139729 0.0493512 0.00198431 -0.00971484 -0.0122942 0.00142701 -0.00278167 -0.0366049 -0.0012322 -0.00706597 0.0263568 -0.0365552
internal_weight=292.859 260.84 115.01 145.83 128.067 92.7211 68.2348 69.4597 32.0187 36.4013 59.8325 14.6478 22.2886 23.2614 19.7477 17.763 31.8784 57.3745 10.8048 25.0217 0.489007 12.786 11.8561 31.6225 20.6595 0.90497 19.7545 30.8193 6.99702 0.254284
internal_count=145740 124953 90832 34121 23366 36846 12302 27559 20787 16028 11064 6946 53986 9287 7154 10755 4126 10673 4168 15990 244 6139 5869 4092 2434 100 2334 4687 4797 56
is_linear=0
shrinkage=0.05


Tree=78
num_leaves=31
num_cat=0
split_feature=0 0 0 0 2 2 2 0 3 0 2 2 2 0 2 2 1 0 2 1 2 0 0 0 0 1 1 3 2 1
split_gain=26.775 13.1439 2.95859 2.55468 2.31211 2.29895 1.31246 1.16138 1.07422 0.964952 1.24933 0.928493 0.854103 0.897878 0.745662 0.725826 0.707371 0.707305 0.671574 0.65006 0.600756 0.638946 0.542975 0.494644 1.14568 0.779575 0.725389 0.457622 0.421663 0.515691
threshold=0.67874166369438182 0.047105498611927005 0.0015143654309213003 0.16642885655164719 0.12006079027355622 0.28115501519756841 0.20820668693009117 0.82601973414421093 1.0000000180025095e-35 0.38956686854362493 0.28419452887537999 0.095744680851063815 0.010638297872340401 0.012967582792043651 0.037993920972644361 0.50911854103343479 0.68819844722747814 0.46230357885360723 0.53951367781155024 0.5107882320880891 0.58054711246200619 0.61331856250762951 0.086707472801208454 0.61331856250762951 0.62835711240768444 0.5879495143890382 0.67412400245666515 1.0000000180025095e-35 0.59878419452887555 0.64526182413101207
decision_type=2 2 2 2 2 2 2 2 2 2 2 2 2 2 2 2 2 2 2 2 2 2 2 2 2 2 2 2 2 2
left_child=1 2 16 4 14 11 8 -2 -4 15 -11 -5 13 -10 -3 -7 -1 -13 27 -14 21 -12 -16 -19 25 -25 -27 -6 29 -22
right_child=7 3 6 5 18 9 -8 -9 12 10 20 17 19 -15 22 -17 -18 23 -20 -21 28 -23 -24 24 -26 26 -28 -29 -30 -31
leaf_value=-0.046692162444417588 0.025889216126993297 0.02250442857638511 -0.058326997388586738 0.035017496785098128 -0.058852921342078472 -0.00015181487841333752 -0.046697667596031417 0.049274564908816994 -0.015842512810312161 -0.076847019012540041 0.010661764883061033 0.010074299158650268 -0.038390454105099225 0.020987340538330179 -0.0055744478795516639 -0.015895406988476166 -0.011738173034391503 0.036140902376720636 -0.04373651732634818 -0.015657743100139135 -0.05632959752390207 0.040303959059286715 0.0098033435433376587 -0.1333748832119506 0.046313634096888427 0.060691027384868479 -0.092291939634166181 -0.010574017695260654 0.002106006861022885 0.021157696211983663
leaf_weight=13.303844762247421 6.8229269105213488 5.4631555326923289 1.4646903761986312 5.3300144402528522 0.49652328903903153 23.707513086981635 3.7326889554688014 23.930369112364133 3.4383762432262293 0.43383472796995448 16.791200212697738 34.239601400964602 3.3850933093385711 3.1902874382358277 11.727274286187823 10.591614551369274 1.6241170833800413 4.6584256601345251 1.6386542444072336 44.298705557822814 0.68807820853544288 2.0386821682914151 11.243942697277815 0.19844065234065034 0.59202447580173612 0.17564886983018368 0.13865130534395576 42.81345498491828 8.8232716518832586 0.31211482454091311
leaf_count=47367 4797 3029 1390 5883 353 3241 3187 15990 1672 46 2454 7724 3169 1073 3863 1199 2347 1946 626 18345 45 544 3726 42 570 96 40 9755 1181 40
internal_value=5.23834e-11 -0.00528494 -0.0229867 0.00195099 -0.00525736 0.00681647 -0.0179941 0.0440863 -0.0160733 0.000667668 0.00736676 0.015414 -0.0149338 0.0018832 0.00590132 -0.00501346 -0.0428893 0.012802 -0.0123163 -0.0172715 0.00864182 0.0138711 0.00195267 0.0290074 -0.00107198 -0.0557847 -0.00679633 -0.0111275 -0.00138176 -0.0321493
internal_weight=287.293 256.54 74.4378 182.102 73.383 108.719 59.5098 30.7533 55.7772 63.3863 29.0872 45.3328 54.3125 6.62866 28.4344 34.2991 14.928 40.0028 44.9486 47.6838 28.6533 18.8299 22.9712 5.76319 1.10477 0.512741 0.3143 43.31 9.82346 1.00019
internal_count=145740 124953 78550 46403 21352 25051 28836 20787 25649 8750 4310 16301 24259 2745 10618 4440 49714 10418 10734 21514 4264 2998 7589 2694 748 178 136 10108 1266 85
is_linear=0
shrinkage=0.05


Tree=79
num_leaves=31
num_cat=0
split_feature=0 0 0 0 2 2 2 0 0 2 0 2 0 2 0 2 2 2 0 3 1 3 1 1 2 2 1 2 1 2
split_gain=25.4058 12.5522 3.2411 2.44116 2.23426 2.23388 1.65739 1.12746 1.05146 0.952322 0.896456 0.936704 0.882631 0.65904 0.639994 0.634066 0.621947 0.54962 0.609829 0.509802 0.500526 0.453173 0.420617 1.17538 1.48185 1.26815 0.589301 0.664044 0.548441 0.41761
threshold=0.67874166369438182 0.034730579704046208 0.16642885655164719 1.0000000180025095e-35 0.28115501519756841 0.12006079027355622 0.034954407294832811 0.82601973414421093 0.028211694210767704 0.095744680851063815 0.38956686854362493 0.28419452887537999 0.46230357885360723 0.53951367781155024 0.086707472801208454 0.50911854103343479 0.20820668693009117 0.58054711246200619 0.61331856250762951 1.0000000180025095e-35 0.77665513753891002 1.0000000180025095e-35 0.69694155454635631 0.70562490820884716 0.3145896656534955 0.28419452887537999 0.76125675439834606 0.64741641337386036 0.63596329092979442 0.074468085106382961
decision_type=2 2 2 2 2 2 2 2 2 2 2 2 2 2 2 2 2 2 2 2 2 2 2 2 2 2 2 2 2 2
left_child=1 3 5 -1 9 14 8 22 20 -4 15 -12 -11 19 -3 -6 21 18 -13 -7 -5 -8 28 24 25 -24 -25 -28 -2 -16
right_child=7 2 4 6 10 13 16 -9 -10 12 11 17 -14 -15 29 -17 -18 -19 -20 -21 -22 -23 23 26 -26 -27 27 -29 -30 -31
leaf_value=-0.045182374583222863 0.017123313288691946 -0.0018633338389057756 0.035135895784136957 -0.013323649649981111 -9.429877869839675e-05 -0.058629292839704972 -0.058013428052177476 0.049078957667528622 0.027265876328964989 0.0097087530773001876 -0.074615968969927046 0.010268139066910495 0.03107919836275367 -0.043961099527923708 0.021033845957205134 -0.014917269063507732 -0.050401687446478376 -0.0013073171057571031 0.039636434581992314 -0.011534371511771252 0.05579595349437793 -0.023752106569550704 0.053961285259077764 0.054096270806486373 0.054372096424148066 -0.2102550866973005 0.05480248028777536 -0.10997271301411662 0.049286480893315616 0.0032615505280111307
leaf_weight=11.815372671967678 2.8583211476507158 22.326150474300448 5.4207520216041294 17.291604835205369 23.438107429054071 0.58198204348627669 1.0011852044872345 22.933045611018315 1.859154179901451 33.629231894585246 0.34422573220217856 16.610782750474762 5.6422475041763382 1.6854181891703763 6.5146383964201942 10.422655833825045 2.6348934293737321 9.6633586152456683 1.9781271947431367 45.52609953177307 0.26594543165992846 26.817406636887426 0.059894846519455092 0.70496773121703882 0.14616298746841494 0.18784211575984955 0.11137558201153297 0.13557084693457 2.4714260445762193 6.7098433306491643
leaf_count=47578 2390 8652 5883 9530 3241 442 772 15990 807 7724 46 2454 2694 721 2936 1199 2500 1266 544 11368 24 12533 93 473 60 10 35 21 1715 2039
internal_value=-1.32668e-10 -0.00514435 0.00120352 -0.0247474 0.00695551 -0.00619141 -0.0199059 0.0438149 -0.00849048 0.0154908 0.000847975 0.00736628 0.0127791 -0.0132514 0.00329984 -0.00465695 -0.0271843 0.00836516 0.0133933 -0.0121288 -0.0122767 -0.0249852 0.0257307 0.00075428 -0.0718852 -0.146376 0.0308123 -0.0356573 0.0320375 0.0120165
internal_weight=281.788 252.179 190.494 61.6856 107.149 83.3441 49.8702 29.6086 19.4167 44.6922 62.4573 28.5965 39.2715 47.7935 35.5506 33.8608 30.4535 28.2523 18.5889 46.1081 17.5576 27.8186 6.67556 1.34581 0.3939 0.247737 0.951914 0.246946 5.32975 13.2245
internal_count=145740 124953 51209 73744 25051 26158 26166 20787 10361 16301 8750 4310 10418 12531 13627 4440 15805 4264 2998 11810 9554 13305 4797 692 163 103 529 56 4105 4975
is_linear=0
shrinkage=0.05


Tree=80
num_leaves=31
num_cat=0
split_feature=0 0 0 2 0 2 2 0 0 1 2 2 1 1 0 1 2 1 0 2 3 2 0 0 1 1 1 1 2 2
split_gain=24.018 12.1309 4.00328 1.9625 2.01925 1.77001 1.27993 1.18493 1.08467 0.998155 0.797995 0.793975 0.578319 0.616305 0.549434 0.526862 0.477899 0.876688 0.472709 0.462868 0.456317 0.451501 0.473501 0.443523 0.585581 1.08075 0.440642 0.893569 0.706316 0.546955
threshold=0.67874166369438182 0.097763065248727757 0.0033585673663764502 0.11398176291793312 0.27195551991462713 0.092705167173252265 0.3860182370820669 0.028211694210767704 0.82601973414421093 0.59622156620025646 0.61550151975683909 0.022796352583586605 0.58640825748443615 0.5879495143890382 0.18435971438884732 0.69238144159317028 0.94832826747720389 0.62778952717781078 0.027232017368078152 0.18693009118541035 1.0000000180025095e-35 0.21428571428571427 0.19076523184776303 0.46230357885360723 0.69537881016731273 0.69238144159317028 0.65760675072669994 0.65843093395233165 0.25075987841945291 0.24468085106382978
decision_type=2 2 2 2 2 2 2 2 2 2 2 2 2 2 2 2 2 2 2 2 2 2 2 2 2 2 2 2 2 2
left_child=1 2 12 14 10 7 23 15 -2 18 21 -9 -1 -14 -3 -4 26 -18 -7 -20 -8 -5 -23 -6 25 -25 -10 -28 29 -29
right_child=8 3 5 4 6 9 20 11 16 -11 -12 -13 13 -15 -16 -17 17 -19 19 -21 -22 22 -24 24 -26 -27 27 28 -30 -31
leaf_value=-0.048764705538627752 0.02551138297670625 0.013227305855660421 -0.018320155437365218 0.0026061714431462918 0.011344505635446422 -0.047811405195052059 -0.069207468681554599 0.022310478390067431 0.052468356303365243 -0.016078364700709419 -0.032896447905421448 -0.0028141390068050268 0.055355410825852824 -0.032418432901444 0.03139313227079301 -0.001068615507549199 -0.09336620770426042 0.051742363684360138 -0.016723526992511301 -0.040809055245212708 0.0016226479997156153 -0.012245571601315848 -0.00035478166534142939 0.020944836196796591 0.045758597736211402 -0.074208609680059587 -0.065149116668621679 0.05237467227443221 0.052036640617950929 -0.072144080660930796
leaf_weight=8.9035003738436007 6.4469789903378141 10.389392007056815 19.53807455881088 21.238327759692766 23.819000721756311 3.7336805348832049 0.229110956905063 3.7421888926128331 19.059239311434801 31.109726038641384 2.3432562931520797 19.686928687996442 0.20541876232436962 7.5654274787149234 6.9447716301219762 5.721759579886565 0.16615543514490028 0.27864237265021075 4.9700211913968797 3.3320661354910044 30.265919077875878 17.96751401820984 15.677163276326608 8.0832747102976974 2.3312430731311897 0.3098498841281988 0.22430470952531267 0.14467214001342688 1.8680303494111283 0.22589186509139836
leaf_count=27087 4797 4168 12017 5310 4806 3202 34 2117 10916 8057 391 7581 448 24315 6587 807 42 202 2754 2447 4092 3151 2212 2769 565 36 77 3052 1676 25
internal_value=1.9561e-10 -0.00498677 -0.017527 0.00476062 0.00252841 -0.0134347 0.00855577 -0.00690026 0.043544 -0.0208087 -0.00432177 0.00119886 -0.0400654 -0.0300982 0.0205053 -0.0144124 0.0488363 -0.00246334 -0.0330355 -0.0263903 0.0010905 -0.00310176 -0.00670491 0.0151461 0.0235896 0.017432 0.0498965 0.0299944 0.0395277 -0.0235306
internal_weight=276.522 248.108 108.509 139.599 122.265 91.8344 65.0384 48.689 28.4139 43.1455 57.2263 23.4291 16.6743 7.77085 17.3342 25.2598 21.9669 0.444798 12.0358 8.30209 30.495 54.883 33.6447 34.5434 10.7244 8.39312 21.5221 2.4629 2.23859 0.370564
internal_count=145740 124953 90832 34121 23366 38982 12302 22522 20787 16460 11064 9698 51850 24763 10755 12824 15990 244 8403 5201 4126 10673 5363 8176 3370 2805 15746 4830 4753 3077
is_linear=0
shrinkage=0.05


Tree=81
num_leaves=31
num_cat=0
split_feature=0 0 0 0 2 0 2 2 0 2 2 2 0 1 2 0 2 0 2 2 0 3 1 1 1 0 3 2 2 2
split_gain=23.023 9.93959 4.21559 2.67602 2.08527 2.43038 1.55085 1.47739 1.15617 0.840282 0.766939 0.759025 0.729363 0.683541 0.641411 0.619524 0.568538 0.544875 0.47003 0.453547 0.768851 0.452608 0.441788 0.430282 0.42413 0.410195 0.377695 0.369593 0.408342 0.609882
threshold=0.50552836060523998 0.047105498611927005 0.82601973414421093 1.0000000180025095e-35 0.095744680851063815 0.14232955873012543 0.28115501519756841 0.025835866261398156 0.15662564337253568 0.20820668693009117 0.24772036474164133 0.37234042553191499 0.012967582792043651 0.50910788774490368 0.84650455927051682 0.46230357885360723 0.037993920972644361 0.22442981600761411 0.010638297872340401 0.94832826747720389 0.87031665444374096 1.0000000180025095e-35 0.76125675439834606 0.67839944362640392 0.71445280313491832 0.034730579704046208 1.0000000180025095e-35 0.25683890577507601 0.42097264437689969 0.48632218844984804
decision_type=2 2 2 2 2 2 2 2 2 2 2 2 2 2 2 2 2 2 2 2 2 2 2 2 2 2 2 2 2 2
left_child=1 3 10 23 8 11 15 12 16 13 -2 26 -5 -9 17 -7 -3 22 -14 -4 -21 -15 24 -1 -8 -23 -6 -12 -29 -30
right_child=2 4 19 7 5 6 14 9 -10 -11 27 -13 18 21 -16 -17 -18 -19 -20 20 -22 25 -24 -25 -26 -27 -28 28 29 -31
leaf_value=-0.048150800771724123 0.039696545428037015 0.022062931424525124 0.050116490472579503 -0.015114663877993872 -0.06129346164469171 0.0087159174788913607 -0.011803305918633065 -0.043891358063694798 0.033009899300074058 -0.04632908945752149 -0.031240970663600678 -0.035309582144289801 0.020987062127725099 -0.058904787577642628 -0.028543448820439288 0.040934358035121791 0.0027291402315221167 0.001168984970807042 -0.0042237567159074813 -0.08297843243278713 0.05201263231581367 -0.021054075527298988 -0.056441826281248289 -0.014285951368873551 0.022656014546980581 -0.0082279605723414011 -0.0096759223729084819 0.024779197967339697 -0.012400395293482259 0.01551417151054546
leaf_weight=9.8849505659353536 3.6156929079152205 5.1328334844529371 20.422467972770395 8.7597528884880393 0.35779587016622727 37.669009470559104 11.071308695256443 2.9618873211215933 5.8676584270979211 3.514677152315925 0.42784544153255666 3.2618224247726166 3.1105583120042857 0.69352354646070935 2.3916825605992917 1.5536076652933832 14.670747136840872 35.319222858908688 4.5578122893675754 0.17384715769730874 0.26822233673738083 27.227183437187705 0.51210324862040657 1.0363196053949639 0.97128597454866472 8.0845612456978397 37.278280606127282 7.7246305255976067 2.4168919628427821 10.276431338963446
leaf_count=44379 5923 2954 15746 5314 294 9046 1666 2878 4774 3318 108 1358 1128 592 245 655 5329 4874 2462 31 213 12497 29 3199 98 2783 9218 2065 440 2124
internal_value=-6.17774e-11 -0.00652562 0.0325213 -0.0222048 0.000490389 -0.00207419 0.00254067 -0.0179905 0.0135161 -0.0229144 0.0184385 -0.0121719 -0.00525747 -0.0208025 -0.00327373 0.00999209 0.00774021 -0.0020113 0.00600263 0.0490319 -0.00107362 -0.0189032 -0.0109582 -0.0449374 -0.00902402 -0.0181176 -0.0101666 0.0147514 0.0157151 0.0101991
internal_weight=271.215 225.889 45.326 69.8312 156.057 130.386 89.4882 58.91 25.6712 42.4818 24.4615 40.8979 16.4281 38.9672 50.2656 39.2226 19.8036 47.8739 7.66837 20.8645 0.442069 36.0053 12.5547 10.9213 12.0426 35.3117 37.6361 20.8458 20.418 12.6933
internal_count=145740 119090 26650 78550 40540 27483 16613 30972 13057 22068 10660 10870 8904 18750 6912 9701 8283 6667 3590 15990 244 15872 1793 47578 1764 15280 9512 4737 4629 2564
is_linear=0
shrinkage=0.05


Tree=82
num_leaves=31
num_cat=0
split_feature=0 0 0 0 2 2 2 2 3 1 0 2 0 2 0 0 2 1 0 2 2 2 0 2 1 2 1 0 1 2
split_gain=21.7857 11.6678 2.77862 2.43406 2.54033 2.08459 1.48074 0.997236 0.929785 0.873593 0.815668 0.772196 0.771629 0.828602 0.716969 0.677322 0.792988 0.694139 0.652163 0.757516 0.623955 0.582304 0.564198 0.527819 0.511849 0.636134 0.557202 0.679365 0.496503 0.578973
threshold=0.73069798946380626 0.055575609207153313 1.0000000180025095e-35 0.27195551991462713 0.13221884498480244 0.28115501519756841 0.086626139817629164 0.29331306990881462 1.0000000180025095e-35 0.7260102927684785 0.34957543015480042 0.6185410334346505 0.015794936567544902 0.010638297872340401 0.14647580683231354 0.13349515944719312 0.13525835866261396 0.72279411554336559 0.53543385863304149 0.42097264437689969 0.037993920972644361 0.25987841945288753 0.46230357885360723 0.22948328267477203 0.72279411554336559 0.43313069908814589 0.7260102927684785 0.69510814547538768 0.69694155454635631 0.28875379939209728
decision_type=2 2 2 2 2 2 2 2 2 2 2 2 2 2 2 2 2 2 2 2 2 2 2 2 2 2 2 2 2 2
left_child=1 2 -1 4 14 22 8 9 -4 10 -7 15 -10 -14 20 -6 17 -17 -9 -20 -3 -8 -5 -18 -21 -26 -27 -28 -12 -30
right_child=-2 3 6 5 11 7 21 18 12 -11 28 -13 13 -15 -16 16 23 -19 19 24 -22 -23 -24 -25 25 26 27 -29 29 -31
leaf_value=-0.044699115561830143 0.04592678902016533 0.022557358242084016 -0.058612726671031214 0.017729374867546107 -0.01319738219137891 0.017296167212176628 -0.023939013681942314 0.0016334878365562655 -0.017601777150099345 0.058623672634817339 -0.035422566967521558 -0.035947568711868744 0.022566397538113465 -0.0072203755014163444 0.021370280865469424 0.024435530856790389 0.0069104643576743396 -0.08571136628449405 0.034159673927618178 0.011364520300774764 0.0011095055057903809 -0.048455875636080149 0.035490624642983429 -0.0057558256070662991 -0.093784306827522049 -0.10098965122899251 0.050763119266533444 -0.071421122305910287 -0.051073938231615816 -0.15408840851254435
leaf_weight=10.447669411621403 23.539144521848357 4.0772685293577551 1.0043189765387968 16.701542096867346 24.954791576347361 0.35028366156620805 21.572127738236762 32.007312068932151 17.894265624063792 0.21838025699253183 0.51349415298318468 2.3568541838485535 2.6573830415000002 19.229788112715141 8.8188195503225852 0.19851261694202449 12.242404856555366 0.51181370159611106 3.6802014572895123 7.8032901570404629 20.146138111969776 2.7282208719489054 6.1058050343272035 25.062726742286031 0.26188026717863966 0.11884869514324237 0.42268966021947563 0.1556621425843332 0.26591955195181072 0.28002963401377201
leaf_count=47578 19188 2313 1177 6121 6393 57 9664 4393 10527 42 118 479 965 8602 3858 98 2917 22 945 1417 6798 2707 5329 3799 20 14 130 22 32 15
internal_value=7.26737e-11 -0.00445275 -0.0207633 0.00291324 -0.0021343 0.0101212 -0.0169211 0.00400183 -0.0110998 -0.0344322 -0.0488475 -0.00784873 -0.00990034 -0.00360388 0.00916359 -0.00679704 -0.00259561 -0.054929 0.00540958 0.0151232 0.00471959 -0.0266915 0.0224843 -0.00159914 0.00712791 -0.0273421 -0.00238526 0.0178775 -0.0707165 -0.103912
internal_weight=266.328 242.788 75.5338 167.255 98.3693 68.8853 65.0861 46.078 40.7858 1.62811 1.40973 65.3271 39.7814 21.8872 33.0422 62.9702 38.0155 0.710326 44.4499 12.4426 24.2234 24.3003 22.8073 37.3051 8.76237 0.959081 0.6972 0.578352 1.05944 0.545949
internal_count=145740 126552 81220 45332 26677 18655 33642 7205 21271 264 222 13708 20094 9567 12969 13229 6836 120 6941 2548 9111 12371 11450 6716 1603 186 166 152 165 47
is_linear=0
shrinkage=0.05


Tree=83
num_leaves=31
num_cat=0
split_feature=0 0 0 0 2 0 2 2 0 1 0 2 2 0 2 3 2 1 2 1 2 2 2 1 1 2 1 0 1 0
split_gain=21.5888 9.06307 3.70925 2.39489 1.90574 2.25938 1.45651 1.42448 0.992162 0.747279 0.732292 0.696659 0.681588 0.603707 0.516029 0.491125 0.484576 0.727191 0.529949 0.460365 0.456787 0.455128 0.539578 0.644243 0.97255 0.439637 0.697355 0.426735 0.478662 0.826632
threshold=0.50552836060523998 0.047105498611927005 0.82601973414421093 1.0000000180025095e-35 0.095744680851063815 0.14232955873012543 0.34194528875379943 0.025835866261398156 0.15662564337253568 0.59909257292747509 0.012967582792043651 0.24772036474164133 0.37841945288753803 0.27195551991462713 0.013677811550151952 1.0000000180025095e-35 0.35106382978723411 0.66120433807373058 0.84650455927051682 0.67839944362640392 0.14741641337386016 0.32978723404255322 0.28115501519756841 0.70994800329208385 0.70196545124053966 0.94832826747720389 0.62778952717781078 0.44924572110176092 0.60129326581954967 0.49178516864776611
decision_type=2 2 2 2 2 2 2 2 2 2 2 2 2 2 2 2 2 2 2 2 2 2 2 2 2 2 2 2 2 2
left_child=1 3 11 19 8 12 13 10 14 20 -5 -2 -6 -7 -3 -8 17 -17 27 -1 -9 22 -15 24 -24 -4 -27 -18 29 -29
right_child=2 4 25 7 5 6 15 9 -10 -11 -12 -13 -14 21 -16 16 18 -19 -20 -21 -22 -23 23 -25 -26 26 -28 28 -30 -31
leaf_value=-0.047705966867913674 0.039349472314746559 0.048493833493029735 0.049879348596988476 -0.015164145814458949 -0.010102780683710646 0.0029691167148444874 -0.064825430405508519 -0.027240464726811658 0.031219016886978108 -0.017727411634984133 0.0063248202107084733 0.01551993673979505 -0.034784134196291915 0.016528904899687401 0.0059304643317787892 0.020564480004729494 -0.0041403838371874549 -0.06192544466212796 -0.027019371549559273 -0.011958432803921911 -0.04911912658794565 0.040591711399574806 -0.0015061345659766099 0.036748391825676165 -0.076103080061569614 -0.078822107261917948 0.051654072714767907 0.026062850984377408 0.021537356833261384 -0.072724971878887629
leaf_weight=9.0759156093931743 3.6224858087080092 0.74053570794058643 18.814734223647978 8.3917289957175836 36.608485960965936 27.957732457245584 0.34236977702312188 11.130758770092596 5.7561193043293306 26.749764614570267 7.5148019203170398 20.005363301999751 3.0286162060447159 16.16347258405586 18.545982496210854 0.39289922377793007 28.372436291134363 0.83489046298200265 2.2529341771005411 0.99985785558055873 3.036501115822829 1.4964432204869798 3.7021889005118274 0.87973273012903508 0.49539370177080844 0.17305254261009295 0.25085790712910239 0.44917815370717917 3.3256932231015526 0.40063750278204679
leaf_count=44379 5923 704 15746 5314 9556 6175 94 8935 4774 9677 3590 4737 1314 4459 7579 82 3785 72 234 3199 3456 267 652 157 34 42 202 96 464 42
internal_value=3.95741e-11 -0.00636104 0.0324451 -0.0216926 0.000398088 -0.002093 0.00241202 -0.0177089 0.0130017 -0.0226449 -0.00501201 0.0191733 -0.0119886 0.00788972 0.00756475 -0.00522295 -0.00465656 -0.0355282 -0.0035674 -0.0441586 -0.0319298 0.0139401 0.0120625 -0.0021563 -0.01031 0.0487448 -0.00161009 -0.00194407 0.0129798 -0.0205097
internal_weight=261.512 218.645 42.8665 66.8993 151.746 126.703 87.066 56.8236 25.0426 40.917 15.9065 23.6278 39.6371 50.695 19.2865 36.371 36.0287 1.22779 34.8009 10.0758 14.1673 22.7372 21.2408 5.07732 4.19758 19.2386 0.42391 32.5479 4.17551 0.849816
internal_count=145740 119090 26650 78550 40540 27483 16613 30972 13057 22068 8904 10660 10870 11744 8283 4869 4775 154 4621 47578 12391 5569 5302 843 686 15990 244 4387 602 138
is_linear=0
shrinkage=0.05


Tree=84
num_leaves=31
num_cat=0
split_feature=0 0 0 0 2 2 0 2 2 2 2 2 0 1 1 1 2 0 2 1 1 2 1 2 1 1 2 2 2 1
split_gain=20.244 8.27124 4.45176 1.97442 2.14809 2.01426 1.73018 1.13827 1.36095 1.08905 1.05371 0.936183 1.10951 0.811316 0.593101 0.584889 0.525713 0.701391 0.568488 0.601592 1.43217 0.556576 0.818915 0.808216 0.768994 0.716708 0.526867 1.46104 0.514167 0.509061
threshold=0.46230357885360723 0.028211694210767704 0.82601973414421093 0.16642885655164719 0.050151975683890557 0.37234042553191499 1.0000000180025095e-35 0.28115501519756841 0.28875379939209728 0.013677811550151952 0.098784194528875366 0.20212765957446807 0.086707472801208454 0.70994800329208385 0.55156004428863536 0.55563190579414379 0.42097264437689969 0.67874166369438182 0.32370820668693018 0.70021736621856701 0.6795758605003358 0.46504559270516715 0.69389316439628612 0.57598784194528896 0.73843848705291759 0.58315071463584911 0.57294832826747732 0.56686930091185428 0.0045592705167173007 0.59622156620025646
decision_type=2 2 2 2 2 2 2 2 2 2 2 2 2 2 2 2 2 2 2 2 2 2 2 2 2 2 2 2 2 2
left_child=1 6 7 4 28 10 -1 -2 13 -8 -5 12 -6 -9 -11 -13 18 21 19 20 -10 22 25 -23 -24 -18 27 -19 -3 -25
right_child=2 3 -4 5 11 -7 9 8 16 14 -12 15 -14 -15 -16 -17 17 26 -20 -21 -22 23 24 29 -26 -27 -28 -29 -30 -31
leaf_value=-0.043878964973966567 0.035487845918039176 0.072069225520417238 0.048658378156574852 0.031073074483590219 -0.012271078310947273 -0.0066429303038091142 -0.0032631765851459139 -0.11309592810982497 0.021496187126123473 -0.039054672897341686 0.007869924399108821 -0.041137379564798696 0.0030069185699683359 0.056970482620176011 -0.021089866049102707 -0.015466992389739163 -0.061315367626372644 0.031008485405283809 0.032849868963202682 0.051704270286305531 -0.07546169387845858 0.0292557251286331 -0.087098982629867289 -0.031043791364910353 0.0079815738939627168 0.039331757142202224 0.046131370525447808 -0.10418982832233117 0.010615471778622231 0.0042492642642431924
leaf_weight=9.6612354061456909 6.6390676523005849 0.34989827915705873 18.414145885806647 5.4948684251576188 29.028431672341867 26.437906891602324 7.6067121047235551 0.33176550554344686 1.1246961710858188 5.6362266184310128 44.665949311383883 2.4899084840371897 20.119823956592882 0.088925119140185416 24.8538136557695 20.391053688085776 0.2438541548908677 1.00588835318922 5.4710102811077377 0.48674970716820087 0.5758753784757572 2.8945874367345805 0.63124038209207356 1.2563212949316946 0.32069529982982203 0.64402633829740807 1.8470801773073615 0.24936831166269247 12.494762293594247 5.4714199454465415
leaf_count=47578 7372 242 15990 4318 9517 3429 4063 83 390 6146 9842 1758 5981 27 12753 5153 36 367 1315 96 58 498 61 144 42 157 714 43 6711 856
internal_value=1.14789e-10 -0.00670108 0.0293955 -0.00129458 -0.00654705 0.00452534 -0.0249808 0.0172822 0.0119443 -0.0201882 0.0104117 -0.00990609 -0.00601672 -0.0771475 -0.0244107 -0.0182604 0.0136309 0.00805435 0.0242362 0.00269151 -0.0113373 0.00234596 -0.0228512 0.00716373 -0.0550675 0.0116893 0.0291451 0.00415009 0.0122895 -0.00234127
internal_weight=256.927 209.231 47.6967 161.473 84.8739 76.5987 47.758 29.2826 22.6435 38.0968 50.1608 72.0292 49.1483 0.420691 30.49 22.881 22.2228 14.5645 7.65833 2.18732 1.70057 11.4621 1.83982 9.62233 0.951936 0.88788 3.10234 1.25526 12.8447 6.72774
internal_count=145740 117491 28249 46951 29362 17589 70540 12259 4887 22962 14160 22409 15498 110 18899 6911 4777 2918 1859 544 448 1794 296 1498 103 193 1124 410 6953 1000
is_linear=0
shrinkage=0.05


Tree=85
num_leaves=31
num_cat=0
split_feature=0 0 0 0 2 2 0 2 2 2 2 2 0 1 2 0 3 3 0 0 1 1 0 0 1 2 1 2 2 1
split_gain=19.8524 7.77539 4.0574 1.86542 2.1252 1.99599 1.60671 1.06759 1.33172 1.0576 1.00851 0.925291 0.849488 0.801338 0.585621 0.663118 0.584358 0.563261 0.526234 0.504571 0.489176 0.64145 0.775451 0.710431 0.592995 0.552005 0.48022 0.478921 0.749144 0.724054
threshold=0.46230357885360723 0.028211694210767704 0.82601973414421093 0.16642885655164719 0.12006079027355622 0.37234042553191499 1.0000000180025095e-35 0.28115501519756841 0.28875379939209728 0.013677811550151952 0.022796352583586605 0.095744680851063815 0.063122712075710255 0.70994800329208385 0.42097264437689969 0.67874166369438182 1.0000000180025095e-35 1.0000000180025095e-35 0.27195551991462713 0.076357886195182759 0.69238144159317028 0.73398017883300792 0.34957543015480042 0.35948340594768524 0.71982061862945568 0.32370820668693018 0.66415631771087658 0.46504559270516715 0.56686930091185428 0.69389316439628612
decision_type=2 2 2 2 2 2 2 2 2 2 2 2 2 2 2 2 2 2 2 2 2 2 2 2 2 2 2 2 2 2
left_child=1 6 7 4 10 11 -1 -2 13 -8 -3 -5 -12 -9 -10 27 -11 -6 -13 -19 -20 22 -22 -24 -25 -23 -18 29 -29 -16
right_child=2 3 -4 5 17 -7 9 8 14 16 12 18 -14 -15 15 -17 26 19 20 -21 21 25 23 24 -26 -27 -28 28 -30 -31
leaf_value=-0.043167322580789064 0.03551411935550379 0.025085737046436265 0.048421828934659371 0.030321937717334949 -0.05839151979872808 -0.0069066664584768265 -0.0032362348459726259 -0.11080604316682514 0.025834540226892883 -0.057403277117520503 -0.0089481565175041321 0.0025744381855942588 0.0069460541865194667 0.056799862697728069 0.012102416143622471 0.029394708308492765 -0.027370287531837647 -0.020377125716930618 0.018797329004009738 -0.0092530887742432351 0.016113325455236093 0.035215257281622135 -0.077605999067654058 -0.022277951924199554 0.04407952390893069 -0.064144209453999318 -0.013721221099767903 0.030927658691471033 -0.000987556257658339 -0.050896195482795309
leaf_weight=9.3062285817076127 6.6567798383039216 4.2811306201219841 17.654072872872348 5.1198477698853813 0.69633610365781251 26.022660953609375 7.5527129933780079 0.33398449647939088 7.3707281487149912 1.2671339924963856 16.156855767200796 22.802643130180513 17.525019515574968 0.090676115360110998 0.88099426554981508 2.9944258884715955 18.857475425849774 15.533781927765629 14.388704067678193 29.65360933869033 2.2583752336795433 1.7914249368914168 0.49123694602167267 2.1684213894477584 0.39855660442844953 0.15161705570062611 9.7898253960811399 2.5000596868630947 6.9505650322826114 0.94564730083220638
leaf_count=47578 7372 2593 15990 4179 560 3429 4063 83 1859 1192 6362 4918 6787 27 193 1124 15395 6067 4040 6993 336 275 38 281 76 17 2312 430 1068 103
internal_value=1.25607e-10 -0.00664759 0.0295577 -0.00138896 -0.00652417 0.00430691 -0.0245731 0.0179635 0.0126692 -0.0199546 0.00222719 0.0101936 -0.000678238 -0.0750178 0.0143897 0.00847899 -0.0241756 -0.0137648 0.0078752 -0.0130771 0.0134586 0.00287719 -0.00610782 -0.0225173 -0.0119751 0.0274622 -0.0227059 0.00292529 0.00745527 -0.0205118
internal_weight=252.592 206.214 46.3779 159.44 83.8467 75.5935 46.7734 28.7239 22.0671 37.4671 37.963 49.5708 33.6819 0.424661 21.6424 14.2717 29.9144 45.8837 44.451 45.1874 21.6483 7.25963 5.31659 3.05821 2.56698 1.94304 28.6473 11.2773 9.45062 1.82664
internal_count=145740 117491 28249 46951 29362 17589 70540 12259 4887 22962 15742 14160 13149 110 4777 2918 18899 13620 9981 13060 5063 1023 731 395 357 292 17707 1794 1498 296
is_linear=0
shrinkage=0.05


Tree=86
num_leaves=31
num_cat=0
split_feature=0 0 0 0 2 0 2 0 2 2 2 0 0 2 0 2 1 1 0 2 0 2 1 1 1 0 2 2 0 2
split_gain=19.0598 7.55946 3.86421 1.85168 1.48587 2.07004 1.46635 1.28462 1.25081 1.03097 1.06437 0.93861 0.895126 0.712977 0.744374 0.653573 0.593626 0.923315 0.740506 0.619859 1.2547 0.568399 0.554135 0.54744 0.538344 0.514228 0.511176 0.494207 0.727786 0.478839
threshold=0.46230357885360723 0.034730579704046208 0.82601973414421093 0.0033585673663764502 0.11702127659574467 0.22442981600761411 0.034954407294832811 0.14647580683231354 0.50911854103343479 0.28115501519756841 0.29331306990881462 0.71332663297653209 0.028211694210767704 0.26595744680851069 0.13761152327060697 0.28419452887537999 0.63142892718315136 0.63068488240242015 0.67874166369438182 0.6185410334346505 0.61331856250762951 0.6656534954407296 0.69238144159317028 0.649233639240265 0.58640825748443615 0.063122712075710255 0.20820668693009117 0.94832826747720389 0.87031665444374096 0.016717325227963504
decision_type=2 2 2 2 2 2 2 2 2 2 2 2 2 2 2 2 2 2 2 2 2 2 2 2 2 2 2 2 2 2
left_child=1 3 9 24 7 13 12 25 -7 -2 11 15 22 14 -6 -11 17 -12 19 -18 -21 -22 -5 -23 -1 -3 -8 -4 -29 -27
right_child=2 4 27 6 5 8 26 -9 -10 10 16 -13 -14 -15 -16 -17 18 -19 -20 20 21 23 -24 -25 -26 29 -28 28 -30 -31
leaf_value=-0.047997354944227688 0.035317333237743824 -0.0048114357242885963 0.049502170142844019 -0.015542089240541145 -0.010459904316173191 0.0082365218064244794 -0.022503665820264064 0.024021341643367142 -0.010854472118323463 -0.075434157220772624 0.0069987807762390657 -0.12469728610304952 0.02811118461768174 -0.016754794983912445 0.0043119268113724621 0.056524843828045179 0.023336099380045647 -0.097256135205909283 0.045248687371220286 0.019032927363472049 -0.08987722708045251 -0.096451901120834502 0.0082167662905446946 0.016988468601632205 -0.028115316238659406 0.048628601738754051 -0.048983846453852058 -0.087314293425636624 0.051790635915974964 0.0066634037192255663
leaf_weight=7.210166923725863 6.6106786993041196 13.091164786003903 16.575858740608968 9.3868828599547651 26.298018091449649 38.082633537207585 22.998325523067709 9.1511900254808989 11.07484034814115 0.16652292618528264 8.0520386732387124 0.25698869675397873 1.8255907724160341 23.122850538743478 12.621332523609452 0.21495966060319915 7.2000864432629879 0.21812472131569016 2.6012106516645863 2.015770171725308 0.46545111799787253 0.14676975860493258 3.3229384754231424 0.38618457177653909 6.4508172932703474 0.71067637620945134 1.979360315156099 0.16467164902860432 0.21918294721399434 15.622033829096834
leaf_count=27087 7372 5665 15746 6731 7507 7709 11632 5953 1376 30 1839 69 807 5587 3161 74 1317 26 1036 336 47 14 487 99 24763 612 2237 31 213 6177
internal_value=3.65535e-11 -0.00654515 0.0293265 -0.0227405 -0.000795345 -0.00372856 -0.0172543 0.00766017 0.00393545 0.0180279 0.0127666 -0.0508351 -0.0046279 -0.00980093 -0.00566948 -0.00107726 0.0146925 0.00424907 0.0214319 0.0153666 -0.00367032 -0.0495079 -0.00933042 -0.0142518 -0.0386089 0.00257165 -0.0246021 0.0482033 -0.00788466 0.00848941
internal_weight=248.243 202.949 45.2945 53.1741 149.775 111.2 39.5131 38.5751 49.1575 28.3348 21.7241 0.638471 14.5354 62.0422 38.9194 0.381483 21.0856 8.27016 12.8155 10.2143 3.01418 0.998405 12.7098 0.532954 13.661 29.4239 24.9777 16.9597 0.383855 16.3327
internal_count=145740 117491 28249 73744 43747 25340 21894 18407 9085 12259 4887 173 8025 16255 10668 104 4714 1865 2849 1813 496 160 7218 113 51850 12454 13869 15990 244 6789
is_linear=0
shrinkage=0.05


Tree=87
num_leaves=31
num_cat=0
split_feature=0 0 0 0 2 2 1 0 2 2 2 2 0 2 3 0 0 1 2 1 2 2 1 0 2 2 1 1 1 1
split_gain=18.2492 7.66744 3.02721 2.58224 1.86764 1.80605 1.27841 1.16664 0.841602 0.835944 0.723853 0.710928 0.646033 0.598503 0.564767 0.511592 0.497022 0.49068 0.463407 0.519052 0.437175 0.427526 0.616696 0.411336 1.70774 0.414613 0.469651 0.534415 0.402639 0.693893
threshold=0.50552836060523998 0.017447809688746905 0.82601973414421093 0.097763065248727757 0.037993920972644361 0.21428571428571427 0.58475497364997875 0.19076523184776303 0.50000000000000011 0.33586626139817638 0.12006079027355622 0.074468085106382961 0.27195551991462713 0.56686930091185428 1.0000000180025095e-35 0.43697042763233185 0.034730579704046208 0.71210849285125744 0.14741641337386016 0.76125675439834606 0.0045592705167173007 0.94832826747720389 0.62778952717781078 0.67874166369438182 0.57294832826747732 0.60942249240121582 0.70021736621856701 0.69849663972854625 0.65760675072669994 0.65843093395233165
decision_type=2 2 2 2 2 2 2 2 2 2 2 2 2 2 2 2 2 2 2 2 2 2 2 2 2 2 2 2 2 2
left_child=1 6 13 4 20 11 -1 -7 15 14 -8 17 -13 -2 -6 -9 -16 -5 -18 -20 -3 28 -23 25 -25 -15 27 -27 -4 -30
right_child=2 3 21 5 9 7 10 8 -10 -11 -12 12 -14 23 16 -17 18 -19 19 -21 -22 22 -24 24 -26 26 -28 -29 29 -31
leaf_value=-0.040545351053580418 0.02541098136399755 0.047830526057520334 0.052249327180090448 0.016358798394809821 -0.058418442799781159 -0.01338424701275545 -0.015867087893930994 0.0034209767196128893 -0.0085574900317600278 -0.041996576019683804 -0.041159748415797573 0.0038599851165617032 0.018881738531256711 0.02822824349564822 -0.020145298991505706 0.020904171906092648 -0.0044990450444519501 0.044325462291494505 -0.017753813891496228 0.060803756190524444 0.0061538087885290174 -0.077574850688335181 0.051532821471126013 -0.10140557366160446 0.045388351416831951 -0.0072115902241448862 0.053105097665647333 -0.098841233845751719 -0.062366430879893901 0.037875695440080848
leaf_weight=12.701788810943524 14.680902417676409 0.66864553944105765 14.034695986047153 4.9824844137583559 0.65668790874769811 17.331768619912509 16.408770172278199 30.568644575407234 14.29977661239718 2.4999532592105416 3.4180493413797413 25.889154486547341 9.8921818211674672 1.0850811558775593 12.912000430169881 4.8478806910279664 23.138979240249682 2.2889080034365179 12.375927810920526 0.21390283043729219 10.673824203237016 0.16353176464326757 0.2129171697597485 0.22498917933262408 1.6595345085152073 3.7418828388472325 0.30712873331503932 0.16619576304219652 0.19271827384363938 1.6567207499720096
leaf_count=32820 9021 275 10916 5203 706 3373 23362 5010 1833 1803 7950 7628 3676 197 5861 947 8113 588 4042 29 5871 42 202 43 714 547 133 5 77 4753
internal_value=6.29171e-11 -0.00588724 0.0317737 -0.00170496 -0.00976591 0.00291778 -0.0281612 -0.00221374 0.00168044 -0.01379 -0.0202274 0.0109094 0.00801293 0.019624 -0.0123596 0.00581411 -0.0117377 0.0251622 -0.00869934 -0.0164191 0.00861068 0.0481114 -0.00455236 0.0077993 0.0278629 0.000665646 -0.00642953 -0.0111083 0.0493595 0.0274301
internal_weight=243.896 205.769 38.1263 173.241 63.1399 110.101 32.5286 67.0481 49.7163 51.7975 19.8268 43.0527 35.7813 21.8657 49.2975 35.4165 48.6408 7.27139 35.7288 12.5898 11.3425 16.2606 0.376449 7.18481 1.88452 5.30029 4.21521 3.90808 15.8841 1.84944
internal_count=145740 119090 26650 54958 26700 28258 64132 11163 7790 20554 31312 17095 11304 10660 18751 5957 18045 5791 12184 4071 6146 15990 244 1639 757 882 685 552 15746 4830
is_linear=0
shrinkage=0.05


Tree=88
num_leaves=31
num_cat=0
split_feature=0 0 0 3 2 0 0 2 2 2 2 0 3 2 1 2 0 2 0 1 2 1 0 0 1 1 0 0 1 0
split_gain=17.1647 6.49979 5.41308 1.57564 1.47476 1.72826 1.45178 1.41069 0.969706 0.958219 0.944438 0.741579 0.580036 0.525853 0.513538 0.465263 0.524554 0.4379 0.581855 0.425461 0.42507 0.415513 0.377753 0.375157 0.373059 0.742987 0.882377 0.477278 0.912515 0.541656
threshold=0.28059782087802893 0.82601973414421093 0.012967582792043651 1.0000000180025095e-35 0.080547112462006062 0.076357886195182759 0.086707472801208454 0.3860182370820669 0.010638297872340401 0.10486322188449847 0.25683890577507601 0.53543385863304149 1.0000000180025095e-35 0.63069908814589681 0.71982061862945568 0.39513677811550157 0.43697042763233185 0.94832826747720389 0.87031665444374096 0.76125675439834606 0.25987841945288753 0.72975400090217601 0.19076523184776303 0.034730579704046208 0.73398017883300792 0.69238144159317028 0.80964821577072155 0.46230357885360723 0.69849663972854625 0.34957543015480042
decision_type=2 2 2 2 2 2 2 2 2 2 2 2 2 2 2 2 2 2 2 2 2 2 2 2 2 2 2 2 2 2
left_child=2 7 9 -4 6 20 8 24 -5 12 -7 15 -1 22 -8 16 -9 -3 -19 -13 23 -14 -12 -6 25 -2 27 29 -29 -27
right_child=1 17 3 4 5 10 14 11 -10 -11 13 19 21 -15 -16 -17 -18 18 -20 -21 -22 -23 -24 -25 -26 26 -28 28 -30 -31
leaf_value=-0.055041198930029012 0.021770915580326816 0.049408404333078346 -0.057451148807659405 0.024061439284288857 -0.024233016582427918 0.0014679977821396143 0.014176600878297302 -0.059962655455882898 -0.0052240435576486584 -0.046269575938681001 -0.014131710469873941 0.01649377870218768 -0.024425650172477147 -0.036887837214413424 0.04131389864663839 -0.00018505221348594778 0.033733475700529432 -0.072168574429705021 0.051764125970113574 -0.041376273659449819 -0.035341614313837255 0.001893554795189787 -0.0023467858821371456 -0.01151659354865713 0.03744575817877939 0.016629314707836323 -0.13250826274498592 -0.025340494994342364 0.047300477390631077 -0.015658399201184052
leaf_weight=1.4386821307102824 23.889139539191095 15.135289867244861 1.4328573428342668 3.2056852471287156 9.0924783281398103 38.89734494604545 6.2510482976467738 0.64484603606979973 23.907898221958021 6.7425250883818526 14.836666401874941 10.165456979688312 16.828555737888113 1.7650009664303059 2.4175507473992184 18.283991980533756 0.19441409080172889 0.17426780565438171 0.20744466262840433 0.32785162200161799 3.2488410481910242 1.6463160360008249 12.552847117880445 16.016739096691708 2.5203429216053328 2.24664406737429 0.11694454692769785 0.61007176554994691 1.4839203560550229 3.0792826179240365
leaf_count=2737 13258 15746 1558 1331 4105 10551 4359 75 11966 17910 3027 2562 39895 360 421 2570 35 31 213 82 2626 386 1933 5265 683 396 45 209 836 569
internal_value=1.31277e-10 0.019062 -0.00940488 -0.0053009 -0.00473563 -0.007953 0.00393309 0.0119795 -0.00176157 -0.0299778 -0.00363153 0.00400484 -0.0244616 -0.0104352 0.0217448 -0.00185596 -0.038258 0.0480745 -0.00481637 0.0146857 -0.0183234 -0.0220803 -0.00873058 -0.0161214 0.018937 0.0174526 0.00376523 0.00591302 0.026137 -0.00203842
internal_weight=239.361 79.0799 160.281 133.625 132.192 96.4099 35.7822 63.5629 27.1136 26.6561 68.0519 29.6166 19.9136 29.1545 8.6686 19.1233 0.83926 15.517 0.381712 10.4933 28.3581 18.4749 27.3895 25.1092 33.9463 31.426 7.53686 7.41992 2.09399 5.32593
internal_count=145740 37310 108430 47502 45944 27867 18077 21320 13297 60928 15871 5324 43018 5320 4780 2680 110 15990 244 2644 11996 40281 4960 9370 15996 15313 2055 2010 1045 965
is_linear=0
shrinkage=0.05


Tree=89
num_leaves=31
num_cat=0
split_feature=0 0 0 0 2 0 2 2 2 0 1 2 1 2 2 0 2 0 0 0 0 2 2 0 1 0 2 0 0 2
split_gain=16.8479 7.10107 3.06362 2.51401 1.86109 1.49739 1.43985 1.2224 0.853013 0.722289 0.681974 0.602171 0.556279 0.496577 0.493499 0.482718 0.471509 0.466854 0.422723 0.416513 0.414435 0.397252 0.390614 0.582612 0.458557 0.388287 0.374417 0.372424 0.369781 0.785139
threshold=0.50552836060523998 0.069346737116575172 0.82601973414421093 0.0052666356787085507 0.095744680851063815 0.27195551991462713 0.041033434650455912 0.34650455927051677 0.21428571428571427 0.020618690177798254 0.50910788774490368 0.42097264437689969 0.58475497364997875 0.84650455927051682 0.43009118541033436 0.59754621982574474 0.25987841945288753 0.15662564337253568 0.19076523184776303 0.0057697277516126008 0.13761152327060697 0.32978723404255322 0.013677811550151952 0.012967582792043651 0.71982061862945568 0.019843388348817801 0.12006079027355622 0.034730579704046208 0.67874166369438182 0.60942249240121582
decision_type=2 2 2 2 2 2 2 2 2 2 2 2 2 2 2 2 2 2 2 2 2 2 2 2 2 2 2 2 2 2
left_child=1 3 11 12 17 8 9 21 20 19 -8 -2 -1 18 15 -13 27 -3 -10 -5 -6 -7 23 -21 25 -24 -14 -12 29 -16
right_child=2 4 -4 6 5 7 10 -9 13 -11 16 14 26 -15 28 -17 -18 -19 -20 22 -22 -23 24 -25 -26 -27 -28 -29 -30 -31
leaf_value=-0.0453843452765006 0.027925762821230909 0.011343550524574527 0.048940289122745805 0.023605575817950177 -0.0047301384413769845 0.013332103013400043 -0.042413018901388759 -0.0018383667340058131 -0.014662025546167587 0.0092288702143587947 -0.020050346412201631 -0.058327486257699283 -0.021284591681848736 -0.063452497351214693 0.025927974647182928 0.025772470965942124 -0.036454509722077706 0.029149684561792677 -0.0035695708321404267 -0.020974230077238202 0.007124630370904903 0.039891875092219371 -0.025086871147289309 0.019755689062880166 0.012694434150021406 -0.081603701959979624 -0.048549361956741005 -0.0099630925810097765 0.03055583911129868 -0.0064715049031775678
leaf_weight=7.5309367661013757 10.294036603649149 10.891516627278181 14.826818564273706 0.80115530826788273 15.686836675118686 19.305689645014358 2.7096416962458525 20.944542626277325 20.359737695689546 8.5961931610818265 18.203975543526667 0.47781368342111719 6.5606405557482486 0.43963825627724773 3.4544832709361781 0.26539610291365534 2.7480431737067184 5.5604802796333379 14.856189665533746 1.8202888894256815 13.909581909170809 1.518594246925203 3.9190004627266717 1.696078502516684 0.76022520317928854 0.32945204353563884 1.5582736838288154 18.397966493536842 2.5083956335074618 4.0763273281991133
leaf_count=27728 8096 5197 15990 289 4350 5302 2847 2983 4603 4930 8817 53 19348 96 680 88 2545 4774 2344 1150 4200 283 3135 668 100 145 6910 6346 1058 685
internal_value=1.8179e-11 -0.00568496 0.0315264 -0.0177499 0.00170527 -0.000701549 -0.0130935 0.00669067 -0.00543342 -0.0012262 -0.0181504 0.0192762 -0.0355965 -0.0106419 0.0110183 -0.0282959 -0.0164797 0.0173617 -0.00998256 -0.0108629 0.000841309 0.015269 -0.0141021 -0.00132863 -0.0230698 -0.0294695 -0.0265176 -0.01498 0.0139288 0.00839057
internal_weight=235.008 199.105 35.9033 75.6319 123.473 107.021 59.982 41.7688 65.252 17.9224 42.0596 21.0765 15.6499 35.6556 10.7824 0.74321 39.35 16.452 35.2159 9.3262 29.5964 20.8243 8.52505 3.51637 5.00868 4.24845 8.11891 36.6019 10.0392 7.53081
internal_count=145740 119090 26650 84958 34132 24161 30972 8568 15593 10417 20555 10660 53986 7043 2564 141 17708 9971 6947 5487 8550 5585 5198 1818 3380 3280 26258 15163 2423 1365
is_linear=0
shrinkage=0.05


Tree=90
num_leaves=31
num_cat=0
split_feature=0 0 0 3 2 0 0 2 2 1 2 0 2 1 1 2 0 2 0 2 0 0 2 2 2 2 1 1 1 2
split_gain=16.0162 5.79587 4.92902 1.50455 1.35628 1.78871 1.32882 1.29897 1.01323 1.6168 0.938035 0.923696 0.8944 0.832527 0.633705 0.570575 0.562075 0.55363 0.502976 0.434236 0.429475 0.419859 0.396282 0.394758 0.370913 0.368907 0.49246 0.377302 0.538429 0.58024
threshold=0.29002925753593445 0.82601973414421093 0.012967582792043651 1.0000000180025095e-35 0.080547112462006062 0.055575609207153313 0.071581516414880711 0.28115501519756841 0.29331306990881462 0.70994800329208385 0.010638297872340401 0.53543385863304149 0.25683890577507601 0.58475497364997875 0.69694155454635631 0.6656534954407296 0.14647580683231354 0.42097264437689969 0.46230357885360723 0.28875379939209728 0.13349515944719312 0.0015143654309213003 0.016717325227963504 0.12006079027355622 0.25987841945288753 0.94832826747720389 0.62778952717781078 0.65760675072669994 0.65843093395233165 0.25075987841945291
decision_type=2 2 2 2 2 2 2 2 2 2 2 2 2 2 2 2 2 2 2 2 2 2 2 2 2 2 2 2 2 2
left_child=2 7 13 -4 6 24 10 18 9 14 -5 15 16 21 19 -10 -7 -13 -2 -9 -14 -1 -23 -15 -6 27 -27 -3 -29 -30
right_child=1 25 3 4 5 12 -8 8 11 -11 -12 17 20 23 -16 -17 -18 -19 -20 -21 -22 22 -24 -25 -26 26 -28 28 29 -31
leaf_value=-0.049953561385733383 0.017519182888841842 0.052160119392085404 -0.057516527546639142 0.022802802123718324 -0.019476011039378599 -0.0046011547037135359 0.018386514946843274 -0.068402768044599063 0.0064936057552476695 0.049193518710208217 -0.0065068673260357509 0.035728339475679237 -0.021305430603428967 -0.018117002164285571 -0.11111279842745479 -0.014345711482870033 0.0065841783834899061 0.013014228415594754 0.034909552837003657 0.024217543134918938 -0.0075699057882718732 -0.0088303030568989676 -0.039270016317260181 -0.039998641367593249 -0.044722394960663825 -0.067105750256172353 0.051497492557467772 -0.058164001215469212 -0.027574563287721832 0.051612986132174611
leaf_weight=5.3148205635861832 12.804925670352533 12.266883507727465 1.3566426653842416 3.138196927917309 16.855490922653193 26.733319804995062 10.835288880538426 0.3148957390221756 22.355610112943399 0.40961329323181417 20.978728962869354 3.8328678116959045 7.4824754477922424 12.534379649130868 0.46874312474392354 3.8503410281846291 19.368925610084261 8.9396931161318189 6.157120292496983 0.21157238102750853 23.769387903981624 1.5566089518324586 3.4147468900121112 2.4668014117686416 1.5922660368191817 0.16101017058827061 0.19175809163789381 0.16789124871138561 0.28675620112335298 1.196845556831249
leaf_count=25507 5409 10916 1565 1267 7035 7670 6054 113 3588 87 10842 1346 2448 22098 41 466 5437 2296 7372 69 3828 1523 4250 7550 1889 42 202 77 3077 1676
internal_value=-1.28714e-10 0.0192505 -0.00900364 -0.00513255 -0.00458904 -0.00766491 0.00384173 0.0123707 0.00730175 -0.0344164 -0.00269297 0.00880531 -0.00432847 -0.0292277 -0.0688289 0.00343176 9.81367e-05 0.0198304 0.023166 -0.0311813 -0.0108585 -0.0401837 -0.0297389 -0.0217152 -0.0216551 0.0478597 -0.00263529 0.0491395 0.0267033 0.0363073
internal_weight=231.015 73.6165 157.398 132.111 130.754 95.8019 34.9522 59.3454 40.3833 1.40482 24.1169 38.9785 77.3541 25.2874 0.995211 26.206 46.1022 12.7726 18.962 0.526468 31.2519 10.2862 4.97136 15.0012 18.4478 14.2711 0.352768 13.9184 1.65149 1.4836
internal_count=145740 36777 108963 48035 46470 28307 18163 20787 8006 310 12109 7696 19383 60928 223 4054 13107 3642 12781 182 6276 31280 5773 29648 8924 15990 244 15746 4830 4753
is_linear=0
shrinkage=0.05


Tree=91
num_leaves=31
num_cat=0
split_feature=0 0 0 0 2 0 2 2 2 1 0 2 0 2 2 2 1 0 1 1 2 0 1 0 0 1 2 1 1 1
split_gain=15.6165 6.67596 2.58901 2.27369 1.6492 1.37283 1.34401 1.21512 0.781207 0.769219 0.666885 0.60493 0.553671 0.464972 0.442169 0.427106 0.575936 0.402526 0.400552 0.394365 0.393953 0.638344 0.755303 0.634128 0.431318 1.1004 0.833589 0.495771 0.390349 0.387672
threshold=0.50552836060523998 0.069346737116575172 0.77798578143119823 0.0033585673663764502 0.11702127659574467 0.27195551991462713 0.025835866261398156 0.34650455927051677 0.42097264437689969 0.53183901309967052 0.018214993178844403 0.53951367781155024 0.15662564337253568 0.43009118541033436 0.12006079027355622 0.94832826747720389 0.62778952717781078 0.03127542510628701 0.69849663972854625 0.58640825748443615 0.60942249240121582 0.76115015149116527 0.625572830438614 0.67874166369438182 0.62835711240768444 0.66030469536781322 0.6656534954407296 0.59622156620025646 0.5879495143890382 0.73398017883300792
decision_type=2 2 2 2 2 2 2 2 2 2 2 2 2 2 2 2 2 2 2 2 2 2 2 2 2 2 2 2 2 2
left_child=1 3 8 19 12 11 10 -7 18 -8 -5 -6 -3 29 17 -4 -17 -11 -2 -1 21 -15 -23 24 27 -26 -27 -22 -21 -10
right_child=2 4 15 6 5 7 9 -9 13 14 -12 -13 -14 20 -16 16 -18 -19 -20 28 23 22 -24 -25 25 26 -28 -29 -30 -31
leaf_value=-0.046487667357517803 0.02494540972600361 0.0080809157428235624 0.048355098951286757 -0.0099225553917846789 -0.0045452693190026899 0.015180660896904827 -0.036575709423567075 -0.0023467700634368397 -0.00055364096382291958 -0.017281795891663135 0.012563358168695341 -0.025090030568465416 0.024508302537892764 0.027156812813349876 -0.022047146860824565 -0.068208363800692187 0.05153533815199754 -0.0051781235855025516 0.05330679521336279 0.054361520148876401 -0.038276721097681904 -0.17311406704909846 0.052823351875092274 0.040715834126058059 0.026966394179861981 -0.11867539249697763 0.0011958269486124454 0.014166686944817417 -0.030231180496109455 -0.077969329666655901
leaf_weight=6.0237351020530223 7.7175148462119996 14.016283080185532 14.484287056922764 7.0825799213596365 54.653144930334747 19.224383116146782 4.7345768235027199 20.361477375796312 0.41584660086664271 14.457192196033931 6.1698258254900793 3.8343420131113808 8.0896795227054081 4.0556684667681093 15.689008773795875 0.18658872472588051 0.21743578191308188 13.087316863130125 1.4843768784921847 0.13977861517332701 0.55891510436777103 0.087299411883577593 0.06418702079099603 0.88627006444585266 0.44660217680211622 0.40385182328463998 0.22630073047184851 2.3264744567932212 5.5966481181833387 0.26461749349255115
leaf_count=27087 5921 6317 17307 4296 12943 5016 5527 2983 89 7242 3355 891 5982 962 7789 46 236 4899 914 448 65 22 38 405 100 29 63 428 24315 25
internal_value=-1.01672e-10 -0.00548821 0.0313397 -0.0174165 0.00175543 -0.00102537 -0.0135485 0.00616521 0.0190747 -0.0174425 0.000546047 -0.00589215 0.0140925 0.00920204 -0.0153472 0.0469407 -0.00376533 -0.0115309 0.0295204 -0.0375526 0.0121973 0.0233927 -0.0773811 0.00248263 -0.00606954 -0.0330748 -0.0756272 0.00400812 -0.0281699 -0.0306589
internal_weight=226.986 193.16 33.8262 72.9807 120.179 98.0733 61.2205 39.5859 18.9379 47.9681 13.2524 58.4875 22.106 9.73603 43.2335 14.8883 0.404025 27.5445 9.20189 11.7602 9.05557 4.20715 0.151486 4.84841 3.96214 1.07675 0.630153 2.88539 5.73643 0.680464
internal_count=145740 119090 26650 84958 34132 21833 33108 7999 9061 25457 7651 13834 12299 2226 19930 17589 282 12141 6835 51850 2112 1022 60 1090 685 192 92 493 24763 114
is_linear=0
shrinkage=0.05


Tree=92
num_leaves=31
num_cat=0
split_feature=0 0 0 0 2 2 0 2 0 0 1 2 2 1 1 0 1 2 0 2 0 1 0 2 2 1 1 0 1 2
split_gain=14.7404 6.44159 2.92963 2.25651 1.64987 1.46382 1.3311 1.06145 0.782953 0.650547 0.776538 0.615146 0.590517 0.571962 0.539663 0.520674 0.494062 0.485976 0.819489 0.547934 0.796413 0.722536 0.600839 0.479384 0.677458 0.459572 0.898409 0.451783 1.03154 0.759631
threshold=0.50552836060523998 0.076357886195182759 0.77798578143119823 0.0052666356787085507 0.34194528875379943 0.041033434650455912 0.27195551991462713 0.10790273556231002 0.020618690177798254 0.19076523184776303 0.70378968119621288 0.42097264437689969 0.25987841945288753 0.71982061862945568 0.77665513753891002 0.034730579704046208 0.63903754949569713 0.44832826747720361 0.59754621982574474 0.60942249240121582 0.76115015149116527 0.63596329092979442 0.67874166369438182 0.43920972644376904 0.43009118541033436 0.69849663972854625 0.69694155454635631 0.62835711240768444 0.66030469536781322 0.6656534954407296
decision_type=2 2 2 2 2 2 2 2 2 2 2 2 2 2 2 2 2 2 2 2 2 2 2 2 2 2 2 2 2 2
left_child=1 3 11 16 6 8 7 -3 -5 14 -11 25 15 -12 -6 -7 -1 18 23 20 -19 -22 27 24 -13 26 -2 -21 -29 -30
right_child=2 4 -4 5 9 12 -8 -9 -10 10 13 17 -14 -15 -16 -17 -18 19 -20 22 21 -23 -24 -25 -26 -27 -28 28 29 -31
leaf_value=-0.041009415179958195 0.024943594538931978 0.013236959006238816 0.048019880630261282 -0.010659680572595883 -0.017828042798630175 -0.021763456449914891 0.016677665992164081 -0.0019631050740699452 0.010380186010526329 -0.0069180680284733403 0.043843594265663241 -0.057221926869235877 -0.037219592477886664 0.0038207225411257886 -0.097297003796211617 -0.010374789153259754 -0.021208496820213377 0.033835655937490348 0.038689877825792113 0.0047958135464407281 -0.17201405100180775 0.052696215864851265 0.040672373408481462 -0.10327053285777406 0.050654330783912932 0.05304541984987287 -0.090544417890765588 0.026307489818712722 -0.11338426828204407 0.00090965140352967727
leaf_weight=9.6279148688503238 7.4351660209358688 15.76012044732124 14.212154248943987 9.0228670519434235 7.0470576356228767 18.819012271983866 21.679019157643779 42.345062404674081 8.6709471563385687 23.58172115433263 1.3147317636903597 0.45685883992700727 3.4580729544900342 2.7806860577693442 0.22031138965394337 21.503716899711435 4.6823861560744708 3.3244070842702045 0.42614712796057574 2.8597551656930595 0.091242756519932189 0.058842950878897682 0.85433375486172725 0.25615154352271929 0.21357057448767591 1.4496827741822924 0.17230171716073517 0.43365613615605958 0.41724977343983483 0.22311428803368472
leaf_count=43100 5883 7609 17589 5487 1789 10419 8194 10807 5226 3506 204 53 3189 412 9 8253 10886 799 161 493 20 33 405 21 49 914 38 100 29 63
internal_value=1.64178e-10 -0.00533604 0.0309138 -0.0166483 0.00213634 -0.0124856 0.00610451 0.00215967 -0.000348983 -0.00692366 -0.00342785 0.0178938 -0.0173905 0.0166691 -0.0202372 -0.01569 -0.0345305 0.00908594 -0.0186951 0.0136342 0.0287493 -0.0839136 0.00266586 -0.0450872 -0.0228571 0.0272445 0.0223279 -0.00558836 -0.0332379 -0.0735622
internal_weight=223.398 190.514 32.8846 75.7849 114.729 61.4746 79.7842 58.1052 17.6938 34.9445 27.6771 18.6725 43.7808 4.09542 7.26737 40.3227 14.3103 9.61533 1.35273 8.2626 3.47449 0.150086 4.78811 0.926581 0.670429 9.05715 7.60747 3.93378 1.07402 0.640364
internal_count=145740 119090 26650 86560 32530 32574 26610 18416 10713 5920 4122 9061 21861 616 1798 18672 53986 2226 284 1942 852 53 1090 123 102 6835 5921 685 192 92
is_linear=0
shrinkage=0.05


Tree=93
num_leaves=31
num_cat=0
split_feature=0 0 0 0 2 2 2 1 0 2 2 0 1 3 0 2 1 2 1 2 1 0 2 2 0 2 0 2 0 1
split_gain=14.9483 7.58794 2.21073 1.52723 1.74111 1.54859 1.20278 0.829436 0.634448 0.852737 0.586734 0.518959 0.449879 0.446698 0.442796 1.14625 0.819966 0.740107 0.533629 0.411981 0.438185 0.385501 0.383894 0.375898 0.846434 0.372811 0.386692 0.544474 0.392615 0.37047
threshold=0.67874166369438182 0.076357886195182759 0.0033585673663764502 0.29002925753593445 0.18996960486322187 0.37234042553191499 0.092705167173252265 0.625572830438614 0.015794936567544902 0.010638297872340401 0.6185410334346505 0.59754621982574474 0.73398017883300792 1.0000000180025095e-35 0.62835711240768444 0.67477203647416417 0.67302045226097118 0.94832826747720389 0.67101377248764049 0.080547112462006062 0.71210849285125744 0.094962753355503013 0.84650455927051682 0.6656534954407296 0.40115310251712805 0.19300911854103345 0.18435971438884732 0.38145896656534961 0.19076523184776303 0.53806993365287792
decision_type=2 2 2 2 2 2 2 2 2 2 2 2 2 2 2 2 2 2 2 2 2 2 2 2 2 2 2 2 2 2
left_child=1 2 29 4 19 12 8 -8 -4 -10 11 -7 -5 -6 16 -16 18 -18 23 20 -3 -22 25 24 -12 -15 -27 -28 -29 -1
right_child=-2 3 6 5 13 10 7 -9 9 -11 14 -13 -14 22 15 -17 17 -19 -20 -21 21 -23 -24 -25 -26 26 27 28 -30 -31
leaf_value=-0.050937385870661225 0.045075833067106878 0.0091723740829057401 -0.016235885917468964 0.016808578268674382 -0.062916458496328806 0.0038041958215855529 -0.03089733652224555 -0.013126080191963369 0.024381431499169819 -0.0056045288429692683 -0.028296132926586684 0.033509794638009481 0.042248040983917032 -0.062336418504286228 -0.082607092935868875 0.025524063118914798 0.051709266776962762 -0.020478859917593795 -0.079673677513869279 0.0038742469257293331 -0.0010323358558301449 0.042324317433446494 -0.052313885432191704 -0.018581442772309106 0.047910746220308956 -0.01128558204741173 0.0049220512760796082 -0.062056066714966246 -0.0096289882014521464 -0.031031186690065
leaf_weight=3.3510226534385747 16.972770291507913 7.0252469582337636 12.39307583286495 24.926854989418647 0.36560586031009634 15.42433154625906 11.727209161982275 14.91804586506032 2.6585701994281434 21.914032750741399 0.70386643020901629 1.6251835045040923 1.8681240275764128 0.30074461243930173 0.62623752202489391 0.40267582492379006 1.0267900765611555 0.54273864800052241 0.29408967227209348 25.133827705994918 0.66664202170795794 2.2200202199892374 0.47028442982809693 3.9118297541572247 0.75544284746865742 20.338199271333906 12.370327166667268 0.37683258667311648 6.8211674137091904 7.7264577683061475
leaf_count=14740 20787 5119 8151 11269 245 2498 9600 4261 1145 11553 69 502 521 65 63 106 256 74 21 8286 122 470 90 478 133 4616 2335 71 984 37110
internal_value=-6.68334e-11 -0.0037709 -0.0164392 0.00360973 -0.000906487 0.0102044 -0.0128495 -0.0209476 -0.0070122 -0.00236027 0.00133612 0.00663577 0.0185822 -0.00789557 -0.00959808 -0.0402889 -0.0052333 0.0267468 -0.0140933 0.00727865 0.0159112 0.0323116 -0.00740105 -0.0105025 0.011154 -0.00687572 -0.00645776 -0.00144 -0.0123737 -0.037053
internal_weight=219.858 202.885 74.6884 128.197 76.0889 52.1082 63.6109 26.6453 36.9657 24.5726 25.3132 17.0495 26.795 41.0432 8.26367 1.02891 7.23476 1.56953 5.66523 35.0457 9.91191 2.88666 40.6776 5.37114 1.45931 40.2073 39.9065 19.5683 7.198 11.0775
internal_count=145740 124953 86560 38393 22403 15990 34710 13861 20849 12698 4200 3000 11790 8406 1200 169 1031 330 701 13997 5711 592 8161 680 202 8071 8006 3390 1055 51850
is_linear=0
shrinkage=0.05


Tree=94
num_leaves=31
num_cat=0
split_feature=0 0 0 2 2 0 2 2 2 0 3 2 2 0 0 2 1 1 0 1 0 1 0 2 2 0 0 1 1 1
split_gain=14.193 7.26202 2.44033 1.56352 1.38234 1.70437 0.903292 0.902124 0.659099 0.646275 0.569649 0.568421 0.540115 0.604101 0.494882 0.452807 0.50202 0.471411 0.371505 0.432619 0.371266 0.405793 0.345474 0.430725 0.345541 0.328991 0.318308 0.677831 0.335654 0.605885
threshold=0.67874166369438182 0.097763065248727757 0.015034950338304003 0.080547112462006062 0.21428571428571427 0.38956686854362493 0.10486322188449847 0.58054711246200619 0.010638297872340401 0.23900526762008667 1.0000000180025095e-35 0.33586626139817638 0.61550151975683909 0.19076523184776303 0.03127542510628701 0.077507598784194512 0.71982061862945568 0.77665513753891002 0.030307614244520605 0.66415631771087658 0.37083931267261511 0.59403675794601452 0.59754621982574474 0.28115501519756841 0.28419452887537999 0.045587463304400409 0.61331856250762951 0.64842572808265697 0.68819844722747814 0.6795758605003358
decision_type=2 2 2 2 2 2 2 2 2 2 2 2 2 2 2 2 2 2 2 2 2 2 2 2 2 2 2 2 2 2
left_child=1 2 6 8 9 12 10 22 -4 15 -1 14 13 -6 18 16 -3 -17 19 -5 21 -14 23 -7 -25 -10 -9 -28 29 -29
right_child=-2 4 3 11 5 7 -8 26 25 -11 -12 -13 20 -15 -16 17 -18 -19 -20 -21 -22 -23 -24 24 -26 -27 27 28 -30 -31
leaf_value=-0.054994540557684761 0.0447742913429581 0.010446849580538129 0.02290274279108323 -0.030463635737773893 -0.01169549409025528 0.030611251658598338 -0.04458664970653483 0.0018587533827961523 -0.007779635513650413 0.020471284734808845 -0.020170087890274538 -0.040735426675745007 -0.046874860738452616 0.00081696711048382525 -0.011241853126784584 0.0051920681109150152 0.042906464821772829 -0.037281296815527311 -0.063007232086736448 -0.00035847652597990963 -0.058163104286315354 -0.0075195694385553034 0.034235597703094964 -0.055341854786219682 0.011021807693754876 0.0044786101853888389 0.014488858827702037 -0.036079846780755299 0.0030086611463507572 -0.1334557028861578
leaf_weight=1.2556657094983226 16.359497828834719 4.2812555690634353 2.8500107214076733 4.609047776995566 14.653546671959701 3.1608918669080657 6.0295254627988575 6.1238494275603435 13.009588946111991 14.392614970915018 18.122252643391221 2.1919721411065884 0.83555084898034637 28.230213380418718 25.656294712777708 19.877444020117768 1.6503473964403381 0.67549189226701756 0.62846230973855188 1.6102543876222624 0.60440692596603174 3.0310877560095832 2.4626111967809257 0.19928571270429429 12.44796169066103 9.4490373663311384 0.71715538817807079 0.52906261839234503 0.23415160775039112 0.22884158900706097
leaf_count=2798 20787 3198 1276 2967 3151 835 18365 954 7482 9883 41367 1866 218 4897 9322 6497 311 77 229 425 49 443 929 38 2329 4735 146 71 73 22
internal_value=3.36263e-11 -0.00366705 -0.0146974 -0.0091979 0.00457294 0.000471789 -0.0276855 0.0107297 0.000252157 0.0119429 -0.0224267 -0.0160911 -0.0051828 -0.00345859 -0.0144292 0.00730834 0.0194781 0.00379614 -0.0263711 -0.022669 -0.0217204 -0.0160239 0.0168158 0.0141022 0.0099761 -0.00262221 -0.00346617 -0.0225446 -0.049316 -0.0654815
internal_weight=216.107 199.748 85.4121 60.0047 114.336 73.4586 25.4074 26.1038 25.3086 40.8772 19.3779 34.696 47.3548 42.8838 32.5041 26.4845 5.9316 20.5529 6.84776 6.2193 4.47105 3.86664 18.2708 15.8081 12.6472 22.4586 7.83306 1.70921 0.992056 0.757904
internal_count=145740 124953 90832 28302 34121 14155 62530 5397 13493 19966 44165 14809 8758 8048 12943 10083 3509 6574 3621 3392 710 661 4131 3202 2367 12217 1266 312 166 93
is_linear=0
shrinkage=0.05


Tree=95
num_leaves=31
num_cat=0
split_feature=0 0 0 2 2 0 2 0 2 2 3 2 0 1 2 0 1 1 0 0 0 2 1 2 2 2 0 0 0 1
split_gain=12.7306 5.28777 4.27078 1.57294 1.38569 1.7323 1.01042 0.980175 0.848356 0.730146 0.563546 0.522695 0.604674 0.474932 0.432536 0.508557 0.398472 0.443072 0.559229 0.402023 0.55498 0.4706 0.518906 0.499741 0.399147 0.681501 0.418789 0.555237 0.358526 0.365486
threshold=0.29002925753593445 0.71332663297653209 0.015794936567544902 0.37234042553191499 0.080547112462006062 0.097763065248727757 0.21428571428571427 0.086707472801208454 0.10486322188449847 0.019756838905775054 1.0000000180025095e-35 0.33586626139817638 0.03127542510628701 0.71982061862945568 0.6185410334346505 0.59754621982574474 0.73398017883300792 0.69238144159317028 0.50552836060523998 0.34957543015480042 0.35948340594768524 0.12917933130699086 0.71982061862945568 0.13221884498480244 0.20212765957446807 0.20516717325227965 0.38956686854362493 0.49178516864776611 0.030307614244520605 0.68819844722747814
decision_type=2 2 2 2 2 2 2 2 2 2 2 2 2 2 2 2 2 2 2 2 2 2 2 2 2 2 2 2 2 2
left_child=2 3 8 16 7 11 -7 9 10 -4 -1 12 28 -9 15 -5 17 -2 19 -19 -21 -22 23 -23 -25 -26 -27 -28 29 -6
right_child=1 -3 4 14 5 6 -8 13 -10 -11 -12 -13 -14 -15 -16 -17 -18 18 -20 20 21 22 -24 24 25 26 27 -29 -30 -31
leaf_value=-0.054843309220168716 0.0212107660699009 0.04473592930594647 0.016700752184194086 0.0030665607780948284 -0.029959610748514894 0.005828808457015569 -0.0078002128657944873 0.012464061495997983 -0.043204665671781287 -0.0050836493062504174 -0.019571582566441245 -0.040289066148685326 -0.011226458707677939 0.039835636822925277 -0.0076450975655763366 0.029385629949343309 0.041997337523314235 0.01829006440024299 0.042837011084708575 -0.067918461642167305 0.058981329581263169 -0.11656422462064918 0.042409412008491965 0.047040157224596674 -0.10929568403135821 -0.044385447159299721 0.024152347436906498 -0.08555051191309504 -0.063983073841764868 0.0036324674309057229
leaf_weight=1.205798422769482 18.98901373139234 14.601892712104016 4.8868037671613882 14.93739965359419 4.9301300049839965 23.667698866867795 31.967102460472233 5.9019253080386971 5.9794482621048237 18.067366683719001 18.614480627443982 2.1329413573091633 25.34575053011622 2.1665539395762607 8.255517118428541 2.0925539581876356 1.784426120277202 1.7226592260121822 0.84799792100966431 0.38583562470739741 0.26857532258145544 0.12698524538427669 0.38930894721124776 0.23431288998108346 0.20010913163423527 0.59271233831532277 0.83407323743449524 0.13385038520209491 0.63500097355972673 0.96884845170188771
leaf_count=2822 10341 19721 2808 2498 3023 7668 6253 4490 18521 9637 41721 1848 9322 427 1334 717 543 340 574 49 264 9 86 88 12 51 133 17 229 194
internal_value=1.10664e-10 0.018161 -0.00823268 0.0106691 -0.00428486 -0.00743677 -0.00200227 0.00482335 -0.0266974 -0.000445882 -0.0217174 -0.016326 -0.0147228 0.0198139 0.00174738 0.00630051 0.0191788 0.017532 0.00535427 -0.00114789 -0.0117251 -0.00392584 -0.0106534 -0.0203883 -0.0142667 -0.0224252 -0.0112864 0.00898197 -0.0282852 -0.0244424
internal_weight=212.867 66.3972 146.47 51.7953 120.67 89.6475 55.6348 31.0226 25.7997 22.9542 19.8203 34.0127 31.8797 8.06848 25.2855 17.03 26.5099 24.7254 5.73642 4.88842 3.16576 2.77993 2.51135 2.12204 1.99506 1.76075 1.56064 0.967924 6.53398 5.89898
internal_count=145740 36777 108963 17056 45899 28537 13921 17362 63064 12445 44543 14616 12768 4917 4549 3215 12507 11964 1623 1049 709 660 396 310 301 213 201 150 3446 3217
is_linear=0
shrinkage=0.05


Tree=96
num_leaves=31
num_cat=0
split_feature=0 0 0 2 0 2 0 2 0 2 2 0 2 1 1 1 0 2 0 2 3 0 1 0 0 2 1 2 1 2
split_gain=12.3002 6.94479 2.33191 1.51184 1.49314 1.23226 0.998599 0.815594 0.625653 0.64003 0.595724 0.657153 0.585278 0.536501 0.462281 0.442685 0.380073 0.370625 0.359148 0.354463 0.354344 0.342911 0.43276 0.597709 0.338299 0.831836 0.626218 0.582154 0.357783 0.354656
threshold=0.67874166369438182 0.097763065248727757 0.0052666356787085507 0.28115501519756841 0.31918770074844366 0.095744680851063815 0.29002925753593445 0.10790273556231002 0.045587463304400409 0.013677811550151952 0.6185410334346505 0.59754621982574474 0.28419452887537999 0.59477972984313976 0.58475497364997875 0.71982061862945568 0.027232017368078152 0.25987841945288753 0.012967582792043651 0.84650455927051682 1.0000000180025095e-35 0.14232955873012543 0.72975400090217601 0.11401043087244031 0.62835711240768444 0.67477203647416417 0.67302045226097118 0.94832826747720389 0.67101377248764049 0.6656534954407296
decision_type=2 2 2 2 2 2 2 2 2 2 2 2 2 2 2 2 2 2 2 2 2 2 2 2 2 2 2 2 2 2
left_child=1 2 14 4 7 8 19 15 9 18 11 12 -8 16 -1 -3 -7 -18 -4 -5 -14 22 -9 -24 26 -26 28 -28 29 -12
right_child=-2 3 5 6 -6 13 10 21 -10 -11 24 -13 20 -15 -16 -17 17 -19 -20 -21 -22 -23 23 -25 25 -27 27 -29 -30 -31
leaf_value=-0.044113949517138859 0.043176586518444721 0.011887258588840953 -0.010929449984151289 -0.0084213336864216518 0.024944595369724959 -0.046447297326678239 -0.057421159422007997 -0.0022272333022035728 0.0051150698935778782 -0.012942418343189261 0.013162189269904293 0.033920029127815006 -0.06921927487970557 -0.014167665186889706 -0.025145671564914457 0.035129252897476572 -0.016144188668477246 -0.047187276803273781 0.01549858886824137 -0.052975920171248428 0.0071077879380485615 0.0051744826850629875 0.030458363446365062 -0.053994105410730554 -0.070309757951440705 0.023406165180511647 0.046979537624505761 -0.018259760767242349 -0.066549390466045022 -0.016620975649055833
leaf_weight=5.9545842651737058 15.290836028674674 8.9820066421307256 1.9955053121325388 21.678932187591275 13.616337289997317 2.2586191399395847 0.36273560518748738 8.3087990121994171 11.439575979399704 20.733253647731658 1.3649381670984428 2.2458401170006246 0.15308645732148818 23.749656006768873 6.9742743439823585 2.6541403211012939 4.7875634479480595 1.2031138224103868 3.6132331578655794 0.45578762095828906 22.620163230480095 21.268591664547785 0.272147460898849 0.91028500522952527 0.62349520705174633 0.3817656127284863 0.99996686250960898 0.51964416197733954 0.28153069410473097 3.7339540341636166
leaf_count=27728 20787 5834 1264 4157 8734 2798 64 2571 5794 12691 202 784 26 7695 26258 509 3548 1476 1580 95 4109 5919 39 80 63 106 256 74 21 478
internal_value=9.1098e-11 -0.00340061 -0.0143773 0.00474655 0.0105397 -0.0107635 -0.00110828 0.00591322 -0.00464867 -0.00888878 0.0043647 0.00809765 0.00559103 -0.0179833 -0.0338818 0.0171886 -0.0289685 -0.0223786 0.00609589 -0.00933878 0.0065947 0.00164785 -0.00625488 -0.0345566 -0.00762082 -0.0347195 -0.00367283 0.0246704 -0.0116779 -0.00864823
internal_weight=209.434 194.144 82.7094 111.434 56.0123 69.7805 55.4218 42.396 37.7816 26.342 33.2871 25.3818 23.136 31.999 12.9289 11.6361 8.2493 5.99068 5.60874 22.1347 22.7732 30.7598 9.49123 1.18243 7.90529 1.00526 6.90003 1.51961 5.38042 5.09889
internal_count=145740 124953 90832 34121 23686 36846 10435 14952 21329 15535 6183 4983 4199 15517 53986 6343 7822 5024 2844 4252 4135 8609 2690 119 1200 169 1031 330 701 680
is_linear=0
shrinkage=0.05


Tree=97
num_leaves=31
num_cat=0
split_feature=0 0 0 2 3 2 0 0 2 2 2 3 1 3 2 1 1 0 1 0 1 1 2 2 2 2 0 1 1 2
split_gain=11.5315 4.85904 4.02163 1.56657 1.29293 1.18365 1.42286 1.16799 0.88982 0.791956 0.621075 0.543897 0.368541 0.339598 0.335479 0.575018 0.813243 0.333832 0.506825 0.525251 0.445385 0.498621 0.330613 0.328521 0.424623 0.380894 0.336635 0.560217 0.557666 0.366289
threshold=0.29002925753593445 0.71332663297653209 0.015794936567544902 0.37234042553191499 1.0000000180025095e-35 0.12006079027355622 0.086707472801208454 0.097763065248727757 0.019756838905775054 0.10486322188449847 0.25683890577507601 1.0000000180025095e-35 0.73398017883300792 1.0000000180025095e-35 0.94832826747720389 0.62778952717781078 0.62705990672111522 0.50552836060523998 0.76125675439834606 0.69510814547538768 0.70378968119621288 0.72975400090217601 0.49088145896656538 0.60942249240121582 0.51823708206686947 0.42097264437689969 0.59754621982574474 0.58236119151115429 0.70378968119621288 0.50911854103343479
decision_type=2 2 2 2 2 2 2 2 2 2 2 2 2 2 2 2 2 2 2 2 2 2 2 2 2 2 2 2 2 2
left_child=2 3 9 12 -4 6 8 22 -6 11 -9 -1 -2 -5 -3 16 -16 20 23 -20 -15 -22 -7 24 25 -19 27 -27 29 -29
right_child=1 14 4 13 5 7 -8 10 -10 -11 -12 -13 -14 17 15 -17 -18 18 19 -21 21 -23 -24 -25 -26 26 -28 28 -30 -31
leaf_value=-0.054981347955082194 0.017490021526483109 0.045509911752982302 -0.057798404647410331 -0.070776862495292747 0.016273000263379269 -0.0161042518380894 0.015094591712919415 0.0028883567714036514 -0.0071057816332460904 -0.04267601839714056 -0.0085902329328486019 -0.019257981913501067 0.041583503003262919 -0.0062000805419952718 0.052567798533230396 0.051423362487825024 -0.16261583600245 0.030643867531163379 -0.0086306536937712907 -0.16502533097505845 0.042296989633235339 -0.0035799016576253534 -0.05613126002382432 0.00064974156151204878 0.03903314069082936 -0.10254924039866305 0.02759259077933925 0.042960241794416876 -0.045372584213400707 -0.057167012489988504
leaf_weight=1.1325031551309681 24.069623007017075 13.210177998062132 1.1089720121535709 0.16174137215785123 4.8113690649097434 21.992727171473692 15.333952143153509 22.181311506679776 26.415276334541886 5.649771322441949 25.141392329607697 18.008128786361908 1.6992337013653003 13.017525008654049 0.078394938784186574 0.23246410144201946 0.099809665640350431 1.1955688179295942 0.15596447478310516 0.081866410568181891 1.0864882997266243 1.3020633693595298 0.52827830298769995 3.8836580976349069 1.8480064401228444 0.17501979880034912 0.54123862495180208 0.51420151762431465 0.5074942169158021 0.11106935114366934
leaf_count=2822 11964 19402 1436 27 2698 9437 7701 6297 12850 18521 4829 41721 543 1997 48 267 4 367 59 5 221 204 651 806 468 21 183 121 53 17
internal_value=-4.1349e-11 0.0176321 -0.00792637 0.0104648 -0.00406571 -0.00355381 0.0026214 -0.00767044 -0.0035036 -0.0262269 -0.00320994 -0.0213716 0.0190788 0.00143499 0.0441264 -0.000378644 -0.0679533 0.00191327 0.00955594 -0.062465 -0.00255846 0.0172883 -0.0170432 0.0115077 0.0201265 0.00865051 -0.00557028 -0.019295 -0.0064317 0.0251742
internal_weight=206.275 63.9716 142.304 50.3508 117.513 116.404 46.5606 69.8437 31.2266 24.7904 47.3227 19.1406 25.7689 24.5819 13.6208 0.410669 0.178205 24.4202 9.01409 0.237831 15.4061 2.38855 22.521 8.77626 4.8926 3.04459 1.84902 1.30778 1.13277 0.625271
internal_count=145740 36777 108963 17056 45899 44463 23249 21214 15548 63064 11126 44543 12507 4549 19721 319 52 4522 2100 64 2422 425 10088 2036 1230 762 395 212 191 138
is_linear=0
shrinkage=0.05


Tree=98
num_leaves=31
num_cat=0
split_feature=0 0 0 0 2 0 2 2 0 1 1 2 2 0 2 2 2 2 1 1 1 2 2 1 1 2 2 0 1 2
split_gain=11.3711 5.1997 2.28102 1.64861 1.41218 1.54623 1.11807 0.946901 0.836968 0.780173 0.611148 0.525845 0.498639 0.561573 0.492494 1.0779 0.448124 0.445384 0.432167 0.427058 0.381245 0.37802 0.358637 0.357775 0.425889 0.519544 0.330069 0.426179 0.700525 0.382565
threshold=0.50552836060523998 0.051947942003607701 0.82601973414421093 0.0052666356787085507 0.12006079027355622 0.22442981600761411 0.34194528875379943 0.083586626139817613 0.14647580683231354 0.70378968119621288 0.63596329092979442 0.0045592705167173007 0.26595744680851069 0.13761152327060697 0.18085106382978725 0.18389057750759877 0.037993920972644361 0.12006079027355622 0.57919716835021984 0.71982061862945568 0.53806993365287792 0.32978723404255322 0.6656534954407296 0.65760675072669994 0.65843093395233165 0.25075987841945291 0.42097264437689969 0.80964821577072155 0.70378968119621288 0.44832826747720361
decision_type=2 2 2 2 2 2 2 2 2 2 2 2 2 2 2 2 2 2 2 2 2 2 2 2 2 2 2 2 2 2
left_child=1 3 14 17 8 12 21 11 16 -8 -9 -5 13 -6 -2 -16 -3 20 -10 -11 -1 -7 -14 -4 -25 -26 27 -17 -29 -28
right_child=2 4 23 7 5 6 9 10 18 19 -12 -13 22 -15 15 26 -18 -19 -20 -21 -22 -23 -24 24 25 -27 29 28 -30 -31
leaf_value=-0.045856554355037153 0.048537096182592061 0.021039578473673798 0.051620003066762704 0.023132604618859735 -0.0094560988335971978 0.010620551069827538 -0.0071472888761517327 -0.031369335125518497 -0.0093779990117115377 0.04580393596002949 -0.012175597777201209 -0.0085109786780321189 -0.013306747569586004 0.0050808463362735246 -0.15469962798061063 0.02732844430575438 0.0013701653865126218 -0.050847051734254238 0.02769848450784651 0.0070426542489839435 -0.022628674196246756 0.036645124577176925 -0.052779171216481194 -0.056531045829175654 -0.029874248682261385 0.051474932358395446 -0.014797570693559728 0.05342940673879229 -0.13068021437571151 0.01498869490071994
leaf_weight=2.3476161703388225 1.2737537819630294 3.5776179256572567 9.1263603393381327 1.3883693677830731 17.88781898559137 22.051484147847081 19.302666867597512 8.6128057522080343 0.8746706585679912 1.0319614772597554 7.999145516835596 24.147193390147322 18.168193221494224 10.568794053505369 0.091688311193140914 6.9660402396402814 15.192389939178609 2.8736936880984549 7.7483067680113891 2.2819823241225095 7.137129324376474 1.4896248842342164 0.59427339549983926 0.14708703028736536 0.25072355548036263 0.90371362051155302 1.2519557208288441 0.09630726947216306 0.11146544152870774 7.7576940834478592
leaf_count=11430 4903 2516 11040 586 5439 6158 3068 8045 1584 189 2531 15004 4592 3030 32 3002 6359 14491 5044 384 28065 329 246 77 3077 1796 329 143 16 2235
internal_value=1.20665e-10 -0.00472489 0.0296016 -0.0175439 0.00106061 -0.00186783 0.00463983 -0.0128352 0.011043 -0.00329946 -0.022127 -0.00679052 -0.0082292 -0.00405707 0.0185962 0.0162529 0.00511921 -0.0336026 0.0239376 0.0191129 -0.0283779 0.0122673 -0.014557 0.0481225 0.0235981 0.0338073 0.0172214 0.0252237 -0.0453413 0.0108497
internal_weight=203.253 175.276 27.9768 54.506 120.77 93.3768 46.1577 42.1475 27.393 22.6166 16.612 25.5356 47.2191 28.4566 17.5489 16.2752 18.77 12.3584 8.62298 3.31394 9.48475 23.5411 18.7625 10.4279 1.30152 1.15444 16.1835 7.17381 0.207773 9.00965
internal_count=145740 119090 26650 80152 38938 23435 10128 26166 15503 3641 10576 15590 13307 8469 10660 5757 8875 53986 6628 573 39495 6487 4838 15990 4950 4873 5725 3161 159 2564
is_linear=0
shrinkage=0.05


Tree=99
num_leaves=31
num_cat=0
split_feature=0 0 0 2 0 2 0 2 0 2 2 1 0 1 0 1 1 0 0 2 0 0 1 2 1 1 1 2 0 1
split_gain=11.2673 6.19447 1.8521 1.35224 1.62618 1.11608 0.938391 0.845152 0.770822 0.51201 0.480942 0.445995 0.438601 0.438416 0.377169 0.365068 0.607248 0.415443 0.389741 0.47296 0.781872 0.528605 0.471071 0.355606 0.347937 0.578545 0.702059 0.383672 0.337424 0.335476
threshold=0.67874166369438182 0.076357886195182759 0.0052666356787085507 0.19604863221884497 0.30849862098693853 0.041033434650455912 0.27195551991462713 0.37234042553191499 0.028211694210767704 0.18389057750759877 0.098784194528875366 0.58475497364997875 0.19076523184776303 0.48844014108181 0.0057697277516126008 0.71982061862945568 0.69238144159317028 0.50552836060523998 0.37083931267261511 0.20516717325227965 0.38956686854362493 0.49178516864776611 0.69537881016731273 0.0045592705167173007 0.61976194381713878 0.61346107721328746 0.61563205718994152 0.25683890577507601 0.034730579704046208 0.71982061862945568
decision_type=2 2 2 2 2 2 2 2 2 2 2 2 2 2 2 2 2 2 2 2 2 2 2 2 2 2 2 2 2 2
left_child=1 2 11 6 12 8 10 15 14 13 -3 -1 -5 -7 -4 16 24 18 22 -20 -21 -22 -18 -10 25 27 -27 -6 -15 -16
right_child=-2 3 5 4 7 9 -8 -9 23 -11 -12 -13 -14 28 29 -17 17 -19 19 20 21 -23 -24 -25 -26 26 -28 -29 -30 -31
leaf_value=-0.043653661096358133 0.043868955283511035 0.014731912267406826 0.025931850459989959 -0.012549024615442073 -0.0090694455393614416 -0.043990437362614904 0.025142995376149325 0.0010885034593565051 0.05986355645792113 -0.028189127869458926 0.0022582547195321577 -0.024313618733225927 -0.0020446303204191807 -0.017683944979963753 -0.015006355922746607 0.043254073031073002 -0.051813476693623489 0.033463611281367572 -0.1033679419864237 -0.072567439687084095 0.022856183412580056 -0.085257284602068495 0.043393424305157476 0.010893847731024454 0.026473572975032018 -0.088659727941083261 0.014944983480215291 0.027102134947608887 -0.0073303443285313895 0.01031916175729141
leaf_weight=5.4137755745425675 13.639358056176205 12.446307486176009 0.74267679259219477 19.728978780818579 1.0497654820501323 1.1235542319722061 9.0870108659219095 21.866178349453548 0.39812989506753993 7.0101102553314822 20.382778009482536 6.6335231910694574 20.022290979833997 14.8748343896566 8.3035097340208477 1.1782066858359019 0.18099161802092556 0.51755531219532702 0.19144628616049875 0.46140366571489699 0.78341347968671471 0.13212939107324928 0.46046987600857392 5.3861102566738737 6.793658977447194 0.31592319445917372 0.33894143500947393 2.4303084722050698 16.708604657498654 1.5520460130210256
leaf_count=27728 20787 6831 289 4936 484 1480 8097 3997 163 5583 6924 26258 3723 8319 6438 298 17 152 20 34 133 17 86 3613 1734 58 102 750 6479 210
internal_value=1.77286e-12 -0.00320803 -0.0152171 0.00370585 -0.000251251 -0.0113973 0.0109233 0.00733804 -0.000416402 -0.0159266 0.00698732 -0.0330046 -0.00725807 -0.0132984 -0.00842882 0.0165501 0.0142461 -0.00685948 -0.0163033 -0.029732 -0.0194939 0.00725346 0.0165303 0.0142644 0.0195134 0.00807789 -0.0350365 0.016191 -0.0122066 -0.0110181
internal_weight=200.154 186.515 68.1469 118.368 76.4517 56.0996 41.9161 36.7004 16.3825 39.7171 32.8291 12.0473 39.7513 32.707 10.5982 14.8342 13.656 2.72741 2.20985 1.56839 1.37695 0.915543 0.641461 5.78424 10.9286 4.13494 0.654865 3.48007 31.5834 9.85556
internal_count=145740 124953 86560 38393 16541 32574 21852 7882 10713 21861 13755 53986 8659 16278 6937 3885 3587 459 307 204 184 150 103 3776 3128 1394 160 1234 14798 6648
is_linear=0
shrinkage=0.05


end of trees

feature_importances:
als_score=1131
popularity=946
content_sim=766
genre_match=157

parameters:
[boosting: gbdt]
[objective: lambdarank]
[metric: ndcg]
[tree_learner: serial]
[device_type: cpu]
[data_sample_strategy: bagging]
[data: ]
[valid: ]
[num_iterations: 100]
[learning_rate: 0.05]
[num_leaves: 31]
[num_threads: 0]
[seed: 42]
[deterministic: 0]
[force_col_wise: 0]
[force_row_wise: 0]
[histogram_pool_size: -1]
[max_depth: -1]
[min_data_in_leaf: 20]
[min_sum_hessian_in_leaf: 0.001]
[bagging_fraction: 1]
[pos_bagging_fraction: 1]
[neg_bagging_fraction: 1]
[bagging_freq: 0]
[bagging_seed: 400]
[bagging_by_query: 0]
[feature_fraction: 1]
[feature_fraction_bynode: 1]
[feature_fraction_seed: 30056]
[extra_trees: 0]
[extra_seed: 12879]
[early_stopping_round: 0]
[early_stopping_min_delta: 0]
[first_metric_only: 0]
[max_delta_step: 0]
[lambda_l1: 0]
[lambda_l2: 0]
[linear_lambda: 0]
[min_gain_to_split: 0]
[drop_rate: 0.1]
[max_drop: 50]
[skip_drop: 0.5]
[xgboost_dart_mode: 0]
[uniform_drop: 0]
[drop_seed: 17869]
[top_rate: 0.2]
[other_rate: 0.1]
[min_data_per_group: 100]
[max_cat_threshold: 32]
[cat_l2: 10]
[cat_smooth: 10]
[max_cat_to_onehot: 4]
[top_k: 20]
[monotone_constraints: ]
[monotone_constraints_method: basic]
[monotone_penalty: 0]
[feature_contri: ]
[forcedsplits_filename: ]
[refit_decay_rate: 0.9]
[cegb_tradeoff: 1]
[cegb_penalty_split: 0]
[cegb_penalty_feature_lazy: ]
[cegb_penalty_feature_coupled: ]
[path_smooth: 0]
[interaction_constraints: ]
[verbosity: -1]
[saved_feature_importance_type: 0]
[use_quantized_grad: 0]
[num_grad_quant_bins: 4]
[quant_train_renew_leaf: 0]
[stochastic_rounding: 1]
[linear_tree: 0]
[max_bin: 255]
[max_bin_by_feature: ]
[min_data_in_bin: 3]
[bin_construct_sample_cnt: 200000]
[data_random_seed: 175]
[is_enable_sparse: 1]
[enable_bundle: 1]
[use_missing: 1]
[zero_as_missing: 0]
[feature_pre_filter: 1]
[pre_partition: 0]
[two_round: 0]
[header: 0]
[label_column: ]
[weight_column: ]
[group_column: ]
[ignore_column: ]
[categorical_feature: ]
[forcedbins_filename: ]
[precise_float_parser: 0]
[parser_config_file: ]
[objective_seed: 16083]
[num_class: 1]
[is_unbalance: 0]
[scale_pos_weight: 1]
[sigmoid: 1]
[boost_from_average: 1]
[reg_sqrt: 0]
[alpha: 0.9]
[fair_c: 1]
[poisson_max_delta_step: 0.7]
[tweedie_variance_power: 1.5]
[lambdarank_truncation_level: 30]
[lambdarank_norm: 1]
[label_gain: ]
[lambdarank_position_bias_regularization: 0]
[eval_at: ]
[multi_error_top_k: 1]
[auc_mu_weights: ]
[num_machines: 1]
[local_listen_port: 12400]
[time_out: 120]
[machine_list_filename: ]
[machines: ]
[gpu_platform_id: -1]
[gpu_device_id: -1]
[gpu_device_id_list: ]
[gpu_use_dp: 0]
[num_gpu: 1]

end of parameters

pandas_categorical:[]
